timestamp,actual_value,rolling_mean_15min,rolling_mean_30min,rolling_mean_60min,rolling_mean_120min
2026-08-31 10:24:00,39.04273,39.049985,39.0237504,38.87979696078431,38.68262254807692
2026-08-31 10:25:00,,39.06486708333333,39.0240325,38.8757124,38.68816941747573
2026-08-31 10:26:00,38.49661,39.03032875,39.00898958333333,38.86827901960784,38.69573490291262
2026-08-31 10:27:00,39.187515,39.02453166666667,39.021989375,38.87132401960785,38.697872718446604
2026-08-31 10:28:00,,39.01828,39.02575369565217,38.8708669,38.69547382352942
2026-08-31 10:29:00,38.80092,39.01777181818182,39.016385625,38.868007500000004,38.70087941176471
2026-08-31 10:30:00,38.79523,39.06220136363636,39.009943125,38.86658049019608,38.70179543689321
2026-08-31 10:31:00,,39.0723815,39.009943125,38.8794745,38.70385362745098
2026-08-31 10:32:00,39.75155,39.1398985,39.025568541666665,38.898949699999996,38.714174607843134
2026-08-31 10:33:00,39.53817,39.1661335,39.06492895833333,38.9270457,38.72793078431373
2026-08-31 10:34:00,39.98254,39.24035227272728,39.111690208333336,38.9488839,38.74631911764706
2026-08-31 10:35:00,39.76507,39.31964409090909,39.152125625,38.966196499999995,38.75662794117647
2026-08-31 10:36:00,39.21392,39.31083375,39.15206729166666,38.9777171,38.75295122549019
2026-08-31 10:37:00,38.65193,39.222334583333335,39.11553208333333,38.97132911764706,38.75161725490196
2026-08-31 10:38:00,38.77822,39.167033749999995,39.1020396,38.97319950980392,38.75187553398059
2026-08-31 10:39:00,38.72593,39.14063375,39.0934964,38.973486960784314,38.75104577669903
2026-08-31 10:40:00,39.30553,39.15331807692308,39.1108616,38.99915039215686,38.761131019417476
2026-08-31 10:41:00,39.07881,39.19810269230769,39.1175712,39.0096162745098,38.77712980582525
2026-08-31 10:42:00,39.78138,39.24378461538461,39.1385432,39.042200882352944,38.795495339805825
2026-08-31 10:43:00,39.52933,39.264180714285715,39.155984399999994,39.05156875,38.8156818446602
2026-08-31 10:44:00,39.55695,39.31818285714286,39.186002,39.07498855769231,38.82637854368932
2026-08-31 10:45:00,39.15111,39.343602857142855,39.2197862,39.070571442307696,38.831746310679605
2026-08-31 10:46:00,,39.343602857142855,39.23059395833334,39.061200098039215,38.83200725490196
2026-08-31 10:47:00,39.76588,39.344626428571424,39.259323125,39.07785911764706,38.84107398058253
2026-08-31 10:48:00,39.89843,39.37035928571429,39.285265208333335,39.10427166666667,38.860601650485435
2026-08-31 10:49:00,,39.32326846153846,39.285265208333335,39.1138841,38.870317598039215
2026-08-31 10:50:00,39.47646,39.30106769230769,39.309581875,39.137970700000004,38.877973088235294
2026-08-31 10:51:00,39.12203,39.29399923076923,39.3020798,39.1331201,38.87510352941176
2026-08-31 10:52:00,39.07002,39.32616,39.2763238,39.126974499999996,38.880056960784316
2026-08-31 10:53:00,38.44035,39.30017,39.2362646,39.1187829,38.8782362745098
2026-08-31 10:54:00,,39.34802333333334,39.24432854166667,39.13178867346939,38.8782362745098
2026-08-31 10:55:00,38.85317,39.31032666666667,39.2286822,39.128445612244896,38.881630392156865
2026-08-31 10:56:00,38.71822,39.280277500000004,39.2375466,39.12560030612245,38.88004388349514
2026-08-31 10:57:00,39.05071,39.219388333333335,39.2320744,39.12917561224489,38.88637650485437
2026-08-31 10:58:00,,39.19121181818182,39.2320744,39.13321239583333,38.886498333333336
2026-08-31 10:59:00,39.28605,39.16658454545455,39.2514796,39.136331530612246,38.89509029411765
2026-08-31 11:00:00,39.240835000000004,39.174741363636365,39.2693038,39.14227,38.89935318627451
2026-08-31 11:01:00,,39.174741363636365,39.2693038,39.14227,38.904900445544556
2026-08-31 11:02:00,39.06296,39.110839545454546,39.2417602,39.135870408163264,38.90887183168317
2026-08-31 11:03:00,39.16867,39.04449772727273,39.2269802,39.1476081632653,38.91712866336634
2026-08-31 11:04:00,39.407785000000004,39.07477166666667,39.20399,39.15878193877551,38.92161118811881
2026-08-31 11:05:00,,39.03825454545454,39.180611666666664,39.16636864583334,38.917473199999996
2026-08-31 11:06:00,38.85035,39.01355636363637,39.16546291666667,39.15876510416667,38.917073499999994
2026-08-31 11:07:00,38.990465,39.00632409090909,39.17956854166667,39.147550312499995,38.9154523
2026-08-31 11:08:00,38.95495,39.05310590909091,39.186932291666665,39.14361969387755,38.9120882
2026-08-31 11:09:00,39.07192,39.05467375,39.20134854166667,39.146321938775515,38.913976899999994
2026-08-31 11:10:00,38.50898,39.02599125,39.16815895833333,39.138925612244904,38.90996702970297
2026-08-31 11:11:00,,39.05397045454545,39.17204369565217,39.14367260416667,38.9131308
2026-08-31 11:12:00,38.895340000000004,39.03984590909091,39.13352021739131,39.136136354166666,38.9201907
2026-08-31 11:13:00,39.1361,39.04786708333334,39.11642326086957,39.137028020833334,38.937531899999996
2026-08-31 11:14:00,,39.02621409090909,39.09639931818182,39.144060319148934,38.95181787878788
2026-08-31 11:15:00,39.18733,39.02135,39.098045681818185,39.162801276595744,38.9609009090909
2026-08-31 11:16:00,38.85277,39.00730166666667,39.08738152173913,39.16051127659575,38.96750303030303
2026-08-31 11:17:00,39.51428,39.04491166666667,39.07644239130435,39.16982829787234,38.980508484848485
2026-08-31 11:18:00,,39.03366090909091,39.03907931818182,39.167524130434785,38.9827093877551
2026-08-31 11:19:00,39.465680000000006,39.03892409090909,39.05762717391304,39.17386787234042,38.99036581632653
2026-08-31 11:20:00,39.6697,39.09148875,39.06602891304348,39.190396382978726,38.998282499999995
2026-08-31 11:21:00,39.153,39.11670958333334,39.067375434782605,39.18961729166667,39.01106617346939
2026-08-31 11:22:00,,39.12818636363637,39.067255227272724,39.17846191489362,39.01106617346939
2026-08-31 11:23:00,39.32189,39.16154454545455,39.10732522727273,39.17591,39.01688964285714
2026-08-31 11:24:00,38.86174,39.14243727272728,39.096647608695655,39.17205914893617,39.01996352040816
2026-08-31 11:25:00,38.90991,39.17888545454546,39.09911456521739,39.166597708333335,39.01818683673469
2026-08-31 11:26:00,39.362305000000006,39.19417041666667,39.127118260869565,39.18463302083334,39.02166277777778
2026-08-31 11:27:00,39.32311,39.22981791666667,39.13896173913044,39.187457916666666,39.02460106060606
2026-08-31 11:28:00,38.58696,39.18405625,39.11596166666667,39.17520285714286,39.021497828282826
2026-08-31 11:29:00,,39.18405625,39.10856652173913,39.183000416666665,39.022289744897954
2026-08-31 11:30:00,38.68988,39.14260208333334,39.08461195652174,39.180805625,39.018932070707066
2026-08-31 11:31:00,39.41273,39.189265416666665,39.09828354166667,39.1855387755102,39.03096085858586
2026-08-31 11:32:00,39.246939999999995,39.16698708333333,39.105949375,39.1752406122449,39.035699747474744
2026-08-31 11:33:00,39.01382,39.155205,39.099497291666665,39.164539591836736,39.044593181818186
2026-08-31 11:34:00,39.45127,39.15409653846154,39.10130916666667,39.15369734693878,39.05025621212121
2026-08-31 11:35:00,39.02681,39.10464346153846,39.0983292,39.13863081632653,39.051542777777776
2026-08-31 11:36:00,39.15174,39.10454653846154,39.1103848,39.13736183673469,39.05673318181818
2026-08-31 11:37:00,38.51587,39.06249821428571,39.091401,39.134585102040816,39.05132455
2026-08-31 11:38:00,38.33583,38.992065357142856,39.066636200000005,39.12555673469388,39.047854550000004
2026-08-31 11:39:00,38.76622,38.985242500000005,39.0544082,39.126378979591834,39.04840405
2026-08-31 11:40:00,38.49379,38.95551964285714,39.0538006,39.109812857142856,39.053375
2026-08-31 11:41:00,38.61076,38.90183785714286,39.03676057692308,39.10026081632653,39.0540321
2026-08-31 11:42:00,38.38026,38.834491428571425,39.016949807692306,39.07166653061224,39.05663905
2026-08-31 11:43:00,38.78063,38.848325,39.003277884615386,39.05638693877551,39.05390628712871
2026-08-31 11:44:00,38.83403,38.847372,38.997009444444444,39.041633469387754,39.05880638613861
2026-08-31 11:45:00,38.69549,38.847746,38.97879314814814,39.03233510204081,39.05202113861386
2026-08-31 11:46:00,,38.80739,38.98364019230769,39.03233510204081,39.04705625
2026-08-31 11:47:00,39.107119999999995,38.797402857142856,38.96798019230769,39.01889102040816,39.04896475
2026-08-31 11:48:00,39.61259,38.840172142857135,38.99185462962963,39.01305755102041,39.05957675
2026-08-31 11:49:00,39.52639,38.84553785714286,38.99410314814814,39.023324200000005,39.06860415
2026-08-31 11:50:00,39.77851,38.899230714285714,38.99813314814815,39.0293652,39.08366795
2026-08-31 11:51:00,39.33445,38.912281428571426,39.00485351851852,39.033613599999995,39.083366850000004
2026-08-31 11:52:00,38.87994,38.93828642857142,39.00039232142858,39.029812,39.07839325
2026-08-31 11:53:00,,38.98462923076923,38.988485000000004,39.0418418367347,39.08070095959596
2026-08-31 11:54:00,38.879395,38.993335,38.98913888888889,39.0385929,39.0847201010101
2026-08-31 11:55:00,38.95285,39.0286473076923,38.990729259259254,39.040586499999996,39.08407232323232
2026-08-31 11:56:00,39.13478,39.068956538461535,38.9823024074074,39.0489177,39.08687171717172
2026-08-31 11:57:00,38.96222,39.11372269230769,38.968936111111105,39.0471479,39.087747474747474
2026-08-31 11:58:00,38.886185,39.12184230769231,38.98001851851851,39.043991764705886,39.08725025252525
2026-08-31 11:59:00,39.53942,39.17610307692307,38.99999714285714,39.04895980392157,39.09177195
2026-08-31 12:00:00,39.85727,39.26547076923077,39.04168964285714,39.061046764705885,39.10084615
2026-08-31 12:01:00,39.53907,39.28501357142857,39.04620178571429,39.07023951923077,39.105185
2026-08-31 12:02:00,39.613045,39.321151071428574,39.05927696428572,39.08081807692308,39.10752663366336
2026-08-31 12:03:00,38.82459,39.26486535714286,39.05251875,39.074201153846154,39.109814455445544
2026-08-31 12:04:00,38.46026,39.18871321428571,39.017125535714285,39.05597951923077,39.10585396039604
2026-08-31 12:05:00,38.36277,39.087588928571435,38.99340982142858,39.04290009433962,39.10157821782179
2026-08-31 12:06:00,38.70938,39.04294107142857,38.97761125,39.04024028301887,39.09656891089109
2026-08-31 12:07:00,,39.05547961538461,38.994712777777785,39.0411975,39.09224685
2026-08-31 12:08:00,38.4504,39.01225964285714,38.998956111111106,39.03149461538462,39.08589193069307
2026-08-31 12:09:00,38.20412,38.96402571428571,38.978137592592596,39.01480615384615,39.07861084158416
2026-08-31 12:10:00,39.27106,38.986755,39.006925370370375,39.02946153846154,39.08256787128713
2026-08-31 12:11:00,39.35333,39.002365714285716,39.03442796296296,39.03557226415094,39.086946683168314
2026-08-31 12:12:00,38.87159,38.995892142857144,39.05262537037037,39.0351241509434,39.08312995049505
2026-08-31 12:13:00,38.72985,38.98472535714286,39.05074462962963,39.02745905660377,39.07953143564357
2026-08-31 12:14:00,,38.94205653846154,39.05907980769231,39.02745905660377,39.08226165
2026-08-31 12:15:00,38.88829,38.867519615384616,39.06649519230769,39.02181679245283,39.088079500000006
2026-08-31 12:16:00,38.848240000000004,38.81437884615384,39.05841166666667,39.02173132075472,39.0869579
2026-08-31 12:17:00,38.43703,38.723916153846154,39.033593518518515,39.0014058490566,39.0805644
2026-08-31 12:18:00,39.04992,38.741249230769235,39.01275388888889,39.002304259259255,39.0783054
2026-08-31 12:19:00,38.83843,38.77033923076923,38.987273888888886,38.990688518518525,39.0759303960396
2026-08-31 12:20:00,38.372339999999994,38.771075384615386,38.93519351851852,38.96666333333334,39.07077673267327
2026-08-31 12:21:00,38.85408,38.782206153846154,38.917402037037036,38.96112777777778,39.06865225490196
2026-08-31 12:22:00,,38.782206153846154,38.91884288461539,38.96112777777778,39.06226346534653
2026-08-31 12:23:00,38.872015,38.814638076923075,38.917108518518525,38.952796759259265,39.05662173267327
2026-08-31 12:24:00,39.62711,38.924098846153846,38.94480166666667,38.966970277777776,39.06240767326733
2026-08-31 12:25:00,39.60691,38.949933461538464,38.969026111111106,38.97987768518519,39.06774593137255
2026-08-31 12:26:00,39.069230000000005,38.92807961538462,38.96659833333333,38.97445037037037,39.073359852941174
2026-08-31 12:27:00,40.10403,39.02288269230769,39.00888759259259,38.98891185185185,39.082345294117644
2026-08-31 12:28:00,39.16726,39.05652961538462,39.01929777777778,38.99965814814815,39.08316970873786
2026-08-31 12:29:00,38.67991,39.029628214285715,38.987464074074076,38.99384454545454,39.081994854368936
2026-08-31 12:30:00,38.78701,39.02239392857143,38.94782481481481,38.99561054545455,39.08191504854369
2026-08-31 12:31:00,39.687445,39.08233714285715,38.953320185185184,39.00060536363637,39.087737451923076
2026-08-31 12:32:00,,39.13197615384616,38.92794615384615,38.99604361111111,39.081292669902915
2026-08-31 12:33:00,39.14961,39.13964461538462,38.94044692307692,38.99855824074074,39.07752024271845
2026-08-31 12:34:00,38.88149,39.14295692307692,38.956648076923074,38.988006759259264,39.066830436893206
2026-08-31 12:35:00,,39.207175,38.9804032,38.987274622641515,39.05998495098039
2026-08-31 12:36:00,39.429635000000005,39.25513791666667,39.0092134,38.9925179245283,39.06209980392157
2026-08-31 12:37:00,,39.25513791666667,39.0092134,39.001684230769236,39.06616089108911
2026-08-31 12:38:00,39.18136,39.28091666666667,39.0384518,39.01794442307692,39.07015237623762
2026-08-31 12:39:00,38.8419,39.2154825,39.063963,39.01939980769231,39.07130059405941
2026-08-31 12:40:00,,39.17989818181818,39.05533395833333,39.02970588235294,39.0689583
2026-08-31 12:41:00,38.42998,39.121784545454545,39.016861041666665,39.02616117647059,39.06247
2026-08-31 12:42:00,39.03365,39.024477272727275,39.02361354166667,39.03897274509804,39.0549927
2026-08-31 12:43:00,38.51802,38.965455454545456,39.01478729166667,39.03382352941176,39.0448796
2026-08-31 12:44:00,39.2609,39.01827272727273,39.0246318,39.04219352941176,39.0419191
2026-08-31 12:45:00,38.81778,39.02107,39.021811400000004,39.04459137254902,39.0385858
2026-08-31 12:46:00,38.73557,38.93453590909091,39.0173046,39.03864865384615,39.03558564356436
2026-08-31 12:47:00,39.19641,38.95635875,39.0476798,39.04036576923077,39.029947326732675
2026-08-31 12:48:00,39.509695,38.98636583333333,39.066070800000006,39.03838701923077,39.026098465346536
2026-08-31 12:49:00,39.07632,39.00260166666667,39.0755864,39.029731826923076,39.02659083333334
2026-08-31 12:50:00,39.24312,39.021103076923076,39.1104176,39.019435865384615,39.024303186274516
2026-08-31 12:51:00,39.99375,39.06449653846153,39.1560044,39.03211471153846,39.03284946078431
2026-08-31 12:52:00,39.48837,39.094773214285716,39.16878769230769,39.04381528846154,39.03695093137255
2026-08-31 12:53:00,,39.08811269230769,39.1806586,39.04381528846154,39.042857871287126
2026-08-31 12:54:00,39.38015,39.12951653846154,39.170780199999996,39.05344519230769,39.04616465686274
2026-08-31 12:55:00,38.92534,39.1149325,39.1435174,39.052916153846155,39.04687220588235
2026-08-31 12:56:00,38.98666,39.15469535714286,39.1402146,39.05006769230769,39.04950397058824
2026-08-31 12:57:00,,39.16400653846154,39.100055625,39.05179019607843,39.049492029702975
2026-08-31 12:58:00,38.90829,39.19402730769231,39.08926520833333,39.05222362745098,39.04810769607843
2026-08-31 12:59:00,39.069775,39.17932538461538,39.10550958333334,39.04301490196079,39.045987352941175
2026-08-31 13:00:00,38.85526,39.182208461538465,39.10835333333333,39.023367647058826,39.042207205882356
2026-08-31 13:01:00,38.74461,39.18290384615385,39.06906854166667,39.00779,39.03931791262136
2026-08-31 13:02:00,38.67518,39.14280923076923,39.053312999999996,38.989400490196076,39.035553058252425
2026-08-31 13:03:00,38.783485,39.08694692307692,39.038668,38.988594509803924,39.03181339805825
2026-08-31 13:04:00,39.3186,39.10558384615385,39.0561524,39.005424705882355,39.030947524271845
2026-08-31 13:05:00,,39.094122500000005,39.0561524,39.0182778,39.030947524271845
2026-08-31 13:06:00,38.74508,38.990066666666664,39.0287702,39.0189918,39.0299254854369
2026-08-31 13:07:00,38.82959,38.93516833333333,39.02110942307692,39.01527803921569,39.028363592233006
2026-08-31 13:08:00,39.01075,38.94098230769231,39.0145475,39.02626529411765,39.028905339805824
2026-08-31 13:09:00,38.724,38.89050923076923,39.010012884615385,39.03645901960785,39.025527475728154
2026-08-31 13:10:00,38.94301,38.891868461538465,39.0075312962963,39.030026666666664,39.0297413592233
2026-08-31 13:11:00,,38.88396916666667,39.02974480769231,39.0235606,39.0297413592233
2026-08-31 13:12:00,39.4369,38.92650230769231,39.04525442307692,39.0348668,39.03499922330097
2026-08-31 13:13:00,38.76068,38.91514769230769,39.0545875,39.0354834,39.031354368932035
2026-08-31 13:14:00,38.69629,38.88641807692308,39.03287173076923,39.028832549019604,39.028132596153846
2026-08-31 13:15:00,39.26849,38.918205,39.05020673076923,39.036287450980396,39.028912980769235
2026-08-31 13:16:00,39.46611,38.973705,39.07830442307692,39.04840254901961,39.03481048076923
2026-08-31 13:17:00,39.42418,39.031320384615384,39.08706480769231,39.067758431372546,39.03394413461538
2026-08-31 13:18:00,38.77721,39.03083769230769,39.05889230769231,39.06241117647059,39.03149904761904
2026-08-31 13:19:00,39.300275,39.029428076923075,39.06750596153846,39.07146696078431,39.02992376190476
2026-08-31 13:20:00,39.52395,39.064751071428574,39.07830711538462,39.094047549019606,39.02853566666667
2026-08-31 13:21:00,,39.089341153846156,39.0416894,39.098846900000005,39.027338894230766
2026-08-31 13:22:00,38.9636,39.09964961538462,39.0206986,39.096195,39.026731857142856
2026-08-31 13:23:00,38.93695,39.09397269230769,39.0174775,39.097468235294116,39.02306576190476
2026-08-31 13:24:00,39.68283,39.16772884615385,39.02911903846154,39.098560784313726,39.03088566666666
2026-08-31 13:25:00,38.91347,39.16545653846154,39.0286625,39.08496392156863,39.03091957142857
2026-08-31 13:26:00,39.127915,39.162775,39.034095384615384,39.086114607843136,39.028687285714284
2026-08-31 13:27:00,,39.141688461538465,39.034095384615384,39.065756300000004,39.025856298076924
2026-08-31 13:28:00,38.42052,39.1155223076923,39.015335,39.050821500000005,39.02425591346154
2026-08-31 13:29:00,38.88982,39.13040923076923,39.008413653846155,39.0550197,39.022975571428574
2026-08-31 13:30:00,39.69659,39.16334,39.040772499999996,39.073211300000004,39.03256328571428
2026-08-31 13:31:00,39.10871,39.13584769230769,39.054776346153844,39.0616366,39.02966785714286
2026-08-31 13:32:00,38.82864,39.09003692307692,39.06067865384615,39.057068039215686,39.025684047619045
2026-08-31 13:33:00,38.92939,39.10174307692308,39.066290384615385,39.05275,39.02487995238096
2026-08-31 13:34:00,38.67241,39.05344576923077,39.04143692307692,39.048650392156866,39.017462238095234
2026-08-31 13:35:00,38.41143,38.96786730769231,39.018103333333336,39.036396153846155,39.01160147619048
2026-08-31 13:36:00,38.68125,38.94739464285714,39.01573925925926,39.022004134615386,39.00712061904762
2026-08-31 13:37:00,38.48791,38.91341678571428,39.00308444444445,39.01192688679245,39.00685433333334
2026-08-31 13:38:00,39.522755000000004,38.95526,39.0220475925926,39.018368301886795,39.01815838095238
2026-08-31 13:39:00,40.13743,38.98773142857143,39.07439685185185,39.04281226415094,39.031217523809524
2026-08-31 13:40:00,39.88062,39.05681357142857,39.10912314814815,39.05832722222222,39.04442542857143
2026-08-31 13:41:00,40.07411,39.12439892857143,39.14358696428572,39.088774074074074,39.058362095238095
2026-08-31 13:42:00,,39.12439892857143,39.13272351851852,39.0898141509434,39.06488230769231
2026-08-31 13:43:00,39.01529,39.1668825,39.14215351851852,39.099196603773585,39.06713865384616
2026-08-31 13:44:00,39.65567,39.221586071428575,39.17768611111111,39.10664509433962,39.07503903846154
2026-08-31 13:45:00,39.54469,39.21073607142857,39.18791574074074,39.120360377358494,39.08320442307692
2026-08-31 13:46:00,39.00771,39.203521785714294,39.17093796296296,39.12549509433963,39.08248542857143
2026-08-31 13:47:00,39.02351,39.217441071428574,39.15609833333333,39.12223283018868,39.081689142857144
2026-08-31 13:48:00,38.903315,39.21557857142857,39.16076888888889,39.1107916981132,39.074934142857146
2026-08-31 13:49:00,38.92162,39.233379285714285,39.14674462962963,39.107872830188676,39.06917442857143
2026-08-31 13:50:00,38.72252666666666,39.25560047619047,39.11706228395062,39.09805031446541,39.059117444444446
2026-08-31 13:51:00,38.17238,39.219252619047616,39.083323630952385,39.063684842767294,39.04805011111111
2026-08-31 13:52:00,38.98249,39.254579761904765,39.08399827380953,39.054139937106925,39.049026777777776
2026-08-31 13:53:00,38.76559,39.200496547619046,39.077878273809525,39.04879641975309,39.04635284591195
2026-08-31 13:54:00,39.38754,39.14693297619048,39.06733220238095,39.04893327160494,39.05114666666667
2026-08-31 13:55:00,39.22472,39.10008297619048,39.07844827380952,39.05447734567901,39.05371147798743
2026-08-31 13:56:00,38.77179,39.007060119047615,39.06572952380952,39.05049827160493,39.050287044025154
2026-08-31 13:57:00,39.12069,39.014635444444444,39.06762471264368,39.05177448484848,39.05178204402516
2026-08-31 13:58:00,38.6763,38.99203611111111,39.076444712643685,39.047556484848485,39.04980199685535
2026-08-31 13:59:00,38.95176,38.94510877777778,39.07858057471264,39.04541075757576,39.0442580345912
2026-08-31 14:00:00,39.342349999999996,38.93161944444444,39.06636540229885,39.05426693939394,39.03940029874214
2026-08-31 14:01:00,39.22392,38.946033444444446,39.07033816091954,39.062981666666666,39.03642718553459
2026-08-31 14:02:00,38.64629,38.92088544444445,39.06405022988506,39.06245639393939,39.02730685534591
2026-08-31 14:03:00,38.81228,38.91481644444445,39.06001195402299,39.06297993939394,39.027190723270444
2026-08-31 14:04:00,39.68242,38.965536444444446,39.094839885057475,39.06959484848485,39.0387205345912
2026-08-31 14:05:00,39.252155,39.000845000000005,39.12383040229885,39.07285485119047,39.04711095911949
2026-08-31 14:06:00,38.91497,39.050351,39.13188971264368,39.07588860119048,39.04905048742139
2026-08-31 14:07:00,38.77978,39.036837,39.1419541954023,39.07499913690476,39.04653394080997
2026-08-31 14:08:00,38.62941,39.02775833333333,39.1111491954023,39.068189494047616,39.04820693146417
2026-08-31 14:09:00,39.186935,39.014384666666665,39.07837350574712,39.076456190476186,39.057392118380065
2026-08-31 14:10:00,39.70749,39.04656933333333,39.07240350574713,39.090107619047615,39.061470903426795
2026-08-31 14:11:00,39.49139,39.09454266666667,39.05230971264368,39.09714766081871,39.062761183800625
2026-08-31 14:12:00,39.7948,39.13948333333334,39.07705938888889,39.10342660818714,39.07138931464175
2026-08-31 14:13:00,39.39241,39.187224,39.08963005555555,39.11450959064327,39.07758146417446
2026-08-31 14:14:00,39.28289,39.209299333333334,39.077204055555555,39.12480081871345,39.0794824691358
2026-08-31 14:15:00,39.43577,39.21552733333333,39.07357338888889,39.12773555555556,39.08455172839506
2026-08-31 14:16:00,38.71508,39.181604666666665,39.063819055555555,39.11455959064328,39.0833187654321
2026-08-31 14:17:00,38.88843,39.19774733333333,39.05931638888889,39.105160467836264,39.08749839506173
2026-08-31 14:18:00,38.4587,39.17417533333333,39.044495888888896,39.099572573099415,39.08202413580247
2026-08-31 14:19:00,,39.13787214285714,39.04873298850575,39.09598860119048,39.0843007165109
2026-08-31 14:20:00,38.48596,39.083143928571424,39.04057551724138,39.0774530654762,39.085362585669785
2026-08-31 14:21:00,38.41316,39.04730035714285,39.04887827586207,39.0657988011696,39.081241838006235
2026-08-31 14:22:00,38.83535,39.05126964285715,39.04380448275862,39.063548801169595,39.078965061728404
2026-08-31 14:23:00,38.66587,39.05387392857143,39.04036586206896,39.058793011695904,39.0770563117284
2026-08-31 14:24:00,38.65643,39.01598071428572,39.01515517241379,39.040785994152046,39.068068533950616
2026-08-31 14:25:00,39.34745,38.99026357142857,39.01938724137931,39.04839967836258,39.065666126543206
2026-08-31 14:26:00,39.23358,38.971848571428566,39.03531103448276,39.0502534502924,39.067187885802475
2026-08-31 14:27:00,,38.90854461538461,39.03226178571429,39.0502534502924,39.05749777258568
2026-08-31 14:28:00,39.494305,38.91638269230769,39.06147625,39.06909178362573,39.06055426791277
2026-08-31 14:29:00,,38.88584041666666,39.06553981481482,39.07229306547619,39.06414525157233
2026-08-31 14:30:00,39.46099,38.887942083333336,39.06993388888889,39.06808592261905,39.07050355345912
2026-08-31 14:31:00,38.99042,38.91088708333333,39.06128574074074,39.06597360119048,39.063927845911955
2026-08-31 14:32:00,38.81041,38.90438541666666,39.06736425925926,39.06564806547619,39.06155852024923
2026-08-31 14:33:00,38.687945,38.92348916666666,39.06275925925926,39.06133654761906,39.057243894081
2026-08-31 14:34:00,39.27554,38.95057,39.04768962962963,39.072106726190476,39.06092660436137
2026-08-31 14:35:00,39.02702,38.99219,39.039351296296296,39.0830994047619,39.06061265432099
2026-08-31 14:36:00,38.91536,39.03082076923077,39.03936574074074,39.08727994047619,39.05585084876543
2026-08-31 14:37:00,38.11116,38.975113846153846,39.01460203703704,39.080552261904764,39.04718396024465
2026-08-31 14:38:00,37.85934,38.91307307692308,38.98608092592593,39.05084842261905,39.035055336391444
2026-08-31 14:39:00,,38.93446,38.978355769230774,39.031092393939396,39.036843811728396
2026-08-31 14:40:00,39.289215,38.92960708333333,38.96226826923077,39.020339575757575,39.039159143730885
2026-08-31 14:41:00,,38.90197318181818,38.9411034,39.00082530864197,39.04479969135803
2026-08-31 14:42:00,38.09954,38.835103749999995,38.873293000000004,38.9844383030303,39.03615052469136
2026-08-31 14:43:00,38.25969,38.73221916666666,38.8279842,38.97070012121212,39.03375858024692
2026-08-31 14:44:00,39.10284,38.760728461538456,38.820782200000004,38.960648666666664,39.03229506172839
2026-08-31 14:45:00,39.78238,38.78545076923076,38.8346466,38.9649703030303,39.04122654320987
2026-08-31 14:46:00,,38.76837,38.83962854166667,38.964178827160495,39.04408314641745
2026-08-31 14:47:00,39.65235,38.83853166666667,38.87145854166666,38.975824012345676,39.048344267912775
2026-08-31 14:48:00,38.7617,38.84467791666667,38.88408354166666,38.973201512345675,39.04135366043613
2026-08-31 14:49:00,39.19666,38.83810458333333,38.8965866,38.97829484567901,39.04247833333334
2026-08-31 14:50:00,38.90628,38.82804291666667,38.913399399999996,38.98169768518519,39.039330295950165
2026-08-31 14:51:00,38.66887,38.80750208333333,38.9236278,38.99089194444445,39.02694823987539
2026-08-31 14:52:00,39.23978,38.90155375,38.939805,38.99565657407407,39.02462496884735
2026-08-31 14:53:00,39.26372,39.01858541666667,38.963719,39.0048812037037,39.02683881172839
2026-08-31 14:54:00,39.66982,39.068680384615384,39.004254599999996,39.010108611111114,39.02952094135802
2026-08-31 14:55:00,,39.0503025,38.98995479166667,39.00605933962264,39.030494595015575
2026-08-31 14:56:00,39.26758,39.067016153846154,38.99137145833333,39.01541386792452,39.03312001557632
2026-08-31 14:57:00,38.70158,39.113326923076926,38.979779799999996,39.00750613207547,39.03005020061728
2026-08-31 14:58:00,,39.18446333333333,38.95834125,39.01387548076924,39.03118814641745
2026-08-31 14:59:00,39.29583,39.20054583333334,38.9718408,39.02049221153846,39.03330080996885
2026-08-31 15:00:00,38.71796,39.111844166666664,38.9421196,39.008484711538465,39.032017632398755
2026-08-31 15:01:00,,39.111844166666664,38.94010708333334,39.004260490196074,39.03472902515724
2026-08-31 15:02:00,39.09074,39.065043333333335,38.9517875,39.01297519607843,39.03864940251572
2026-08-31 15:03:00,38.641,39.054984999999995,38.94983145833333,39.00961676470588,39.03730520440252
2026-08-31 15:04:00,,39.04210545454545,38.935670217391305,38.9961607,39.03462620634921
2026-08-31 15:05:00,39.683295,39.11274318181818,38.96420391304348,39.0047835,39.04074572327044
2026-08-31 15:06:00,38.71728,39.11714409090909,38.95559173913043,39.000829700000004,39.0404834591195
2026-08-31 15:07:00,38.7847,39.075773181818185,38.984876086956525,39.0009281,39.04005996855346
2026-08-31 15:08:00,,39.0569785,39.03603681818182,39.008510102040816,39.040339111111116
2026-08-31 15:09:00,38.86614,38.9766105,39.02865,39.001963265306124,39.04169282539683
2026-08-31 15:10:00,38.5307,38.93607318181818,38.99567108695652,38.97794714285714,39.03776606349206
2026-08-31 15:11:00,38.91402,38.90393136363636,38.992268958333334,38.966164081632655,39.03659864779874
2026-08-31 15:12:00,38.367065,38.87352090909091,39.003415833333335,38.93702663265306,39.02650586477988
2026-08-31 15:13:00,39.53173,38.92837166666667,39.0564175,38.939869897959184,39.03377992138365
2026-08-31 15:14:00,39.61651,38.955095,39.07782041666666,38.946678469387756,39.042461242138366
2026-08-31 15:15:00,,38.97665272727273,39.04718739130435,38.9364890625,39.04030858730158
2026-08-31 15:16:00,38.610055,38.94610291666667,39.028973541666666,38.934301041666664,39.03215568253969
2026-08-31 15:17:00,39.18109,38.95363208333333,39.009337708333334,38.940398125,39.029840539682546
2026-08-31 15:18:00,,38.98205318181818,39.02010456521739,38.9506470212766,39.032269679487186
2026-08-31 15:19:00,,38.98205318181818,39.01207931818182,38.9506470212766,39.029667686084146
2026-08-31 15:20:00,38.26387,38.85301454545454,38.982878863636365,38.94592170212766,39.01743389967638
2026-08-31 15:21:00,38.59525,38.84192090909091,38.9795325,38.94979595744681,39.01337443910256
2026-08-31 15:22:00,38.56284,38.821751818181816,38.9487625,38.943997872340425,39.0095209775641
2026-08-31 15:23:00,38.51545,38.79622666666666,38.91475022727273,38.94079744680851,39.00546809294872
2026-08-31 15:24:00,38.425084999999996,38.759472083333335,38.858171363636366,38.93587521276596,38.99337439102564
2026-08-31 15:25:00,37.92944,38.70936708333333,38.817791739130435,38.90570478723404,38.98391256410257
2026-08-31 15:26:00,37.55434,38.59606041666667,38.74330304347826,38.86997627659574,38.96878203525641
2026-08-31 15:27:00,38.09571,38.5734475,38.71696086956522,38.85384572916667,38.96046706349206
2026-08-31 15:28:00,39.28889,38.55321083333333,38.740791249999994,38.84956625,38.96873725396826
2026-08-31 15:29:00,39.27787,38.524990833333334,38.74004291666667,38.85830714285714,38.97243296825397
2026-08-31 15:30:00,39.0088,38.56220692307692,38.75216125,38.84907877551021,38.965882587301586
2026-08-31 15:31:00,38.78672,38.57579653846154,38.7535436,38.84492163265306,38.96281601587302
2026-08-31 15:32:00,38.05985,38.48954730769231,38.712308,38.82960408163265,38.95549420634921
2026-08-31 15:33:00,38.68094,38.50321821428572,38.713905600000004,38.82946112244898,38.95312801587301
2026-08-31 15:34:00,,38.50321821428572,38.713905600000004,38.820167812499996,38.9558272275641
2026-08-31 15:35:00,38.44652,38.516264642857145,38.6644346,38.8080740625,38.95616463141026
2026-08-31 15:36:00,37.97857,38.47221607142857,38.634886200000004,38.78855760416667,38.94940809294872
2026-08-31 15:37:00,37.92688,38.426790357142856,38.6005734,38.784718437500004,38.944013573717946
2026-08-31 15:38:00,38.94258,38.457299642857144,38.613727499999996,38.8072859375,38.938434967948716
2026-08-31 15:39:00,,38.45977769230769,38.603631,38.8072859375,38.9267942394822
2026-08-31 15:40:00,38.7792,38.525143846153846,38.613571,38.796660625,38.91610084142395
2026-08-31 15:41:00,38.83757,38.62385384615384,38.610513,38.79749551020409,38.9040955987055
2026-08-31 15:42:00,38.68906,38.669496153846154,38.623392800000005,38.809526530612246,38.90202794871795
2026-08-31 15:43:00,38.81149,38.63277307692307,38.594583199999995,38.820787755102046,38.90006833333333
2026-08-31 15:44:00,39.37257,38.64005769230769,38.5848256,38.82629244897959,38.897346217948716
2026-08-31 15:45:00,40.000905,38.71637346153846,38.6392901923077,38.83075214285714,38.90173290064103
2026-08-31 15:46:00,39.17967,38.746600384615384,38.66119846153846,38.8377305,38.90338636217949
2026-08-31 15:47:00,39.24132,38.83748269230769,38.663515000000004,38.8295099,38.90548068910256
2026-08-31 15:48:00,38.9198,38.85585653846154,38.67300703703704,38.8326719,38.90563919871795
2026-08-31 15:49:00,39.37112,38.89266107142857,38.69793964285714,38.8361611,38.90996131410257
2026-08-31 15:50:00,39.33408,38.95605821428571,38.73616142857143,38.8447171,38.91584163461538
2026-08-31 15:51:00,,39.03124961538462,38.741380370370365,38.84830581632653,38.92305970873786
2026-08-31 15:52:00,39.484494999999995,39.15106615384615,38.77551574074074,38.8533,38.92793354368932
2026-08-31 15:53:00,,39.16844,38.785518269230764,38.84474958333333,38.929525147058825
2026-08-31 15:54:00,38.68799,39.13148230769231,38.79563,38.82429479166667,38.922666813725485
2026-08-31 15:55:00,38.8851,39.13962846153846,38.83238615384616,38.825535714285714,38.91933720588235
2026-08-31 15:56:00,39.0101,39.1529,38.888376923076926,38.82028102040817,38.921673578431374
2026-08-31 15:57:00,,39.19155333333333,38.9200836,38.82275395833333,38.91970311881189
2026-08-31 15:58:00,39.16248,39.2208025,38.9150272,38.82968714285714,38.92451678217822
2026-08-31 15:59:00,39.25342,39.21087333333333,38.9140492,38.82882163265306,38.92750351485149
2026-08-31 16:00:00,39.40708,39.16138791666667,38.9299804,38.84288530612245,38.92814440594059
2026-08-31 16:01:00,39.320395,39.173115,38.9513274,38.8524355,38.929099603960395
2026-08-31 16:02:00,39.408785,39.187070416666664,39.0052848,38.8587964,38.93664905940594
2026-08-31 16:03:00,38.74529,39.17252791666667,39.0078588,38.8608822,38.93598579207921
2026-08-31 16:04:00,38.62677,39.11049875,38.993201538461534,38.85629176470589,38.92553381188119
2026-08-31 16:05:00,39.224275,39.101348333333334,39.02311519230769,38.847291372549016,38.92525777227723
2026-08-31 16:06:00,40.02736,39.172579999999996,39.1019148076923,38.87297921568627,38.93627153465347
2026-08-31 16:07:00,39.22448,39.152578846153844,39.1518225,38.88160235294118,38.94067450495049
2026-08-31 16:08:00,39.374120000000005,39.16840321428572,39.16842019230769,38.891073846153844,38.94804787128712
2026-08-31 16:09:00,39.02052,39.19215535714285,39.16294240740741,38.89404269230769,38.9464001980198
2026-08-31 16:10:00,,39.215775,39.177701730769236,38.90116705882353,38.938789299999996
2026-08-31 16:11:00,39.24822,39.234091923076925,39.19349596153846,38.90772,38.9363576
2026-08-31 16:12:00,38.817705000000004,39.20435,39.19844384615384,38.91655607843138,38.92658665
2026-08-31 16:13:00,38.96305,39.190105,39.20427307692308,38.90540549019608,38.92229305
2026-08-31 16:14:00,39.56945,39.21267857142857,39.21184538461539,38.904482745098036,38.92515865
2026-08-31 16:15:00,38.72516,39.16397,39.16277826923077,38.901034230769234,38.91805255
2026-08-31 16:16:00,,39.15193730769231,39.1621026,38.90673970588235,38.92010277777778
2026-08-31 16:17:00,38.72227,39.09912846153846,39.1413406,38.897743235294115,38.9184243939394
2026-08-31 16:18:00,38.59925,39.08789461538461,39.1285186,38.89200298076923,38.919844090909095
2026-08-31 16:19:00,38.94316499999999,39.11223269230769,39.1114004,38.89296830188679,38.9200773
2026-08-31 16:20:00,38.84946,39.08340076923077,39.092015599999996,38.90401716981132,38.923712300000005
2026-08-31 16:21:00,38.46469,38.96319538461539,39.06788769230769,38.90155377358491,38.9242276
2026-08-31 16:22:00,38.91534,38.93941538461539,39.045997115384615,38.90820471698113,38.9250275
2026-08-31 16:23:00,38.90086,38.90301076923077,39.04062166666667,38.915476603773584,38.9273774
2026-08-31 16:24:00,39.70626,38.95576,39.07833537037037,38.93964971698113,38.9378757
2026-08-31 16:25:00,39.91701,39.02442071428572,39.11655425925925,38.97715103773585,38.9435713
2026-08-31 16:26:00,39.49775,39.04224428571428,39.13461537037037,39.0138191509434,38.946213
2026-08-31 16:27:00,39.13804,39.065125357142854,39.134737678571426,39.033485754716985,38.94811227722772
2026-08-31 16:28:00,39.52535,39.105289642857144,39.14769732142857,39.03794726415094,38.94841965346534
2026-08-31 16:29:00,39.46023,39.09748821428571,39.155083392857144,39.04138801886793,38.953437401960784
2026-08-31 16:30:00,38.09789,39.052683214285715,39.108326607142864,39.02420103773585,38.94007367647059
2026-08-31 16:31:00,38.08701,38.988305,39.06427714285714,39.01099896226415,38.931216715686276
2026-08-31 16:32:00,38.83546,38.995851,39.04380125,39.025633113207554,38.93146230392157
2026-08-31 16:33:00,39.42123,39.050649666666665,39.06794196428571,39.039600849056605,38.93865137254902
2026-08-31 16:34:00,39.3246,39.076078666666675,39.09286446428571,39.04487861111111,38.93913235294117
2026-08-31 16:35:00,39.45424,39.11639733333333,39.10107750000001,39.06354009259259,38.94332078431373
2026-08-31 16:36:00,39.41282,39.179606,39.07912964285715,39.09010027777777,38.94819784313725
2026-08-31 16:37:00,39.04618,39.18832866666666,39.072761785714285,39.11082805555556,38.957364705882355
2026-08-31 16:38:00,38.24491,39.14459866666667,39.03243285714286,39.09790824074074,38.96114480392157
2026-08-31 16:39:00,38.09169,39.036960666666666,38.99926035714286,39.07961336363637,38.95270349514563
2026-08-31 16:40:00,39.14132,38.98524799999999,39.00415896551724,39.086197363636366,38.95126762135922
2026-08-31 16:41:00,39.44691,38.98185866666666,39.01101034482759,39.09727627272727,38.95603341346154
2026-08-31 16:42:00,39.014155,38.97359966666667,39.01778448275862,39.103187090909096,38.96482778846154
2026-08-31 16:43:00,39.095155,38.94492,39.022339827586215,39.10834463636364,38.972861105769226
2026-08-31 16:44:00,38.582755000000006,38.88642166666667,38.98831586206897,39.093984363636366,38.96786028846154
2026-08-31 16:45:00,37.9966,38.879669,38.96319310344827,39.057542454545455,38.95068932692308
2026-08-31 16:46:00,38.80938,38.927827,38.958066,39.0508099090909,38.949343523809524
2026-08-31 16:47:00,,38.934424642857145,38.96619689655172,39.04728194444445,38.942583846153845
2026-08-31 16:48:00,38.922536666666666,38.89880369047619,38.97734471264367,39.047332623456796,38.9441303525641
2026-08-31 16:49:00,38.14163,38.814305833333336,38.949705574712645,39.02456429012346,38.93398583333333
2026-08-31 16:50:00,38.10405,38.717863690476186,38.92400178160919,39.00178595679013,38.92627208333334
2026-08-31 16:51:00,38.49585,38.65236583333333,38.92507626436782,38.992587121212125,38.92460842948718
2026-08-31 16:52:00,39.12366,38.65790011904762,38.93225971264368,38.98602648484849,38.92349189102564
2026-08-31 16:53:00,39.660125,38.758986904761905,38.95844126436781,38.99806395833333,38.9273034775641
2026-08-31 16:54:00,39.05808,38.82801476190476,38.93609022988506,39.00467270833333,38.92142136217949
2026-08-31 16:55:00,38.449065000000004,38.77856797619047,38.885471436781614,38.99688636904762,38.91692273015873
2026-08-31 16:56:00,38.72252,38.726825833333336,38.8587393678161,38.99175101190475,38.91173168253968
2026-08-31 16:57:00,38.66391,38.701808333333325,38.84239005747127,38.985999415204674,38.911372920634925
2026-08-31 16:58:00,38.783485,38.67954619047619,38.816808505747126,38.979350380116955,38.91016643081762
2026-08-31 16:59:00,38.88595,38.70120297619047,38.79700574712644,38.97290353801169,38.906299638364786
2026-08-31 17:00:00,38.56641,38.74190369047619,38.813161609195404,38.95815494152047,38.90486992138365
2026-08-31 17:01:00,38.79657,38.740988690476186,38.8376291954023,38.94896502923977,38.903857772585674
2026-08-31 17:02:00,38.50904,38.72552544444444,38.826373333333336,38.93318002923977,38.898421323987534
2026-08-31 17:03:00,39.334135,38.752965333333336,38.823370057471266,38.94351064327486,38.904899221183804
2026-08-31 17:04:00,39.51349,38.84442266666667,38.82988350574713,38.959067134502924,38.91053432098766
2026-08-31 17:05:00,38.88682,38.896607333333336,38.81031729885057,38.95314687134503,38.90315955246914
2026-08-31 17:06:00,39.00802,38.930752,38.796358678160914,38.93526371345029,38.90585158950618
2026-08-31 17:07:00,38.44883,38.88576333333333,38.77576040229885,38.921655818713454,38.902741682098764
2026-08-31 17:08:00,38.66588,38.81948033333333,38.7902766091954,38.90923055555556,38.900568639143735
2026-08-31 17:09:00,39.46112,38.84634966666667,38.83749833333333,38.91696038011696,38.906027171253825
2026-08-31 17:10:00,39.29272,38.902593333333336,38.84271902298851,38.92343899425288,38.91301818042813
2026-08-31 17:11:00,38.57902,38.89302666666667,38.81279178160919,38.911901063218394,38.909944785932716
2026-08-31 17:12:00,38.51513,38.88310800000001,38.79558402298851,38.90668425287357,38.91130318042814
2026-08-31 17:13:00,38.86812,38.888750333333334,38.787755229885065,38.90504752873563,38.905215015290516
2026-08-31 17:14:00,38.90585,38.890077000000005,38.798896436781604,38.89360614942529,38.89869519877676
2026-08-31 17:15:00,39.09002,38.924984333333335,38.83660057471265,38.899896839080455,38.90043451515152
2026-08-31 17:16:00,38.83532,38.92756766666667,38.83749505747126,38.89880231638418,38.90248237878788
2026-08-31 17:17:00,39.03146,38.962395666666666,38.843960555555554,38.90404282485876,38.9011221060606
2026-08-31 17:18:00,38.74121,38.92286733333333,38.83791633333333,38.90644892655367,38.89968145645645
2026-08-31 17:19:00,38.93882,38.884556,38.86448933333334,38.906375282485875,38.90003090773809
2026-08-31 17:20:00,,38.884394285714286,38.89071137931035,38.90735658045977,38.90576208708708
2026-08-31 17:21:00,38.848665,38.87301178571429,38.90287741379311,38.91397683908046,38.908045105105096
2026-08-31 17:22:00,38.95843,38.90941178571428,38.89717982758621,38.91471977011495,38.91160897897898
2026-08-31 17:23:00,39.057995000000005,38.937419999999996,38.87641672413793,38.917428994252866,38.916496771771776
2026-08-31 17:24:00,39.08362,38.91045571428572,38.8772974137931,38.906693821839085,38.92242951951952
2026-08-31 17:25:00,39.29635,38.910714999999996,38.90651413793103,38.89599278735631,38.93474402402403
2026-08-31 17:26:00,39.07731,38.946307142857144,38.918748275862065,38.88874382183908,38.94846447447447
2026-08-31 17:27:00,,38.97947461538461,38.92784964285714,38.88437020467836,38.95621678787879
2026-08-31 17:28:00,38.41145,38.944346153846155,38.91456267857143,38.864828099415206,38.94824006060607
2026-08-31 17:29:00,38.78186,38.93480846153846,38.91084517857143,38.85292687134503,38.94373087878787
2026-08-31 17:30:00,38.52558,38.89139,38.909386964285716,38.860430204678366,38.93933796969697
2026-08-31 17:31:00,39.097044999999994,38.91152269230769,38.920118214285715,38.87815011695906,38.94215910606061
2026-08-31 17:32:00,39.44407,38.943261923076925,38.95351214285714,38.88882748538012,38.954742924242424
2026-08-31 17:33:00,38.96883,38.96077115384615,38.94046553571429,38.88089064327485,38.957360106060605
2026-08-31 17:34:00,38.51352,38.92805576923077,38.904752321428575,38.86666116959064,38.95336154654655
2026-08-31 17:35:00,,38.92805576923077,38.90541648148149,38.85616869047619,38.9579691969697
2026-08-31 17:36:00,,38.93467166666667,38.90147019230769,38.846047757575754,38.96695451070337
2026-08-31 17:37:00,38.92547,38.931925,38.9198025,38.84385303030302,38.97611588685016
2026-08-31 17:38:00,38.530995000000004,38.88800833333333,38.914614615384615,38.84905457575758,38.97233987767585
2026-08-31 17:39:00,39.13878,38.892604999999996,38.90221692307692,38.86809257575758,38.97385296969697
2026-08-31 17:40:00,39.31024,38.8937625,38.902890769230765,38.87116384848485,38.9786806060606
2026-08-31 17:41:00,39.00008,38.88732666666667,38.919085384615386,38.863039666666666,38.98015796969697
2026-08-31 17:42:00,38.6183,38.866632307692306,38.923053461538466,38.8558423030303,38.9795146969697
2026-08-31 17:43:00,39.04121,38.91507538461538,38.929710769230766,38.85486148484849,38.98160306060606
2026-08-31 17:44:00,38.70998,38.90954615384615,38.92217730769231,38.857174666666666,38.975579515151516
2026-08-31 17:45:00,38.35997,38.89680692307692,38.89409846153846,38.86378139393939,38.96066192424242
2026-08-31 17:46:00,39.068325,38.89459769230769,38.90306019230769,38.86848948484849,38.9596496969697
2026-08-31 17:47:00,38.95918,38.85729846153846,38.90028019230769,38.87010895833333,38.95708478787879
2026-08-31 17:48:00,39.24579,38.87860307692308,38.91968711538462,38.875881339285705,38.960048333333326
2026-08-31 17:49:00,38.46078,38.874546153846154,38.90130096153846,38.88158044642857,38.95177251515152
2026-08-31 17:50:00,37.8997,38.80491428571429,38.86420462962963,38.877931339285716,38.9387326969697
2026-08-31 17:51:00,38.38409,38.77685933333333,38.84699814814815,38.875935625000004,38.93373591591592
2026-08-31 17:52:00,38.38997,38.741159333333336,38.825944074074066,38.86283401785714,38.923875330330326
2026-08-31 17:53:00,38.80393,38.759355000000006,38.81653425925926,38.84754482142857,38.922804389880945
2026-08-31 17:54:00,38.38724,38.70925233333333,38.79074240740741,38.83556553571429,38.92011912202381
2026-08-31 17:55:00,38.94944,38.685199,38.77789388888888,38.84450080357143,38.920693586309525
2026-08-31 17:56:00,39.38841,38.711087666666664,38.789416111111116,38.85639169642858,38.924071354166664
2026-08-31 17:57:00,39.02214,38.738010333333335,38.79772767857143,38.86278866071429,38.92493921828908
2026-08-31 17:58:00,39.79048,38.78796166666667,38.84697875,38.88077071428571,38.930496740412984
2026-08-31 17:59:00,39.64908,38.850568333333335,38.87795089285714,38.89439803571429,38.933998156342184
2026-08-31 18:00:00,38.80545,38.880266999999996,38.887946250000006,38.89866660714285,38.928673997050154
2026-08-31 18:01:00,,38.86683428571428,38.880201851851844,38.9005229090909,38.92517648809524
2026-08-31 18:02:00,39.09736,38.87670428571429,38.86736074074074,38.91121963636363,38.9223959077381
2026-08-31 18:03:00,39.77159,38.91426142857143,38.897092592592585,38.91917336363636,38.93155930059525
2026-08-31 18:04:00,39.09513,38.95957214285714,38.918633703703705,38.91156681818182,38.93574108630953
2026-08-31 18:05:00,,39.041100769230766,38.918633703703705,38.91202509259259,38.93314168168168
2026-08-31 18:06:00,39.05725,39.09288230769231,38.923584285714284,38.91293675925926,38.92440195195195
2026-08-31 18:07:00,,39.15145833333333,38.92351444444444,38.921693490566035,38.92167396969697
2026-08-31 18:08:00,39.3368,39.19586416666667,38.95335907407407,38.93435235849057,38.921334696969694
2026-08-31 18:09:00,39.03402,39.249762499999996,38.94947907407408,38.926293867924535,38.921457424242426
2026-08-31 18:10:00,39.22363,39.27261166666667,38.946271296296295,38.924990283018865,38.92417969969971
2026-08-31 18:11:00,,39.26208454545454,38.94420173076923,38.93164355769231,38.92123387878788
2026-08-31 18:12:00,38.66209,39.229352727272726,38.94588596153846,38.93446971153846,38.9198191969697
2026-08-31 18:13:00,39.09644,39.166258181818186,38.94801019230769,38.93886048076923,38.92103183333333
2026-08-31 18:14:00,39.866865000000004,39.18605681818181,38.99250576923077,38.95734153846154,38.92373560606061
2026-08-31 18:15:00,,39.2241175,39.0178072,38.95474,38.92555740061163
2026-08-31 18:16:00,39.289744999999996,39.23008363636364,39.026664000000004,38.96365029411765,38.928868196969695
2026-08-31 18:17:00,38.82675,39.20548272727273,39.0213668,38.95963637254902,38.92981801515151
2026-08-31 18:18:00,,39.148872,39.01201583333333,38.9640049,38.93285074923547
2026-08-31 18:19:00,38.95088,39.134447,39.03243666666666,38.9642461,38.93292152905199
2026-08-31 18:20:00,38.67214,39.09241909090909,39.06462166666667,38.95851852941176,38.93129474006116
2026-08-31 18:21:00,39.32698,39.11694,39.10390875,38.96789725490196,38.93920565749235
2026-08-31 18:22:00,38.8922,39.098211666666664,39.124835,38.966598627450985,38.93899336391437
2026-08-31 18:23:00,38.80032,39.053505,39.12468458333333,38.96154617647059,38.938070978593274
2026-08-31 18:24:00,38.1282,38.97802,39.11389125,38.94281245098039,38.92359336391438
2026-08-31 18:25:00,37.95218,38.87206583333333,39.07233875,38.91645617647059,38.90556740061162
2026-08-31 18:26:00,38.041070000000005,38.80814307692307,39.01619958333334,38.89613774509804,38.892203363914376
2026-08-31 18:27:00,38.44678,38.79158076923077,38.99222625,38.88749625,38.88586152905199
2026-08-31 18:28:00,38.4566,38.74236230769231,38.936647916666665,38.88836451923077,38.87605648318043
2026-08-31 18:29:00,38.8253,38.66224192307693,38.90232375,38.889199903846155,38.87023143730887
2026-08-31 18:30:00,38.84657,38.67540821428572,38.904037083333336,38.895372788461536,38.877100061162075
2026-08-31 18:31:00,39.64119,38.700511428571424,38.933523199999996,38.905837115384614,38.891358593272166
2026-08-31 18:32:00,39.40957,38.74214142857142,38.9460116,38.905173653846155,38.89662565749235
2026-08-31 18:33:00,38.71314,38.740208,38.9036736,38.900256538461534,38.89012941896024
2026-08-31 18:34:00,38.25516,38.69382666666667,38.8700748,38.89528807692307,38.88031804281346
2026-08-31 18:35:00,38.21212,38.66315866666666,38.84476884615385,38.88239811320755,38.86892244648318
2026-08-31 18:36:00,38.5365,38.61046,38.82474,38.875992592592596,38.86088281345566
2026-08-31 18:37:00,38.21756,38.565484,38.80225185185185,38.86288314814814,38.853280795107025
2026-08-31 18:38:00,38.39466,38.53844,38.767357777777775,38.860358425925924,38.85465464831805
2026-08-31 18:39:00,37.97842,38.52845466666667,38.72826148148148,38.83887027777778,38.85361547400612
2026-08-31 18:40:00,,38.56961714285715,38.70920884615385,38.82997650943397,38.850951543209874
2026-08-31 18:41:00,38.617305,38.610776785714286,38.705805000000005,38.82275433962264,38.8432700154321
2026-08-31 18:42:00,38.14553,38.58925892857143,38.68667314814815,38.81383415094339,38.83522719135803
2026-08-31 18:43:00,,38.59946346153846,38.67091288461539,38.809461538461534,38.83279795950156
2026-08-31 18:44:00,38.523005,38.576209999999996,38.61922596153846,38.80586586538462,38.83223954828661
2026-08-31 18:45:00,38.15819,38.523257692307695,38.60215055555555,38.80198548076923,38.833749735202495
2026-08-31 18:46:00,38.97308,38.47186461538461,38.59042222222222,38.80015384615385,38.83527964174455
2026-08-31 18:47:00,38.83155,38.42740153846154,38.5906,38.79769942307692,38.83524510802469
2026-08-31 18:48:00,38.70576,38.42683384615385,38.59471285714286,38.78731423076923,38.83323791666667
2026-08-31 18:49:00,38.84418,38.472143076923075,38.59090214285714,38.79468730769231,38.83974300925926
2026-08-31 18:50:00,38.39878,38.48650153846154,38.581139285714286,38.804285,38.84247199074075
2026-08-31 18:51:00,38.57478,38.48944615384615,38.554275000000004,38.807952115384616,38.843202824074076
2026-08-31 18:52:00,,38.512103333333336,38.54175925925926,38.81614784313726,38.84058172897196
2026-08-31 18:53:00,38.99656,38.562261666666664,38.54902740740741,38.81992490196078,38.834380186915894
2026-08-31 18:54:00,39.08886,38.65479833333334,38.58460740740741,38.83368215686274,38.834667850467284
2026-08-31 18:55:00,38.30714,38.62805538461539,38.59775407407408,38.82108803921569,38.83334144859813
2026-08-31 18:56:00,38.93472,38.652471923076924,38.63085222222222,38.81219215686275,38.83532462616822
2026-08-31 18:57:00,39.2413,38.73676192307692,38.66027888888889,38.81648941176471,38.84072079439253
2026-08-31 18:58:00,38.66539,38.73166392857143,38.66801185185185,38.794428823529415,38.83961710280373
2026-08-31 18:59:00,38.06492,38.69894357142857,38.63984962962963,38.7633668627451,38.831943925233645
2026-08-31 19:00:00,38.14827,38.698235000000004,38.61398666666667,38.750480980392155,38.82803607476636
2026-08-31 19:01:00,38.18184,38.64171785714286,38.55993666666667,38.73954557692308,38.82229093457944
2026-08-31 19:02:00,38.84601,38.64275071428572,38.539064074074076,38.73471192307692,38.82544018691589
2026-08-31 19:03:00,38.94398,38.65976642857142,38.5476137037037,38.718796346153844,38.82179387850468
2026-08-31 19:04:00,38.98676,38.66995071428572,38.57471,38.716712307692305,38.816871168224296
2026-08-31 19:05:00,38.26339,38.66028,38.57660888888889,38.70815905660377,38.81104471962617
2026-08-31 19:06:00,38.4501,38.65137428571428,38.57340888888889,38.69670339622641,38.80583051401869
2026-08-31 19:07:00,,38.65137428571428,38.58709538461539,38.69670339622641,38.809198443396234
2026-08-31 19:08:00,38.63913,38.62584357142857,38.596498076923076,38.683539811320756,38.80894608490566
2026-08-31 19:09:00,38.72746,38.600029285714285,38.62530730769231,38.67775566037736,38.80202476415094
2026-08-31 19:10:00,38.43889,38.60944,38.61840296296296,38.662949245283016,38.793969764150944
2026-08-31 19:11:00,38.3031,38.564324285714285,38.60676574074074,38.65628537037037,38.791366745283014
2026-08-31 19:12:00,38.5387,38.514138571428575,38.6213275925926,38.65400037037037,38.79158910377358
2026-08-31 19:13:00,38.50261,38.50251142857143,38.61708767857143,38.64300351851852,38.788140896226416
2026-08-31 19:14:00,38.998104999999995,38.5691675,38.63405553571429,38.62691537037037,38.78901122641509
2026-08-31 19:15:00,38.400905,38.58721285714285,38.64272392857142,38.622806090909094,38.782510141509434
2026-08-31 19:16:00,38.73252,38.62654714285714,38.6341325,38.612674727272726,38.78154033018868
2026-08-31 19:17:00,37.93317,38.56134428571428,38.602047500000005,38.596427818181816,38.77117910377359
2026-08-31 19:18:00,,38.53191076923076,38.5982062962963,38.596427818181816,38.77146452380953
2026-08-31 19:19:00,38.720485,38.511428076923075,38.593625,38.59223881818182,38.769385142857146
2026-08-31 19:20:00,,38.532097916666665,38.60111903846154,38.590759166666665,38.769385142857146
2026-08-31 19:21:00,38.34893,38.52366708333333,38.5924325,38.57264712962962,38.76462576190476
2026-08-31 19:22:00,38.24645,38.50234269230769,38.579618333333336,38.5606887962963,38.757844999999996
2026-08-31 19:23:00,38.56252,38.49644961538461,38.563542777777776,38.55628509259259,38.75312619047619
2026-08-31 19:24:00,38.26444,38.4608326923077,38.53300870370371,38.55880805555556,38.745324476190476
2026-08-31 19:25:00,38.19305,38.44192192307692,38.52878314814815,38.56326861111111,38.73481685714286
2026-08-31 19:26:00,37.87443,38.40894730769231,38.48951314814814,38.56018268518519,38.72336085714286
2026-08-31 19:27:00,,38.39813458333333,38.46059826923077,38.56232235849057,38.72336085714286
2026-08-31 19:28:00,38.03941,38.359534583333335,38.43652211538462,38.55445084905661,38.71981761904762
2026-08-31 19:29:00,37.77929,38.25796666666667,38.42553634615385,38.534714811320754,38.710269333333336
2026-08-31 19:30:00,,38.24497227272727,38.436627,38.52871759615385,38.71204519230769
2026-08-31 19:31:00,38.25108,38.201205,38.4393966,38.50198471153846,38.70391091346154
2026-08-31 19:32:00,38.280294999999995,38.23276181818182,38.416768000000005,38.48026788461539,38.69272076923077
2026-08-31 19:33:00,,38.23276181818182,38.394800833333335,38.47570176470588,38.690040097087376
2026-08-31 19:34:00,38.76424,38.23673954545455,38.385529166666664,38.4856837254902,38.69247427184466
2026-08-31 19:35:00,,38.23673954545455,38.39083956521739,38.491155,38.69247427184466
2026-08-31 19:36:00,38.6389,38.26310045454546,38.39904826086957,38.493203,38.69195913461538
2026-08-31 19:37:00,38.649945,38.29978181818182,38.40950229166667,38.5018507,38.68930985576923
2026-08-31 19:38:00,38.6765,38.31014363636364,38.411059375,38.5074875,38.690708942307694
2026-08-31 19:39:00,39.04483,38.38108818181818,38.424283124999995,38.5288157,38.68980557692308
2026-08-31 19:40:00,39.041070000000005,38.458180909090906,38.44937395833333,38.538859901960784,38.687217403846155
2026-08-31 19:41:00,38.05106,38.47423818181818,38.43887229166666,38.52775705882353,38.67809221153846
2026-08-31 19:42:00,38.08771,38.4420275,38.42008104166667,38.52662333333333,38.67299038461538
2026-08-31 19:43:00,38.49284,38.47981333333333,38.419673958333334,38.52597365384615,38.66771759615384
2026-08-31 19:44:00,,38.54349727272727,38.3945247826087,38.52603186274509,38.6673072815534
2026-08-31 19:45:00,38.19255,38.51425166666667,38.385465869565216,38.526705588235295,38.6656818446602
2026-08-31 19:46:00,38.81387,38.561150833333336,38.38900282608696,38.523583823529414,38.66321140776699
2026-08-31 19:47:00,38.22997,38.55695708333334,38.401907173913045,38.511788137254904,38.656131699029125
2026-08-31 19:48:00,38.38269,38.54355192307692,38.40110645833334,38.505453431372544,38.64775208737864
2026-08-31 19:49:00,37.84197,38.47260807692308,38.36450166666666,38.48580225490196,38.64174422330097
2026-08-31 19:50:00,39.04912,38.5137875,38.3918864,38.498554019607845,38.6529036407767
2026-08-31 19:51:00,39.50925,38.57595535714285,38.438299199999996,38.516876960784316,38.663827524271845
2026-08-31 19:52:00,38.70707,38.580035714285714,38.456724,38.520534519230765,38.666906165048545
2026-08-31 19:53:00,38.19622,38.54573,38.442072,38.50514336538461,38.66100606796117
2026-08-31 19:54:00,38.31906,38.49388928571428,38.4442568,38.49033951923077,38.660344126213595
2026-08-31 19:55:00,38.03618,38.422111428571434,38.437982000000005,38.485128749999994,38.65147752427184
2026-08-31 19:56:00,38.13916,38.42840428571429,38.4485712,38.46982951923077,38.639348883495146
2026-08-31 19:57:00,,38.454611538461535,38.4485712,38.454702647058824,38.635596029411765
2026-08-31 19:58:00,38.78619,38.477176923076925,38.4784424,38.4570712745098,38.62575004901961
2026-08-31 19:59:00,38.68769,38.49221357142857,38.5147784,38.469282450980394,38.616324656862744
2026-08-31 20:00:00,,38.515264615384616,38.5147784,38.4757027,38.61445212871288
2026-08-31 20:01:00,38.11865,38.461786153846155,38.5094812,38.4744389,38.609591323529415
2026-08-31 20:02:00,38.49022,38.481805384615384,38.5178782,38.4673231,38.603638970588236
2026-08-31 20:03:00,38.88239,38.520243846153846,38.53189788461538,38.4660913,38.59492132352941
2026-08-31 20:04:00,38.56767,38.57606692307692,38.5243375,38.4577095,38.58975014705882
2026-08-31 20:05:00,39.166484999999994,38.585094999999995,38.54812074074074,38.4757714,38.595349514563104
2026-08-31 20:06:00,38.57054,38.51288653846154,38.54558888888889,38.4781802,38.59062417475728
2026-08-31 20:07:00,38.62928,38.50690269230769,38.54482351851852,38.48114294117647,38.59099586538461
2026-08-31 20:08:00,39.08937,38.57560653846154,38.560114999999996,38.48997117647058,38.58861673076923
2026-08-31 20:09:00,,38.59698541666666,38.541472115384614,38.4852214,38.584292427184465
2026-08-31 20:10:00,38.75095,38.65654958333334,38.53031365384616,38.4914626,38.57970330097088
2026-08-31 20:11:00,39.12572,38.738762916666666,38.57164673076923,38.507915000000004,38.58495346153846
2026-08-31 20:12:00,38.738209999999995,38.73872038461539,38.59666596153846,38.5119052,38.58568538461538
2026-08-31 20:13:00,,38.73476458333334,38.600819,38.51209489795919,38.58072660194175
2026-08-31 20:14:00,38.91721,38.75389125,38.612987884615386,38.510443979591834,38.57150665048544
2026-08-31 20:15:00,39.008894999999995,38.77350692307692,38.64438576923077,38.52285193877551,38.57571230769231
2026-08-31 20:16:00,,38.82807833333333,38.6376064,38.51848385416667,38.568779951456314
2026-08-31 20:17:00,38.41573,38.82187083333333,38.6450368,38.5285371875,38.56478946601942
2026-08-31 20:18:00,38.60897,38.79908583333333,38.654088,38.530178673469386,38.56521427884615
2026-08-31 20:19:00,38.43002,38.787614999999995,38.67761,38.52425081632653,38.560206009615385
2026-08-31 20:20:00,38.80267,38.757297083333334,38.667752,38.5298192,38.561461105769226
2026-08-31 20:21:00,39.0461,38.79692708333334,38.649226000000006,38.5437626,38.55876033653846
2026-08-31 20:22:00,38.30064,38.769540416666665,38.6329688,38.544846400000004,38.55307225961539
2026-08-31 20:23:00,38.858395,38.7502925,38.659455799999996,38.5507639,38.553630673076924
2026-08-31 20:24:00,38.684985,38.74526884615385,38.674092800000004,38.5591748,38.558984374999994
2026-08-31 20:25:00,38.91403,38.75781346153846,38.7092068,38.5735944,38.56823293269231
2026-08-31 20:26:00,,38.72715458333334,38.73295875,38.58786306122449,38.57335101941747
2026-08-31 20:27:00,38.94882,38.74470541666667,38.741593200000004,38.5950822,38.578225194174756
2026-08-31 20:28:00,39.06987,38.76971807692308,38.7529404,38.6156914,38.58417927184466
2026-08-31 20:29:00,38.86959,38.766055,38.7602164,38.6374974,38.58460927184466
2026-08-31 20:30:00,38.71936,38.74378307692308,38.758645,38.639102549019604,38.58337422330097
2026-08-31 20:31:00,38.66381,38.73807071428571,38.779612692307694,38.647195294117644,38.57388509708738
2026-08-31 20:32:00,38.5267,38.74599714285715,38.78101576923077,38.65202676470588,38.56531354368932
2026-08-31 20:33:00,38.63554,38.74789500000001,38.77152153846154,38.65170971153846,38.56456014563107
2026-08-31 20:34:00,38.5835,38.75885785714286,38.77213038461538,38.64823394230769,38.56774791262136
2026-08-31 20:35:00,39.03767,38.775643571428574,38.76717596153846,38.655581792452836,38.57576296116505
2026-08-31 20:36:00,38.40905,38.73014,38.760964807692304,38.651245,38.574525582524274
2026-08-31 20:37:00,38.70425,38.75896928571429,38.76384826923077,38.65226962264151,38.57925072815534
2026-08-31 20:38:00,,38.751321153846156,38.7508274,38.65180365384616,38.58106044117647
2026-08-31 20:39:00,38.504909999999995,38.737469230769236,38.741369038461535,38.641420576923075,38.58622210784314
2026-08-31 20:40:00,38.48695,38.70461692307692,38.73121519230769,38.63076442307692,38.58525830097088
2026-08-31 20:41:00,38.69216,38.70372714285714,38.714539807692304,38.64309326923077,38.58598504854369
2026-08-31 20:42:00,,38.68487384615385,38.713593,38.653983137254905,38.59030323529412
2026-08-31 20:43:00,38.5608,38.64571461538461,38.707716346153845,38.65531568627451,38.5900167961165
2026-08-31 20:44:00,39.12426,38.66530461538461,38.715679807692304,38.664333846153845,38.59585422330097
2026-08-31 20:45:00,39.52835,38.72753461538461,38.73565884615385,38.6900223076923,38.60915674757281
2026-08-31 20:46:00,38.797174999999996,38.73779346153846,38.73793722222222,38.68970125,38.607448932038835
2026-08-31 20:47:00,38.93833,38.769457307692306,38.75729277777778,38.70332355769231,38.60848563106796
2026-08-31 20:48:00,38.94765,38.79346576923077,38.769836481481484,38.71418817307693,38.61083407766991
2026-08-31 20:49:00,,38.81096291666667,38.78290634615385,38.73129049019608,38.60854637254902
2026-08-31 20:50:00,39.19591,38.82414958333333,38.79803096153846,38.73416872549019,38.61636137254902
2026-08-31 20:51:00,39.703085,38.931985833333336,38.82329961538461,38.73796941176471,38.62742318627451
2026-08-31 20:52:00,38.7894,38.93908166666667,38.84209807692308,38.73958372549019,38.628995776699036
2026-08-31 20:53:00,38.91528,38.93725076923077,38.84428596153846,38.753682941176464,38.62820665048544
2026-08-31 20:54:00,39.162415,38.98782807692308,38.86264865384615,38.770219313725484,38.628920776699026
2026-08-31 20:55:00,39.06786,39.032513461538464,38.86856519230769,38.79044833333334,38.63630640776699
2026-08-31 20:56:00,39.57713,39.100588076923074,38.89480833333333,38.818643823529406,38.64254339805825
2026-08-31 20:57:00,39.75621,39.147418214285715,38.92471166666666,38.83667394230769,38.64754252427184
2026-08-31 20:58:00,39.24324,39.19616392857143,38.93113277777778,38.84546336538462,38.653152718446606
2026-08-31 20:59:00,39.75275,39.24105607142857,38.963842407407405,38.86594528846154,38.669539417475725
2026-08-31 21:00:00,38.99859,39.20321607142857,38.97418425925926,38.86844801886792,38.67779495145631
2026-08-31 21:01:00,,39.234449999999995,38.986121730769234,38.88286721153846,38.68265725490196
2026-08-31 21:02:00,39.366434999999996,39.26738115384615,39.018419230769226,38.8997175,38.687759460784314
2026-08-31 21:03:00,38.549485000000004,39.23675307692308,39.01510942307692,38.89331548076923,38.6838918627451
2026-08-31 21:04:00,39.21122,39.23492928571428,39.0392525,38.90569144230769,38.68609245098039
2026-08-31 21:05:00,39.00405,39.221225000000004,39.03795942307692,38.90256769230769,38.693353823529414
2026-08-31 21:06:00,38.5845,39.14132607142857,39.0447075,38.90283615384615,38.69467147058824
2026-08-31 21:07:00,38.26157,39.10362392857143,39.02768134615384,38.89576480769231,38.69046660194175
2026-08-31 21:08:00,38.96028,39.10683821428571,39.025185,38.89328230769231,38.693584563106796
2026-08-31 21:09:00,39.00822,39.095824285714286,39.04382611111111,38.89545094339623,38.69631038834952
2026-08-31 21:10:00,39.42884,39.12160857142857,39.078710925925925,38.90824132075472,38.70592155339806
2026-08-31 21:11:00,39.71056,39.131139285714276,39.11642944444444,38.91927603773585,38.71958621359224
2026-08-31 21:12:00,39.19152,39.090804285714285,39.119111249999996,38.92782905660377,38.72592427184466
2026-08-31 21:13:00,38.8717,39.06426571428572,39.130214821428574,38.92678962962963,38.729507669902915
2026-08-31 21:14:00,38.87811,39.00179142857143,39.12142375,38.92606555555556,38.728342669902915
2026-08-31 21:15:00,38.26545,38.94942428571428,39.076320178571436,38.91229805555555,38.72702757281554
2026-08-31 21:16:00,38.65815,38.930006,39.071355,38.90767718181818,38.72630553398058
2026-08-31 21:17:00,38.47247,38.87040833333333,39.05471714285714,38.908708818181815,38.73154145631068
2026-08-31 21:18:00,39.073855,38.905366333333326,39.05922446428571,38.91716127272728,38.734832932692306
2026-08-31 21:19:00,,38.883519642857145,39.05922446428571,38.9261824074074,38.73497223300971
2026-08-31 21:20:00,39.15702,38.89444607142857,39.05783553571428,38.93274444444445,38.73903038461538
2026-08-31 21:21:00,39.924,38.99012464285714,39.06572535714285,38.949001851851854,38.75417528846154
2026-08-31 21:22:00,39.0134,39.04382678571428,39.073725357142855,38.962201111111106,38.761549807692305
2026-08-31 21:23:00,38.84444,39.0355525,39.07119535714286,38.961942685185186,38.76426057692308
2026-08-31 21:24:00,39.48155,39.06936178571429,39.08259303571429,38.976693888888896,38.775963557692315
2026-08-31 21:25:00,39.18922,39.05224607142857,39.08692732142857,38.98179,38.785542115384615
2026-08-31 21:26:00,39.040814999999995,39.00440714285714,39.067773214285715,38.982863181818175,38.79675735576923
2026-08-31 21:27:00,,38.99001384615384,39.04227555555556,38.98349361111111,38.79675735576923
2026-08-31 21:28:00,,38.99987333333333,39.03454615384615,38.981863867924524,38.804110242718444
2026-08-31 21:29:00,38.86183,38.99851666666667,39.00028,38.98171745283018,38.81462033980582
2026-08-31 21:30:00,,39.06515909090909,39.0003476,38.98676278846154,38.81462033980582
2026-08-31 21:31:00,38.886250000000004,39.08589545454545,38.99595923076923,38.991040480769236,38.82078703883495
2026-08-31 21:32:00,,39.147238,38.9811402,39.000145196078435,38.82608598039216
2026-08-31 21:33:00,37.94883,39.0347355,38.957114000000004,38.98668029411765,38.81756893203884
2026-08-31 21:34:00,38.199615,38.95881545454545,38.9166498,38.9791531372549,38.812087135922326
2026-08-31 21:35:00,38.41814,38.89164454545455,38.8932134,38.96700549019608,38.80829918269231
2026-08-31 21:36:00,38.60529,38.771761818181815,38.894045,38.97085333333333,38.80797600961539
2026-08-31 21:37:00,39.66299,38.83081545454545,38.9501018,38.989652156862746,38.817716826923075
2026-08-31 21:38:00,39.413705,38.882566818181814,38.9682388,38.99780701923077,38.82480533653846
2026-08-31 21:39:00,39.23312,38.85998227272727,38.9772348,39.011811057692306,38.82661581730769
2026-08-31 21:40:00,38.88152,38.83200954545454,38.955342,39.019398942307696,38.82508168269231
2026-08-31 21:41:00,39.41212,38.865764545454546,38.943404400000006,39.033244326923075,38.83816879807692
2026-08-31 21:42:00,,38.865764545454546,38.93306625,39.033244326923075,38.84545480582524
2026-08-31 21:43:00,39.15481,38.889851666666665,38.944862500000006,39.04466759615384,38.85188169902912
2026-08-31 21:44:00,40.011,38.985615833333334,38.99206625,39.06172028846154,38.86302706730769
2026-08-31 21:45:00,,38.985615833333334,39.02365826086957,39.052570686274514,38.869536553398056
2026-08-31 21:46:00,39.22691,39.014004166666666,39.04838695652174,39.0609968627451,38.87354665048544
2026-08-31 21:47:00,39.02157,39.01458615384615,39.07226086956522,39.06262901960784,38.88123208737864
2026-08-31 21:48:00,39.23038,39.113166923076925,39.07906630434782,39.06817274509804,38.88946208737864
2026-08-31 21:49:00,38.8581,39.16381961538462,39.069859375,39.06413288461538,38.89932742718447
2026-08-31 21:50:00,39.17779,39.22225423076923,39.07072479166666,39.063784423076925,38.90057665048544
2026-08-31 21:51:00,38.66263,39.226665,39.01816770833333,39.04377567307692,38.89235703883495
2026-08-31 21:52:00,39.1073,39.18391961538462,39.02208020833333,39.049889134615384,38.89624276699029
2026-08-31 21:53:00,39.2199,39.16901153846154,39.037724375,39.05574721153847,38.90618140776699
2026-08-31 21:54:00,38.87053,39.14112,39.01226520833333,39.050134038461536,38.91153548543689
2026-08-31 21:55:00,39.16997,39.16330846153846,39.011463125,39.0520976923077,38.9225431553398
2026-08-31 21:56:00,39.69457,39.18503538461538,39.038702916666665,39.05435615384616,38.93764422330097
2026-08-31 21:57:00,,39.18503538461538,39.038702916666665,39.04059431372549,38.93764422330097
2026-08-31 21:58:00,38.91514,39.16659923076923,39.0337604,39.03416098039216,38.93889616504855
2026-08-31 21:59:00,,39.0962325,39.04092416666666,39.0197892,38.94135897058823
2026-08-31 22:00:00,39.15861,39.10103076923077,39.0456316,39.0229896,38.94346820388349
2026-08-31 22:01:00,39.30287,39.106873846153846,39.0622964,39.02847745098039,38.954965485436894
2026-08-31 22:02:00,38.88696,39.09651923076923,39.05555269230769,39.01907598039215,38.958817330097084
2026-08-31 22:03:00,39.091544999999996,39.085839615384614,39.099503269230766,39.029704607843136,38.96084796116505
2026-08-31 22:04:00,,39.10481791666667,39.1354988,39.0260743,38.96470264705883
2026-08-31 22:05:00,38.90238,39.08186708333333,39.1548684,39.0240409,38.96211338235294
2026-08-31 22:06:00,38.846945,39.097226666666664,39.1645346,39.0292898,38.96482323529411
2026-08-31 22:07:00,38.58725,39.053889166666664,39.121505,39.0358034,38.96441117647059
2026-08-31 22:08:00,39.699124999999995,39.09382458333334,39.1329218,39.0505803,38.97038916666666
2026-08-31 22:09:00,38.85518,39.09254541666666,39.1178042,39.0475195,38.969270631067964
2026-08-31 22:10:00,39.18,39.09338125,39.1297434,39.0425427,38.97343616504854
2026-08-31 22:11:00,39.89935,39.11044625,39.1492326,39.0463185,38.98094713592233
2026-08-31 22:12:00,,39.11044625,39.1492326,39.043355204081635,38.983326911764706
2026-08-31 22:13:00,39.17138,39.13179958333333,39.1498954,39.04947112244898,38.98515266990292
2026-08-31 22:14:00,38.932265,39.11645076923077,39.106746,39.05057632653062,38.98529883495146
2026-08-31 22:15:00,39.403925,39.13532115384615,39.118175961538455,39.073810510204076,38.9891340776699
2026-08-31 22:16:00,39.48941,39.14967038461538,39.12827211538461,39.090775,38.99394442307692
2026-08-31 22:17:00,38.990610000000004,39.15764346153846,39.127081346153844,39.101349285714285,38.99947211538461
2026-08-31 22:18:00,39.32914,39.175920000000005,39.13087980769231,39.10655918367347,39.00639682692308
2026-08-31 22:19:00,39.84305,39.223572142857144,39.1687625,39.121289,39.019983653846154
2026-08-31 22:20:00,39.0549,39.23446642857143,39.16403596153846,39.119246600000004,39.02240894230769
2026-08-31 22:21:00,39.16883,39.25745821428571,39.18350519230769,39.1041432,39.02358903846154
2026-08-31 22:22:00,,39.30901269230769,39.1865534,39.10599510204082,39.030607961165046
2026-08-31 22:23:00,,39.27650333333333,39.18516395833333,39.111444166666665,39.032296323529415
2026-08-31 22:24:00,39.60937,39.339352500000004,39.215948958333335,39.11410708333333,39.04135892156863
2026-08-31 22:25:00,39.316739999999996,39.350747500000004,39.222064374999995,39.11676375,39.045307058823525
2026-08-31 22:26:00,39.42218,39.31098333333333,39.21071479166667,39.12470885416666,39.04896601941747
2026-08-31 22:27:00,39.21834,39.30385692307692,39.2110198,39.12661969387755,39.0515827184466
2026-08-31 22:28:00,38.28186,39.23543230769231,39.185688600000006,39.1097245,39.043932135922326
2026-08-31 22:29:00,38.26578,39.184164230769234,39.150307500000004,39.0978035,39.038069902912625
2026-08-31 22:30:00,38.90832,39.146040769230765,39.14068096153846,39.0940881372549,39.03990446601942
2026-08-31 22:31:00,38.93216,39.10317538461538,39.12642288461538,39.09498833333333,39.04250980582524
2026-08-31 22:32:00,,39.11255583333333,39.1360014,39.09498833333333,39.047566764705884
2026-08-31 22:33:00,39.24213,39.105304999999994,39.1420248,39.12034715686275,39.0535137254902
2026-08-31 22:34:00,,39.038237272727265,39.1420248,39.138761800000005,39.05816732673267
2026-08-31 22:35:00,38.84064,39.01875909090909,39.1395552,39.1472118,39.056216534653466
2026-08-31 22:36:00,38.64144,38.970814545454544,39.131335,39.1479348,39.05851742574257
2026-08-31 22:37:00,39.23451,38.99278916666667,39.1572254,39.1393652,39.06376752475248
2026-08-31 22:38:00,,38.99278916666667,39.13464625,39.13376642857143,39.06376752475248
2026-08-31 22:39:00,38.57676,38.90673833333333,39.12304541666666,39.12037132653061,39.06447891089109
2026-08-31 22:40:00,38.96132,38.87712,39.11393375,39.121999897959185,39.06917564356436
2026-08-31 22:41:00,39.1278,38.85258833333334,39.081785833333335,39.11619744897959,39.073488910891086
2026-08-31 22:42:00,39.30203,38.8595625,39.0905956,39.1199141,39.07572950980392
2026-08-31 22:43:00,38.59455,38.88562,39.0675224,39.108708899999996,39.07606039215687
2026-08-31 22:44:00,38.52719,38.90740416666667,39.051319400000004,39.0790327,39.07020676470588
2026-08-31 22:45:00,39.26829,38.937401666666666,39.045894,39.08274362745098,39.067657156862744
2026-08-31 22:46:00,38.95451,38.93926416666667,39.024498,39.07740245098039,39.06919965686274
2026-08-31 22:47:00,38.51506,38.90663307692308,39.005476,39.06747088235294,39.065049950980395
2026-08-31 22:48:00,39.02568,38.88998307692307,38.9933376,39.063457156862746,39.06581495098039
2026-08-31 22:49:00,39.69756,38.94766714285714,38.987518,39.07991715686275,39.071948398058254
2026-08-31 22:50:00,39.7463,39.01235714285714,39.015174,39.091064411764705,39.077291990291265
2026-08-31 22:51:00,39.09414,39.044692857142856,39.0121864,39.09952539215686,39.07137990291262
2026-08-31 22:52:00,,39.030091538461534,39.0121864,39.0993699,39.0741444117647
2026-08-31 22:53:00,39.278755000000004,39.047853214285716,39.02243903846154,39.100547,39.077707892156866
2026-08-31 22:54:00,39.60202,39.12108607142857,39.02215634615385,39.1151768,39.082017745098035
2026-08-31 22:55:00,39.306695,39.14575571428571,39.021770000000004,39.1179113,39.08435926470589
2026-08-31 22:56:00,38.333815,39.089042500000005,38.97990980769231,39.090696200000004,39.072169901960784
2026-08-31 22:57:00,38.60228,39.039060357142866,38.956215192307695,39.0811194117647,39.0608568627451
2026-08-31 22:58:00,38.692335,39.046045,38.97200269230769,39.07675068627451,39.05545583333333
2026-08-31 22:59:00,39.30661,39.10171785714285,39.012034615384614,39.08117105769231,39.051081911764705
2026-08-31 23:00:00,39.122545,39.091307500000006,39.020274038461544,39.0804775,39.05229715686275
2026-08-31 23:01:00,,39.10183038461539,39.0237986,39.076116862745096,39.05229715686275
2026-08-31 23:02:00,39.01907,39.14060038461538,39.02361673076923,39.07870725490196,39.04889161764706
2026-08-31 23:03:00,38.27131,39.08257192307693,38.9862775,39.06262421568628,39.04616441176471
2026-08-31 23:04:00,39.15884,39.041131923076925,38.9926687037037,39.064474519230764,39.045650882352945
2026-08-31 23:05:00,39.53846,39.025144230769236,39.01851388888889,39.07670682692307,39.05089019607843
2026-08-31 23:06:00,,39.01939458333333,39.03301673076923,39.08121196078431,39.05550792079208
2026-08-31 23:07:00,39.11442,39.02670423076923,39.02839788461539,39.091548627450976,39.06395198019802
2026-08-31 23:08:00,38.82765,38.99200384615385,39.020962777777775,39.074460882352945,39.062638811881186
2026-08-31 23:09:00,,38.94116916666667,39.0380475,39.0788465,39.063183
2026-08-31 23:10:00,39.36516,38.94604125,39.05357980769231,39.0825497,39.0625462
2026-08-31 23:11:00,38.747209999999995,38.980490833333334,39.03894173076923,39.0595069,39.0529127
2026-08-31 23:12:00,39.150645,39.026187916666665,39.03311923076923,39.06129392156863,39.05250395
2026-08-31 23:13:00,,39.05653818181818,39.050662,39.0590922,39.054330252525254
2026-08-31 23:14:00,39.68759,39.09117272727273,39.097078,39.0741987,39.06250681818182
2026-08-31 23:15:00,39.70119,39.14377681818182,39.114394000000004,39.080144,39.077009242424246
2026-08-31 23:16:00,39.28394,39.15545708333334,39.1275712,39.0760346,39.08333035353535
2026-08-31 23:17:00,,39.16785590909091,39.1530925,39.07777795918368,39.08956362244898
2026-08-31 23:18:00,38.7291,39.209473181818176,39.140735,39.06553224489796,39.08604571428572
2026-08-31 23:19:00,38.829705000000004,39.179551818181814,39.104574375,39.04485173469388,39.083456414141416
2026-08-31 23:20:00,39.10602,39.14023909090909,39.07789604166667,39.045895,39.08294126262626
2026-08-31 23:21:00,39.01265,39.12960666666667,39.074500625000006,39.04270765306122,39.0737357070707
2026-08-31 23:22:00,38.55842,39.08327333333333,39.0538574,39.0330219,39.069139949494954
2026-08-31 23:23:00,,39.106511818181815,39.044486666666664,39.0330219,39.07143280612245
2026-08-31 23:24:00,39.19176,39.113615833333334,39.0273925,39.0246697,39.06847576530612
2026-08-31 23:25:00,38.80737,39.06713333333334,39.00658729166667,39.0144823,39.064579336734695
2026-08-31 23:26:00,39.02268,39.090089166666665,39.035289999999996,39.0064923,39.064394285714286
2026-08-31 23:27:00,39.35951,39.107494583333335,39.066841249999996,39.009315699999995,39.06737525252526
2026-08-31 23:28:00,,39.107494583333335,39.08312413043478,39.02416173469388,39.06737525252526
2026-08-31 23:29:00,,39.05475863636364,39.07296568181818,39.039961354166664,39.069472653061226
2026-08-31 23:30:00,38.94399,38.98592227272727,39.06484954545454,39.04070447916666,39.06820515151515
2026-08-31 23:31:00,38.79135,38.94114136363636,39.052958260869566,39.0377709375,39.06724656565656
2026-08-31 23:32:00,39.2182,38.96422958333333,39.061616086956526,39.04145316326531,39.0687561
2026-08-31 23:33:00,39.260975,39.0085525,39.104645,39.041837755102044,39.08187755
2026-08-31 23:34:00,39.40752,39.05670375,39.11545717391304,39.0491514,39.0939566
2026-08-31 23:35:00,39.30016,39.07288208333333,39.10509630434783,39.0583418,39.102776799999994
2026-08-31 23:36:00,39.09954,39.08012291666667,39.104864791666664,39.0675038,39.1077193
2026-08-31 23:37:00,39.33938,39.14520291666667,39.114238125,39.0696012,39.1044832
2026-08-31 23:38:00,39.05328,39.13813192307693,39.123639374999996,39.06928117647059,39.10087895
2026-08-31 23:39:00,39.71937,39.17871730769231,39.147468599999996,39.091685294117646,39.105741450000004
2026-08-31 23:40:00,,39.209662916666666,39.138398125,39.094292599999996,39.10800631313131
2026-08-31 23:41:00,38.96771,39.20508208333333,39.147585625,39.091090799999996,39.103517323232325
2026-08-31 23:42:00,38.44595,39.12895208333333,39.11822333333333,39.07396919999999,39.09694165
2026-08-31 23:43:00,38.43707,39.07573038461538,39.0909772,39.07081960000001,39.08976425
2026-08-31 23:44:00,,39.07573038461538,39.06611833333333,39.081914081632654,39.080458838383834
2026-08-31 23:45:00,40.446255,39.19128923076923,39.097162708333336,39.10595418367347,39.0941168
2026-08-31 23:46:00,39.81483,39.270018461538456,39.119283125,39.12351173469388,39.099996000000004
2026-08-31 23:47:00,39.66562,39.30443538461539,39.1411366,39.1469925510204,39.1064365
2026-08-31 23:48:00,,39.30805708333333,39.158304791666666,39.14951989583333,39.10518454545455
2026-08-31 23:49:00,,39.299015000000004,39.17259173913043,39.13785946808511,39.10770581632653
2026-08-31 23:50:00,39.83004,39.34718590909091,39.204070869565214,39.13964117021277,39.11436142857143
2026-08-31 23:51:00,38.69561,39.310465,39.19028652173913,39.13116180851064,39.11469795918367
2026-08-31 23:52:00,,39.307573500000004,39.219007727272725,39.13116180851064,39.11477422680412
2026-08-31 23:53:00,39.12605,39.3148505,39.21496608695652,39.127912765957454,39.11380670103093
2026-08-31 23:54:00,39.16168,39.2590815,39.213658260869565,39.118543829787235,39.11680824742268
2026-08-31 23:55:00,39.65619,39.295182272727274,39.25056347826087,39.12597989361702,39.121820824742265
2026-08-31 23:56:00,39.102925,39.30747454545454,39.25405239130435,39.142343936170214,39.11572139175258
2026-08-31 23:57:00,39.00013,39.35785454545454,39.238427173913045,39.15080882978724,39.1145418877551
2026-08-31 23:58:00,39.34865,39.44072545454546,39.24301979166667,39.164772978723406,39.11896545918367
2026-08-31 23:59:00,39.31828,39.43052166666667,39.2460302,39.165021276595745,39.12097873737373
2026-09-01 00:00:00,39.75417,39.372847916666665,39.2784374,39.17846010638298,39.12699449494949
2026-09-01 00:01:00,39.53474,39.349507083333336,39.308173,39.18588260416667,39.129336616161616
2026-09-01 00:02:00,38.9635,39.29099708333333,39.297985,39.184724895833334,39.13010974747475
2026-09-01 00:03:00,39.31371,39.29274423076923,39.300094400000006,39.2064415625,39.132353838383835
2026-09-01 00:04:00,39.12865,39.28102321428571,39.2889396,39.20581260416667,39.1323168
2026-09-01 00:05:00,39.58098,39.26323321428571,39.300172399999994,39.2066984375,39.1391028
2026-09-01 00:06:00,39.49856,39.32058678571428,39.316133199999996,39.21265479591837,39.14561895
2026-09-01 00:07:00,38.94059,39.29525366666667,39.3001816,39.20910724489796,39.14915235
2026-09-01 00:08:00,38.55903,39.25745233333334,39.2804116,39.20362520408163,39.1377514
2026-09-01 00:09:00,39.19766,39.259851,39.259543199999996,39.2035059,39.1411762
2026-09-01 00:10:00,39.638715000000005,39.258686000000004,39.27412673076923,39.208977,39.14576335
2026-09-01 00:11:00,38.91275,39.246007666666664,39.272012884615386,39.2122878,39.13589735
2026-09-01 00:12:00,,39.263570357142854,39.30505539999999,39.21354581632653,39.13589735
2026-09-01 00:13:00,39.428425,39.269268571428576,39.3447096,39.2178434,39.1384678
2026-09-01 00:14:00,39.83564,39.306222857142856,39.36359153846154,39.2208044,39.147501549999994
2026-09-01 00:15:00,39.67913,39.30086285714286,39.334086730769236,39.2203632,39.1502536
2026-09-01 00:16:00,39.24893,39.28044785714286,39.312321346153844,39.219663,39.1478488
2026-09-01 00:17:00,39.23798,39.30005357142857,39.29587365384616,39.22002215686275,39.150322499999994
2026-09-01 00:18:00,39.061195,39.28201678571428,39.287181851851855,39.226533823529415,39.14764305
2026-09-01 00:19:00,39.13829,39.28270535714285,39.281864285714285,39.23258450980392,39.14059545
2026-09-01 00:20:00,39.92366,39.3071825,39.28520785714285,39.24861666666666,39.14928305
2026-09-01 00:21:00,39.0626,39.2760425,39.29831464285714,39.249596078431374,39.14822075
2026-09-01 00:22:00,,39.30184653846153,39.29831464285714,39.2634196,39.14822075
2026-09-01 00:23:00,39.03392,39.33837653846154,39.295024285714284,39.25891960784313,39.14708905940594
2026-09-01 00:24:00,39.073,39.32878730769231,39.29185714285715,39.25659098039216,39.14177846534653
2026-09-01 00:25:00,39.88201,39.34750230769231,39.29992214285715,39.27766235294118,39.1473751980198
2026-09-01 00:26:00,39.88251,39.422099230769234,39.327764464285714,39.294521764705884,39.15193292079208
2026-09-01 00:27:00,39.63882,39.437579285714286,39.35057482142857,39.29999843137255,39.156096089108914
2026-09-01 00:28:00,39.818655,39.46545285714286,39.36736071428572,39.30997259615385,39.171311881188124
2026-09-01 00:29:00,39.52979,39.443606428571435,39.37491464285714,39.31412009433962,39.18382683168317
2026-09-01 00:30:00,39.47078,39.42872428571429,39.36479357142857,39.32405952830189,39.189395742574256
2026-09-01 00:31:00,38.85754,39.40076785714285,39.34060785714286,39.32530839622641,39.18865693069307
2026-09-01 00:32:00,,39.413289999999996,39.35457481481482,39.32736817307692,39.18865693069307
2026-09-01 00:33:00,39.11047,39.41708038461539,39.3470474074074,39.32447384615384,39.18735336633663
2026-09-01 00:34:00,39.82589,39.46997269230769,39.37287111111112,39.332519423076924,39.19361352941176
2026-09-01 00:35:00,,39.43216541666666,39.364866923076924,39.33315392156862,39.19710831683168
2026-09-01 00:36:00,39.70421,39.48563291666667,39.37277653846154,39.345010196078434,39.20763079207921
2026-09-01 00:37:00,39.64747,39.498081923076924,39.39996423076923,39.351051176470584,39.211719504950494
2026-09-01 00:38:00,40.04714,39.57602192307692,39.45719923076923,39.37053862745098,39.21990990196078
2026-09-01 00:39:00,39.795445,39.631594615384614,39.48019096153847,39.37203029411765,39.23185779411765
2026-09-01 00:40:00,,39.610726666666665,39.47385,39.37203029411765,39.234536386138615
2026-09-01 00:41:00,39.35945,39.56713833333333,39.491718,39.379711470588234,39.23682995049505
2026-09-01 00:42:00,38.91842,39.507105,39.46966807692308,39.3889755882353,39.23303183168317
2026-09-01 00:43:00,38.62511,39.40764291666667,39.43877134615384,39.39266264705882,39.23333440594059
2026-09-01 00:44:00,39.87815,39.436672916666666,39.44040634615384,39.40199894230769,39.24671024752475
2026-09-01 00:45:00,40.44154,39.517569583333334,39.4697298076923,39.401908269230766,39.25832658415842
2026-09-01 00:46:00,40.1905,39.628649583333335,39.50594403846154,39.40913269230769,39.27056410891089
2026-09-01 00:47:00,39.58526,39.62531192307692,39.51930096153846,39.40758730769231,39.28116014851485
2026-09-01 00:48:00,39.86132,39.68306961538462,39.550075,39.41614830188679,39.28943381188119
2026-09-01 00:49:00,39.70609,39.67385423076923,39.571913461538465,39.42151759259259,39.289518267326734
2026-09-01 00:50:00,39.42236,39.65589035714286,39.55263269230769,39.41396796296297,39.286310940594056
2026-09-01 00:51:00,39.01197,39.60644464285714,39.550685384615385,39.419826481481486,39.28549737623762
2026-09-01 00:52:00,38.996804999999995,39.55996857142857,39.530171296296295,39.41213518181818,39.282667058823534
2026-09-01 00:53:00,,39.52249384615384,39.54925788461538,39.417433055555556,39.282705792079206
2026-09-01 00:54:00,38.696650000000005,39.437971153846156,39.53478288461538,39.40882138888889,39.273741732673265
2026-09-01 00:55:00,38.7585,39.3894375,39.491570961538464,39.3921975,39.26831405940594
2026-09-01 00:56:00,38.8792,39.355133928571426,39.452982115384614,39.38805444444444,39.27371391089109
2026-09-01 00:57:00,38.74388,39.342666785714286,39.41856134615385,39.38330907407407,39.27511589108911
2026-09-01 00:58:00,38.984485,39.36833642857143,39.38647788461538,39.37656527777777,39.27800846534654
2026-09-01 00:59:00,39.130790000000005,39.314953571428575,39.371131730769235,39.37309324074074,39.27626767326733
2026-09-01 01:00:00,38.05926,39.14479071428571,39.3168425,39.34170601851852,39.265740099009896
2026-09-01 01:01:00,37.95747,38.98528857142857,39.28222442307692,39.31249731481481,39.25291392156863
2026-09-01 01:02:00,38.85555,38.93316642857143,39.266421666666666,39.31049824074074,39.25131078431372
2026-09-01 01:03:00,39.34829,38.896521428571425,39.27522981481482,39.31113861111111,39.26186941176471
2026-09-01 01:04:00,38.80718,38.83231357142857,39.23749981481482,39.30518546296297,39.25842176470588
2026-09-01 01:05:00,39.32016,38.82501357142858,39.24045196428572,39.30035546296296,39.25628156862746
2026-09-01 01:06:00,38.93578,38.81957142857142,39.21300803571428,39.28993361111111,39.253169902912624
2026-09-01 01:07:00,39.06334,38.824323928571424,39.19214625,39.29220675925926,39.25267398058252
2026-09-01 01:08:00,,38.824323928571424,39.160479814814806,39.306040283018866,39.25684088235295
2026-09-01 01:09:00,39.67811,38.89442821428572,39.156134074074075,39.31510537735849,39.26093087378641
2026-09-01 01:10:00,39.29622,38.93283678571429,39.161137142857136,39.30864320754717,39.26026155339806
2026-09-01 01:11:00,38.79706,38.926969642857145,39.14105178571429,39.30646037735849,39.26074553398058
2026-09-01 01:12:00,39.07243,38.95043750000001,39.146552142857146,39.30212648148149,39.259986165048545
2026-09-01 01:13:00,39.53768,38.98995142857143,39.17914392857143,39.30414972222223,39.26265629807693
2026-09-01 01:14:00,39.13294,38.99010500000001,39.152529285714294,39.29113675925927,39.257323125
2026-09-01 01:15:00,38.91385,39.05114714285714,39.09796892857143,39.27696490740741,39.24975254807692
2026-09-01 01:16:00,,39.13527615384615,39.05750481481481,39.27749386792453,39.24942063106796
2026-09-01 01:17:00,38.7932,39.13048,39.02816925925926,39.26910179245282,39.24503389423077
2026-09-01 01:18:00,39.41519,39.135626153846154,39.01164592592592,39.27578094339622,39.25163091346154
2026-09-01 01:19:00,39.38643,39.180183846153845,38.999806666666665,39.280462830188675,39.25698403846154
2026-09-01 01:20:00,,39.16851916666666,38.98355461538461,39.26809365384615,39.258449708737864
2026-09-01 01:21:00,38.80374,39.15751583333333,38.97554576923077,39.26311557692308,39.25642145631068
2026-09-01 01:22:00,,39.16607727272727,38.9746954,39.26311557692308,39.26326460784313
2026-09-01 01:23:00,39.42036,39.1872675,38.991836346153846,39.270547115384616,39.264789805825245
2026-09-01 01:24:00,39.00798,39.13142333333334,39.00381057692307,39.26929673076923,39.26300553398058
2026-09-01 01:25:00,39.26252,39.128615,39.02319596153846,39.25738346153846,39.26742446601941
2026-09-01 01:26:00,39.24231,39.16571916666667,39.03716173076923,39.24507192307693,39.269556796116504
2026-09-01 01:27:00,38.94835,39.15537916666667,39.04502596153846,39.231793653846154,39.26556495145631
2026-09-01 01:28:00,39.62074,39.16230083333333,39.06949730769231,39.22798759615385,39.26898009615384
2026-09-01 01:29:00,,39.164970000000004,39.0670456,39.222069901960786,39.26898009615384
2026-09-01 01:30:00,39.553115,39.223085,39.1267998,39.22368431372549,39.27483706730769
2026-09-01 01:31:00,,39.223085,39.175521875,39.2310072,39.279531116504856
2026-09-01 01:32:00,39.99927,39.332727727272726,39.223176875,39.246071176470586,39.28711432038835
2026-09-01 01:33:00,39.51326,39.34164318181818,39.230050625,39.253969019607844,39.28956368932039
2026-09-01 01:34:00,39.1868,39.323495,39.245868125,39.241437843137255,39.28742077669903
2026-09-01 01:35:00,39.65913,39.35146458333333,39.259991875000004,39.249470384615385,39.2909059223301
2026-09-01 01:36:00,39.19479,39.38405208333334,39.27078395833333,39.23967384615384,39.29183067961165
2026-09-01 01:37:00,39.34892,39.38134961538462,39.282683125,39.2339325,39.29192330097087
2026-09-01 01:38:00,38.76698,39.33108961538461,39.262055,39.209314038461535,39.28914368932039
2026-09-01 01:39:00,39.00606,39.33094192307693,39.235173,39.194133557692304,39.28221834951456
2026-09-01 01:40:00,40.10394,39.39566653846153,39.2674818,39.21129971698113,39.290119519230764
2026-09-01 01:41:00,39.51824,39.41689192307692,39.29632899999999,39.214295754716986,39.295413076923076
2026-09-01 01:42:00,39.51419,39.46041807692307,39.3139994,39.22553669811321,39.305684615384614
2026-09-01 01:43:00,38.8641,39.402215,39.287056199999995,39.23004594339623,39.309790673076925
2026-09-01 01:44:00,39.10116,39.380711071428564,39.285785000000004,39.21538575471698,39.30780371428571
2026-09-01 01:45:00,39.11974,39.34975571428571,39.294020599999996,39.19044613207547,39.29517023809524
2026-09-01 01:46:00,,39.34975571428571,39.294020599999996,39.17121432692307,39.290173509615386
2026-09-01 01:47:00,40.20343,39.36433857142857,39.3504298,39.18310221153846,39.29534475961538
2026-09-01 01:48:00,39.81638,39.38599,39.3664774,39.18223798076924,39.300307
2026-09-01 01:49:00,,39.4013123076923,39.365646041666665,39.17196637254902,39.300307
2026-09-01 01:50:00,39.204345,39.36632884615385,39.359193999999995,39.16769156862745,39.294348
2026-09-01 01:51:00,39.108605,39.35969923076923,39.3713886,39.16958637254902,39.29828128571429
2026-09-01 01:52:00,,39.3605975,39.3713886,39.173042,39.29828128571429
2026-09-01 01:53:00,39.63726,39.433120833333334,39.3800646,39.18214431372549,39.303149952380956
2026-09-01 01:54:00,,39.47194454545455,39.395568125,39.1918542,39.30451024038462
2026-09-01 01:55:00,39.49916,39.41696454545454,39.405428125,39.20666739999999,39.30300033653846
2026-09-01 01:56:00,39.8969,39.45138818181818,39.43270270833333,39.227021400000005,39.31063471153846
2026-09-01 01:57:00,,39.445108,39.45376152173913,39.23688142857143,39.31364932038835
2026-09-01 01:58:00,39.13026,39.471724,39.43243630434783,39.23985642857143,39.31152902912621
2026-09-01 01:59:00,38.89494,39.451102,39.410040625,39.2350431632653,39.307418932038836
2026-09-01 02:00:00,39.53548,39.492676,39.409305833333335,39.26517010204081,39.305295728155336
2026-09-01 02:01:00,,39.492676,39.409305833333335,39.29241385416666,39.3030462745098
2026-09-01 02:02:00,39.1049,39.382822999999995,39.372040416666664,39.29760864583333,39.30443254901961
2026-09-01 02:03:00,39.522725,39.353457500000005,39.37243479166667,39.301242708333334,39.306481715686274
2026-09-01 02:04:00,40.464659999999995,39.45447590909091,39.42567895833333,39.33577354166667,39.31957985294118
2026-09-01 02:05:00,,39.479489,39.415528913043474,39.33610574468085,39.316991732673266
2026-09-01 02:06:00,39.510085,39.519637,39.42923739130435,39.348325,39.31710584158416
2026-09-01 02:07:00,38.95378,39.46819545454545,39.41205739130435,39.34599393617022,39.317236435643565
2026-09-01 02:08:00,,39.451288999999996,39.441379090909095,39.34599393617022,39.3248185
2026-09-01 02:09:00,39.16135,39.42493090909091,39.448437727272726,39.334999042553186,39.324455400000005
2026-09-01 02:10:00,38.77858,39.35942363636364,39.38819409090909,39.323985425531916,39.31585405
2026-09-01 02:11:00,39.39008,39.31334909090909,39.38236863636364,39.33660287234042,39.32062735
2026-09-01 02:12:00,39.08345,39.29419083333333,39.36278954545455,39.33683734042553,39.31827905940594
2026-09-01 02:13:00,39.53592,39.32799583333333,39.39332681818182,39.33679989361703,39.31934336633663
2026-09-01 02:14:00,39.13252,39.34779416666667,39.39475227272727,39.33679095744681,39.31238178217822
2026-09-01 02:15:00,,39.33073181818182,39.407848095238094,39.345985326086954,39.3087143
2026-09-01 02:16:00,38.60711,39.27043,39.37145090909091,39.33026457446808,39.3022961
2026-09-01 02:17:00,39.11007,39.27086083333334,39.321752727272724,39.3370064893617,39.301017
2026-09-01 02:18:00,39.83891,39.297209583333334,39.322776818181815,39.346021808510635,39.30879415
2026-09-01 02:19:00,39.71412,39.234664583333334,39.33979173913043,39.352993936170215,39.31455245
2026-09-01 02:20:00,39.52995,39.25737884615384,39.35394847826087,39.35668052083333,39.310615350000006
2026-09-01 02:21:00,38.59626,39.18708461538461,39.331672608695655,39.35235802083333,39.30595195
2026-09-01 02:22:00,38.4234,39.146286153846155,39.293827916666665,39.333399693877546,39.297213811881186
2026-09-01 02:23:00,39.101475,39.14308535714286,39.27150354166667,39.326891836734696,39.297882673267324
2026-09-01 02:24:00,39.09396,39.13827178571428,39.2644018,39.32864653061225,39.29809019801981
2026-09-01 02:25:00,39.10735,39.16175535714286,39.248729399999995,39.32547979591837,39.290420297029705
2026-09-01 02:26:00,39.48183,39.16830892857143,39.2321266,39.33036795918367,39.28645316831683
2026-09-01 02:27:00,,39.17483653846154,39.2321266,39.33832666666667,39.2829295
2026-09-01 02:28:00,39.43707,39.16723269230769,39.244399,39.33450020833333,39.27911365
2026-09-01 02:29:00,39.135149999999996,39.167435,39.2540074,39.33043183673469,39.27516725
2026-09-01 02:30:00,38.66289,39.13139607142857,39.2191038,39.31226397959183,39.26708835
2026-09-01 02:31:00,38.859105,39.14939571428572,39.20525769230769,39.3032008,39.267103999999996
2026-09-01 02:32:00,39.14819,39.152118571428566,39.20692269230769,39.2861792,39.26592663366337
2026-09-01 02:33:00,39.21746,39.107729285714285,39.19518173076923,39.2802632,39.26698594059406
2026-09-01 02:34:00,,39.06108384615384,39.1444026,39.2821706122449,39.2613969
2026-09-01 02:35:00,39.22558,39.03767076923077,39.14752480769231,39.27332265306123,39.26104227722772
2026-09-01 02:36:00,,39.074455,39.1330224,39.27495875,39.2566106
2026-09-01 02:37:00,39.271635,39.14514125,39.14573659999999,39.27334864583333,39.25285225
2026-09-01 02:38:00,39.53473,39.18124583333333,39.16069788461538,39.2893434375,39.24772815
2026-09-01 02:39:00,39.51665,39.21647,39.17436326923077,39.29998072916667,39.2449402
2026-09-01 02:40:00,38.58563,39.17299333333333,39.166942115384614,39.26834927083333,39.238412376237626
2026-09-01 02:41:00,38.76426,39.113195833333336,39.14287211538462,39.25264135416666,39.23251940594059
2026-09-01 02:42:00,38.49718,39.065810000000006,39.12032326923077,39.231453645833334,39.22834871287129
2026-09-01 02:43:00,39.06308,39.03704153846154,39.102137115384615,39.2355990625,39.23268504950495
2026-09-01 02:44:00,39.42843,39.059601538461536,39.113518269230774,39.2424171875,39.22823237623762
2026-09-01 02:45:00,39.77203,39.14492,39.13790759259259,39.2560065625,39.221603564356435
2026-09-01 02:46:00,39.00126,39.155855,39.15250574074074,39.25080765306122,39.20982891089109
2026-09-01 02:47:00,38.165945,39.08029769230769,39.11753814814815,39.20922632653062,39.19577628712871
2026-09-01 02:48:00,38.24319,39.00535384615385,39.05843740740741,39.17712040816326,39.179755198019805
2026-09-01 02:49:00,38.88651,38.99686500000001,39.02778518518518,39.1713082,39.17164054455446
2026-09-01 02:50:00,38.87897,38.97210714285715,39.003674814814815,39.1648007,39.16626044554455
2026-09-01 02:51:00,38.725105,38.955640333333335,39.00844685185185,39.157130699999996,39.1634201980198
2026-09-01 02:52:00,39.398115000000004,38.964072333333334,39.04454740740741,39.16185588235294,39.16739356435644
2026-09-01 02:53:00,38.72543,38.910119,39.03061981481482,39.14397686274509,39.1630605882353
2026-09-01 02:54:00,38.83088,38.864401,39.02087611111111,39.137955769230764,39.16437656862745
2026-09-01 02:55:00,38.99532,38.89171366666667,39.01672685185185,39.12826653846154,39.166698333333336
2026-09-01 02:56:00,39.56558,38.945135,39.0198287037037,39.121895,39.17342754901961
2026-09-01 02:57:00,39.053205000000005,38.98220333333334,39.02102071428571,39.12059896226415,39.17646014705882
2026-09-01 02:58:00,39.09054,38.984034,39.00864464285714,39.11984952830189,39.17749990196078
2026-09-01 02:59:00,38.84342,38.94503333333333,38.99822571428571,39.11887745283019,39.17468254901961
2026-09-01 03:00:00,,38.88596214285714,39.010645555555556,39.11086586538462,39.185726336633664
2026-09-01 03:01:00,38.783834999999996,38.87043178571429,39.00785777777778,39.10469547169811,39.19390816831683
2026-09-01 03:02:00,38.79498,38.91536285714286,38.99477592592593,39.09884792452831,39.19330846534653
2026-09-01 03:03:00,39.04801,38.97285,38.988499999999995,39.089891037735846,39.1903353960396
2026-09-01 03:04:00,39.25476,38.99915357142857,38.99800928571428,39.067062735849056,39.19476688118812
2026-09-01 03:05:00,39.38784,39.03550142857143,39.00380428571429,39.07300305555555,39.19543698019802
2026-09-01 03:06:00,38.93328,39.05037107142857,39.001372413793106,39.062321481481476,39.19541222772277
2026-09-01 03:07:00,,39.02362153846154,38.99172017857143,39.06436943396226,39.19673295
2026-09-01 03:08:00,39.48876,39.082339230769236,38.99007839285714,39.07222851851852,39.199624306930694
2026-09-01 03:09:00,39.413985,39.12719346153846,38.98641178571429,39.076906944444445,39.19700920792079
2026-09-01 03:10:00,39.542,39.16924576923077,39.02056785714286,39.091044351851856,39.19944267326733
2026-09-01 03:11:00,39.93838,39.19792269230769,39.06250071428572,39.10119805555556,39.21074287128713
2026-09-01 03:12:00,39.54264,39.23557153846154,39.09983857142857,39.10970157407408,39.215398415841584
2026-09-01 03:13:00,39.125415000000004,39.23825423076923,39.10206482142856,39.102099629629635,39.21131658415842
2026-09-01 03:14:00,,39.27115708333333,39.08997722222222,39.10152566037736,39.21210035
2026-09-01 03:15:00,38.4939,39.21136807692307,39.042639074074074,39.090273333333336,39.20790085
2026-09-01 03:16:00,38.438,39.18476538461538,39.0217775925926,39.087141666666675,39.20027806930693
2026-09-01 03:17:00,39.11717,39.209549230769234,39.05700814814815,39.08727314814815,39.20348569306931
2026-09-01 03:18:00,39.11876,39.21499153846154,39.08943666666667,39.07393703703704,39.20055074257426
2026-09-01 03:19:00,39.24195,39.21400615384616,39.10260111111111,39.06519314814815,39.19912024752475
2026-09-01 03:20:00,39.24825,39.203268461538464,39.11627814814815,39.059976481481485,39.19960191176471
2026-09-01 03:21:00,39.20349,39.22405384615384,39.13399611111112,39.07122148148148,39.20352102941177
2026-09-01 03:22:00,,39.22405384615384,39.123837692307696,39.08344452830189,39.20352102941177
2026-09-01 03:23:00,,39.201995,39.139774,39.08309778846154,39.20137410891089
2026-09-01 03:24:00,38.89292,39.158572916666664,39.1422556,39.07923163461539,39.2002349009901
2026-09-01 03:25:00,38.59121,39.07934041666667,39.1260912,39.069305865384614,39.19358826732673
2026-09-01 03:26:00,38.94105,38.99622958333333,39.101110000000006,39.05890625,39.1906054950495
2026-09-01 03:27:00,,38.946555909090904,39.10310604166667,39.05890625,39.193028049999995
2026-09-01 03:28:00,38.97874,38.93322181818182,39.09844770833333,39.05009221153846,39.18660805
2026-09-01 03:29:00,38.94193,38.9339475,39.10255229166667,39.0463764423077,39.184185495049505
2026-09-01 03:30:00,39.1478,38.988439166666666,39.1043622,39.05570163461538,39.180172475247524
2026-09-01 03:31:00,39.76323,39.098875,39.143538,39.073088653846156,39.185888725490194
2026-09-01 03:32:00,39.681290000000004,39.145885,39.178990399999996,39.08334057692308,39.182771274509804
2026-09-01 03:33:00,39.80785,39.20330916666666,39.209384,39.09469423076923,39.18565941176471
2026-09-01 03:34:00,39.37584,39.21446666666667,39.214227199999996,39.099998867924526,39.18751274509804
2026-09-01 03:35:00,39.78727,39.259385,39.2302044,39.110596792452824,39.18876901960785
2026-09-01 03:36:00,39.75352,39.30522083333334,39.263014,39.12250277777778,39.19424676470588
2026-09-01 03:37:00,39.88134,39.34953769230769,39.28679576923077,39.13379361111111,39.19946656862746
2026-09-01 03:38:00,39.390694999999994,39.352477500000006,39.28302403846154,39.1311262962963,39.205581421568624
2026-09-01 03:39:00,39.02899,39.36219678571428,39.26821653846154,39.12209555555555,39.2058062254902
2026-09-01 03:40:00,,39.42150346153846,39.2572652,39.13221754716981,39.19691381188119
2026-09-01 03:41:00,40.05059,39.50685269230769,39.2617536,39.15648792452831,39.20218460396039
2026-09-01 03:42:00,39.40916,39.499874642857144,39.256414400000004,39.17369509433962,39.201144702970296
2026-09-01 03:43:00,38.6609,39.47717178571428,39.2378338,39.16610679245283,39.19913282178218
2026-09-01 03:44:00,38.68563,39.458864642857144,39.216595192307686,39.15209169811321,39.195018663366334
2026-09-01 03:45:00,38.35373,39.40214535714285,39.21120403846154,39.12533132075472,39.18743440594059
2026-09-01 03:46:00,,39.37436961538461,39.2421322,39.127717307692315,39.18743440594059
2026-09-01 03:47:00,38.8923,39.313678076923075,39.233137400000004,39.14168567307692,39.17445292079208
2026-09-01 03:48:00,39.68355,39.304116538461535,39.255728999999995,39.16938490384616,39.17313777227723
2026-09-01 03:49:00,39.46906,39.31128730769231,39.2648134,39.18058778846154,39.17603897058824
2026-09-01 03:50:00,39.53952,39.29222961538461,39.2764642,39.19329067307692,39.179325
2026-09-01 03:51:00,38.77594,39.21703115384615,39.2593622,39.19426826923077,39.176063578431375
2026-09-01 03:52:00,38.88088,39.14007269230769,39.244805192307695,39.18432144230769,39.1731977184466
2026-09-01 03:53:00,39.09962,39.117682307692306,39.239427962962964,39.191517403846156,39.16797791262136
2026-09-01 03:54:00,39.34409,39.141920769230765,39.25613796296297,39.20138682692308,39.16967129807693
2026-09-01 03:55:00,38.91125,39.12544428571429,39.267991296296294,39.19977009615385,39.164018317307686
2026-09-01 03:56:00,38.734965,39.03147107142858,39.260358518518515,39.18379673076923,39.15284586538461
2026-09-01 03:57:00,39.213775,39.017515,39.25869482142857,39.18688461538461,39.15342614285714
2026-09-01 03:58:00,39.18776,39.055147857142856,39.266159821428566,39.18875423076923,39.153973761904766
2026-09-01 03:59:00,39.58622,39.11947571428571,39.28917017857143,39.203038846153845,39.160557380952376
2026-09-01 04:00:00,38.93699,39.161137142857136,39.28164125,39.198019056603776,39.15485747619048
2026-09-01 04:01:00,38.1055,39.09076133333333,39.22243660714286,39.18522028301887,39.14495787735849
2026-09-01 04:02:00,38.19167,39.044052666666666,39.169235892857145,39.1738370754717,39.1363425
2026-09-01 04:03:00,39.23944,39.014445333333335,39.148935535714294,39.17744896226415,39.13367
2026-09-01 04:04:00,38.98229,38.981994,39.13488017857143,39.17230801886792,39.11968537735849
2026-09-01 04:05:00,39.075895,38.95108566666667,39.109473928571425,39.166422264150945,39.11927612149533
2026-09-01 04:06:00,39.16768,38.977201666666666,39.08855107142857,39.170844905660374,39.11607607476635
2026-09-01 04:07:00,39.06938,38.98976833333333,39.0595525,39.168965925925924,39.117156448598124
2026-09-01 04:08:00,,38.981921785714285,39.04728796296296,39.162932075471694,39.117156448598124
2026-09-01 04:09:00,,38.95406269230769,39.04799173076923,39.15810413461538,39.116739528301885
2026-09-01 04:10:00,38.07919,38.890058076923076,39.012110185185186,39.12997317307692,39.110141509433966
2026-09-01 04:11:00,38.50326,38.87223461538462,38.95480166666667,39.10237471153846,39.101775283018874
2026-09-01 04:12:00,38.81697,38.841711153846155,38.932868703703704,39.08841951923077,39.09926132075472
2026-09-01 04:13:00,38.304545,38.77377153846154,38.91967037037037,39.072633557692306,39.0876445754717
2026-09-01 04:14:00,38.6423,38.70116230769231,38.91806555555555,39.06451405660378,39.08301985849056
2026-09-01 04:15:00,38.9227,38.70006307692308,38.93913851851852,39.07260462264151,39.081521542056066
2026-09-01 04:16:00,,38.74961,38.93913851851852,39.084808557692305,39.0859971226415
2026-09-01 04:17:00,39.355615,38.84660541666667,38.95629833333333,39.08939403846154,39.08831358490566
2026-09-01 04:18:00,38.80414,38.810330416666666,38.9237275925926,39.08334365384615,39.07855160377359
2026-09-01 04:19:00,39.10034,38.82016791666667,38.910071296296294,39.08062038461538,39.072761226415096
2026-09-01 04:20:00,39.438895,38.850417916666665,38.90634444444444,39.08428663461538,39.07190221698113
2026-09-01 04:21:00,39.08841,38.84381208333333,38.91791740740741,39.082073557692304,39.07654514150943
2026-09-01 04:22:00,38.67611,38.81103958333333,38.910333333333334,39.07441386792453,39.07892919811321
2026-09-01 04:23:00,38.59802,38.794653461538466,38.891755555555555,39.065591759259256,39.07417962264151
2026-09-01 04:24:00,38.31335,38.76027464285715,38.85358,39.05485898148149,39.066815377358495
2026-09-01 04:25:00,38.6889,38.803825357142856,38.845344814814815,39.056668055555555,39.06286773584906
2026-09-01 04:26:00,38.949439999999996,38.83569535714286,38.85328833333333,39.056823425925934,39.057845188679245
2026-09-01 04:27:00,38.42563,38.8077425,38.82409777777778,39.04534718181818,39.051936635514025
2026-09-01 04:28:00,39.119405,38.865946785714286,38.8215661111111,39.04790472727272,39.04896780373832
2026-09-01 04:29:00,39.133175,38.90100928571429,38.804786666666665,39.051381909090914,39.04894934579439
2026-09-01 04:30:00,38.39454,38.86328357142857,38.784695925925924,39.03768627272727,39.04644140186915
2026-09-01 04:31:00,38.42035,38.833754666666664,38.79635703703703,39.01327027272727,39.04234088785047
2026-09-01 04:32:00,38.58236,38.78220433333333,38.810827037037036,38.99328972727273,39.03705275700935
2026-09-01 04:33:00,38.43796,38.75779233333333,38.781142592592595,38.96838263636363,39.02976771028037
2026-09-01 04:34:00,38.81971,38.739083666666666,38.775121111111105,38.95827118181818,39.02782273148147
2026-09-01 04:35:00,38.57855,38.681727333333335,38.75670092592592,38.93629445454545,39.021831712962964
2026-09-01 04:36:00,38.35397,38.63276466666667,38.72656351851852,38.91084809090909,39.01570454128441
2026-09-01 04:37:00,38.52139,38.62245,38.70626759259259,38.88612172727272,39.00882155963303
2026-09-01 04:38:00,39.682055,38.694719,38.74111714285714,38.891419181818186,39.010173165137616
2026-09-01 04:39:00,,38.72195964285714,38.74111714285714,38.888871574074074,39.00548356481482
2026-09-01 04:40:00,39.41468,38.77380107142857,38.78881321428572,38.89843172727272,39.0131599537037
2026-09-01 04:41:00,39.75625,38.83143035714285,38.83356285714285,38.89308009090909,39.022345046296294
2026-09-01 04:42:00,,38.86264576923077,38.83417740740741,38.88352305555555,39.02725313084112
2026-09-01 04:43:00,39.04004,38.85654076923077,38.86141796296296,38.89054416666667,39.02703780373832
2026-09-01 04:44:00,,38.83348791666666,38.869845576923076,38.894410471698116,39.02325108490566
2026-09-01 04:45:00,38.75847,38.86381541666666,38.86352903846154,38.9020470754717,39.013689198113205
2026-09-01 04:46:00,39.29239,38.93648541666666,38.87941277777778,38.90927564814815,39.01643570754717
2026-09-01 04:47:00,39.12604,38.98179208333334,38.87091,38.913604166666666,39.025493207547164
2026-09-01 04:48:00,38.92766,39.02260041666667,38.87548481481481,38.899606203703705,39.03195047169811
2026-09-01 04:49:00,38.84089,39.02436541666666,38.86587555555556,38.88797342592593,39.031520094339626
2026-09-01 04:50:00,38.19493,38.99239708333334,38.81980277777778,38.86307361111112,39.02506688679245
2026-09-01 04:51:00,,39.05043590909091,38.80947173076923,38.864717641509436,39.027923666666666
2026-09-01 04:52:00,38.98478,39.09256227272727,38.82134365384615,38.86667801886792,39.023987142857145
2026-09-01 04:53:00,38.724765000000005,39.00553590909091,38.82621846153846,38.859605283018865,39.023980809523806
2026-09-01 04:54:00,,39.00553590909091,38.846733199999996,38.85028826923077,39.02583754807692
2026-09-01 04:55:00,38.5928,38.93081954545455,38.8428892,38.84416423076923,39.02196716346154
2026-09-01 04:56:00,38.43733,38.81091772727273,38.8224048,38.83844048076923,39.01111860576923
2026-09-01 04:57:00,38.02359,38.74530708333334,38.8063232,38.81555230769231,39.001218461538464
2026-09-01 04:58:00,,38.71851318181819,38.793278125,38.80825411764706,39.00035126213592
2026-09-01 04:59:00,39.30984,38.76779041666667,38.80063916666666,38.80283490196078,39.00487961165048
2026-09-01 05:00:00,39.18985,38.80373875,38.83377708333333,38.807792941176466,39.00665817307692
2026-09-01 05:01:00,39.48442,38.81974125,38.87811333333333,38.83483058823529,39.01339456730769
2026-09-01 05:02:00,39.56433,38.856265416666666,38.91902875,38.86174549019608,39.020792163461536
2026-09-01 05:03:00,39.03532,38.865237083333334,38.94391875,38.8577431372549,39.02067014423077
2026-09-01 05:04:00,38.03267,38.79788541666667,38.91112541666667,38.8391231372549,39.00891927884615
2026-09-01 05:05:00,38.33773,38.809785416666664,38.90109125,38.824649313725494,38.99882206730769
2026-09-01 05:06:00,38.87513,38.81481192307692,38.92280625,38.81891303921569,38.99826293269231
2026-09-01 05:07:00,,38.80064791666666,38.94025913043479,38.8139037,38.99826293269231
2026-09-01 05:08:00,38.27868,38.76347416666666,38.87924282608696,38.80340911764706,38.986627548076925
2026-09-01 05:09:00,,38.76347416666666,38.87924282608696,38.80340911764706,38.98247844660194
2026-09-01 05:10:00,39.15347,38.81019666666667,38.867885869565214,38.824473431372546,38.97870631067961
2026-09-01 05:11:00,,38.84409363636364,38.82750568181819,38.8308977,38.96929774509804
2026-09-01 05:12:00,38.558099999999996,38.89268545454545,38.81579239130435,38.8257203,38.95964539215686
2026-09-01 05:13:00,38.9708,38.899195,38.81278195652174,38.8390454,38.95812955882353
2026-09-01 05:14:00,38.53624,38.83472833333333,38.801259375,38.8369242,38.95403354368932
2026-09-01 05:15:00,38.65715,38.79033666666667,38.797037708333335,38.8316132,38.95561849514563
2026-09-01 05:16:00,,38.72723818181818,38.77550065217392,38.8316132,38.960693186274504
2026-09-01 05:17:00,39.01648,38.67743363636364,38.77073717391305,38.8248305,38.95970602941176
2026-09-01 05:18:00,38.72117,38.64887454545454,38.761759347826086,38.823171099999996,38.955808088235294
2026-09-01 05:19:00,38.519975,38.693175000000004,38.74780652173913,38.8115638,38.94872990196078
2026-09-01 05:20:00,39.00113,38.75348409090909,38.78285869565217,38.8028085,38.946307156862744
2026-09-01 05:21:00,38.63313,38.731484090909085,38.77662,38.7937029,38.94071539215686
2026-09-01 05:22:00,38.67968,38.727167083333335,38.7639075,38.7937743,38.93818106796117
2026-09-01 05:23:00,38.58765,38.752914583333336,38.758194374999995,38.7935669,38.93481057692308
2026-09-01 05:24:00,39.83004,38.83577038461539,38.8010682,38.823900699999996,38.94382134615385
2026-09-01 05:25:00,39.83073,38.88786730769231,38.8505854,38.8467373,38.95573980769231
2026-09-01 05:26:00,39.14647,38.90633892857143,38.878951,38.8506779,38.957715
2026-09-01 05:27:00,39.15459,38.94894535714286,38.924191,38.8652571,38.95959
2026-09-01 05:28:00,38.98269,38.94979464285715,38.92644096153846,38.8625228,38.95962761904762
2026-09-01 05:29:00,39.12534,38.99187321428571,38.919344807692305,38.8623661,38.961374380952385
2026-09-01 05:30:00,39.896460000000005,39.080395357142855,38.94652211538461,38.892404500000005,38.968504476190475
2026-09-01 05:31:00,,39.080395357142855,38.9250062,38.902038265306125,38.96086288461539
2026-09-01 05:32:00,38.510605,39.044261428571424,38.8828572,38.900573877551025,38.94960629807692
2026-09-01 05:33:00,,39.069114615384606,38.876504583333336,38.91021166666667,38.94127383495145
2026-09-01 05:34:00,39.62726,39.15429038461538,38.94294583333333,38.927035624999995,38.943714805825245
2026-09-01 05:35:00,39.120400000000004,39.163465,38.975557083333335,38.93832416666667,38.937240339805825
2026-09-01 05:36:00,,39.20765958333333,38.979923478260865,38.950757234042555,38.929237598039215
2026-09-01 05:37:00,38.10534,39.15979791666667,38.943482499999995,38.941905106382976,38.91182583333333
2026-09-01 05:38:00,39.0024,39.19436041666666,38.9736375,38.92744436170212,38.90801901960784
2026-09-01 05:39:00,,39.136571363636364,38.9736375,38.92744436170212,38.906821287128714
2026-09-01 05:40:00,,39.0671555,38.965818695652175,38.916852282608694,38.906821287128714
2026-09-01 05:41:00,39.39977,39.092485499999995,38.9839,38.9091027173913,38.90037752475248
2026-09-01 05:42:00,39.454605,39.122487,39.021254375000005,38.92070914893617,38.900827475247524
2026-09-01 05:43:00,,39.13802,39.02344804347826,38.918115,38.90322675
2026-09-01 05:44:00,38.3455,39.05137111111111,39.015155,38.90593170212766,38.89982545
2026-09-01 05:45:00,38.77117,38.926338888888885,39.02011239130435,38.906201914893614,38.90399985
2026-09-01 05:46:00,38.10513,38.844218,38.981988125,38.88094106382979,38.896090247524754
2026-09-01 05:47:00,38.6135,38.8545075,38.96519729166666,38.87003595744681,38.89332985148515
2026-09-01 05:48:00,38.26775,38.801165909090905,38.94630479166667,38.85599531914894,38.87931202970297
2026-09-01 05:49:00,38.31485,38.68185590909091,38.93775791666666,38.8448029787234,38.867884207920795
2026-09-01 05:50:00,38.56716,38.631561363636365,38.919675833333336,38.852722765957445,38.85825688118812
2026-09-01 05:51:00,38.87654,38.65197625,38.929817916666664,38.853218958333336,38.85925292079208
2026-09-01 05:52:00,38.5897,38.69233958333333,38.92606875,38.844988125,38.85636995049505
2026-09-01 05:53:00,38.91697,38.68522041666667,38.93979041666667,38.848992395833335,38.85456153465346
2026-09-01 05:54:00,38.86771,38.69925807692308,38.89969333333333,38.849374387755105,38.8498449009901
2026-09-01 05:55:00,39.012095,38.72160357142857,38.865583541666666,38.857931428571426,38.85084336633663
2026-09-01 05:56:00,,38.66943692307692,38.85337108695652,38.866693958333336,38.85200215
2026-09-01 05:57:00,38.8005,38.61912115384616,38.83797586956521,38.882879583333334,38.8478694
2026-09-01 05:58:00,38.71946,38.626288214285715,38.82653108695652,38.87954448979592,38.8431864
2026-09-01 05:59:00,39.25462,38.691225357142855,38.83215195652174,38.87841755102041,38.8398704
2026-09-01 06:00:00,39.01139,38.70838392857143,38.793670652173915,38.874775510204074,38.8406144
2026-09-01 06:01:00,39.25215,38.79031392857143,38.81277395833334,38.870035306122446,38.852080900000004
2026-09-01 06:02:00,38.39335,38.774588928571426,38.80788833333333,38.84613775510204,38.854097700000004
2026-09-01 06:03:00,38.21451,38.770786071428574,38.7841532,38.82938653061225,38.8438484
2026-09-01 06:04:00,39.03371,38.822133214285714,38.7604112,38.84981591836735,38.8443626
2026-09-01 06:05:00,39.35015,38.878061071428576,38.769601200000004,38.87047755102041,38.84710515
2026-09-01 06:06:00,38.430814999999996,38.846223571428574,38.75657096153846,38.861409897959184,38.8397365
2026-09-01 06:07:00,39.24739,38.89320142857143,38.80049596153846,38.86912950000001,38.8415166
2026-09-01 06:08:00,38.654455,38.874450357142855,38.78711346153846,38.876644999999996,38.83966450495049
2026-09-01 06:09:00,38.60698,38.855826785714285,38.780441851851855,38.87135745098039,38.837383284313724
2026-09-01 06:10:00,,38.84380615384616,38.780441851851855,38.8657152,38.84489014851485
2026-09-01 06:11:00,39.72488,38.90674,38.792482962962964,38.88256156862745,38.856985396039605
2026-09-01 06:12:00,39.66246,38.96830857142857,38.800181296296294,38.90421568627451,38.86535658415842
2026-09-01 06:13:00,38.27545,38.93659357142857,38.78144089285714,38.89058137254902,38.86506851485149
2026-09-01 06:14:00,37.86786,38.837539285714286,38.76438232142857,38.87747588235294,38.85740079207921
2026-09-01 06:15:00,38.18293,38.778363571428564,38.74337375,38.8681774509804,38.85007633663366
2026-09-01 06:16:00,38.958075,38.757358214285716,38.77383607142857,38.86990625,38.85113514705883
2026-09-01 06:17:00,38.73384,38.781678928571424,38.77813392857143,38.86447086538462,38.84503931372549
2026-09-01 06:18:00,39.30307,38.859433214285716,38.81510964285714,38.87566125,38.84993078431373
2026-09-01 06:19:00,38.97174,38.85500678571429,38.838570000000004,38.884349038461544,38.84867
2026-09-01 06:20:00,38.66224,38.80587035714286,38.84196571428571,38.877831923076926,38.84105573529411
2026-09-01 06:21:00,,38.83472076923077,38.84068518518519,38.88263,38.838606683168315
2026-09-01 06:22:00,39.036245,38.818478846153845,38.85722388888889,38.88962147058824,38.84217237623763
2026-09-01 06:23:00,38.84595,38.833209230769235,38.85459351851852,38.894686176470586,38.84462712871287
2026-09-01 06:24:00,39.31634,38.88777538461539,38.871209444444446,38.88461362745098,38.85455772277228
2026-09-01 06:25:00,39.05934,38.90003,38.87295925925926,38.86948833333333,38.858225445544555
2026-09-01 06:26:00,39.23878,38.86530857142857,38.88602428571428,38.871298333333336,38.8610901980198
2026-09-01 06:27:00,38.9175,38.81209714285715,38.89020285714285,38.86664950980392,38.8659601980198
2026-09-01 06:28:00,39.23553,38.880674285714285,38.908633928571426,38.871607156862744,38.86710995049505
2026-09-01 06:29:00,,38.95858307692308,38.89581962962963,38.866532500000005,38.8644493
2026-09-01 06:30:00,38.70721,38.9989123076923,38.8845537037037,38.8427475,38.867576
2026-09-01 06:31:00,39.01836,39.003549615384614,38.875894814814814,38.846190882352936,38.8735561
2026-09-01 06:32:00,38.86989,39.014015,38.893544444444444,38.85323568627451,38.876431399999994
2026-09-01 06:33:00,39.19701,39.005856538461536,38.92993333333333,38.85984673076923,38.8840219
2026-09-01 06:34:00,,39.00869958333333,38.92594192307692,38.844799411764704,38.88467151515152
2026-09-01 06:35:00,38.21604,38.97151625,38.882322307692306,38.8270668627451,38.8810097979798
2026-09-01 06:36:00,37.94317,38.892412692307694,38.86356673076923,38.81006884615385,38.876860303030305
2026-09-01 06:37:00,38.15236,38.82442153846154,38.821450192307694,38.81097307692308,38.873132727272726
2026-09-01 06:38:00,38.95536,38.83283769230769,38.83302346153847,38.810068461538464,38.86579237373737
2026-09-01 06:39:00,39.36314,38.83643769230769,38.86210653846154,38.8205037735849,38.87076585
2026-09-01 06:40:00,38.54295,38.79671538461538,38.850285925925924,38.81536388888889,38.86204855
2026-09-01 06:41:00,,38.75987666666666,38.81664769230769,38.804337358490564,38.85301621212121
2026-09-01 06:42:00,38.62496,38.73549833333333,38.77674384615385,38.78868367924529,38.850735650000004
2026-09-01 06:43:00,39.07541,38.722155,38.80751153846154,38.793993425925926,38.851089349999995
2026-09-01 06:44:00,38.88055,38.73433923076923,38.84646115384615,38.80390175925926,38.851381039603964
2026-09-01 06:45:00,39.17569,38.77037615384616,38.88464423076923,38.81139287037037,38.85551193069307
2026-09-01 06:46:00,,38.74971083333333,38.881707,38.82471858490566,38.85114315
2026-09-01 06:47:00,38.61392,38.728379999999994,38.876910200000005,38.824726509433965,38.84602195
2026-09-01 06:48:00,38.22551,38.647421666666666,38.8338078,38.82392952830188,38.83900045
2026-09-01 06:49:00,39.13254,38.684738461538466,38.8402398,38.83935764150944,38.84191695
2026-09-01 06:50:00,,38.723796666666665,38.84765645833333,38.84459221153846,38.84845217171717
2026-09-01 06:51:00,39.18167,38.827005,38.861017000000004,38.850460096153846,38.851784349999996
2026-09-01 06:52:00,39.19424,38.913828333333335,38.867336800000004,38.862085865384614,38.853878949999995
2026-09-01 06:53:00,39.35992,38.947541666666666,38.8878956,38.870604134615384,38.8602305
2026-09-01 06:54:00,38.627700000000004,38.886255,38.860350000000004,38.865988557692305,38.85792821782178
2026-09-01 06:55:00,39.18468,38.9397325,38.8653636,38.8693075,38.86378841584158
2026-09-01 06:56:00,,38.9397325,38.84980458333333,38.8693075,38.868053
2026-09-01 06:57:00,38.4391,38.92424416666667,38.829871250000004,38.8623575,38.872208099999995
2026-09-01 06:58:00,38.93703,38.9127125,38.81743375,38.86654153846154,38.8728499009901
2026-09-01 06:59:00,39.01088,38.92357333333334,38.825171600000004,38.861854230769225,38.8698899009901
2026-09-01 07:00:00,38.66034,38.880627499999996,38.8232968,38.855103269230774,38.86464722772277
2026-09-01 07:01:00,38.84005,38.877506153846156,38.8161644,38.847178269230774,38.85826732673267
2026-09-01 07:02:00,39.34607,38.93382538461539,38.8352116,38.8654998076923,38.85610633663366
2026-09-01 07:03:00,39.1329,39.00362461538462,38.8326472,38.88316115384615,38.85707247524753
2026-09-01 07:04:00,38.29952,38.93954615384615,38.812142307692305,38.869042115384616,38.859714554455444
2026-09-01 07:05:00,37.99994,38.872431428571424,38.80383076923077,38.84307653846154,38.85637009900991
2026-09-01 07:06:00,38.294,38.80902642857143,38.81732423076923,38.840445480769226,38.850616336633664
2026-09-01 07:07:00,38.65841,38.77075285714285,38.836787692307695,38.82911894230769,38.84873196078431
2026-09-01 07:08:00,,38.72543230769231,38.8320448,38.8325437254902,38.85437603960396
2026-09-01 07:09:00,38.94727,38.750014615384615,38.81541,38.83921607843137,38.85528676470588
2026-09-01 07:10:00,38.74612,38.71627923076923,38.8235368,38.83742576923077,38.851293137254906
2026-09-01 07:11:00,39.084945,38.7426125,38.83359096153846,38.82511932692308,38.85356160194175
2026-09-01 07:12:00,38.67975,38.75980178571428,38.83569826923077,38.806221057692305,38.85474266990291
2026-09-01 07:13:00,38.91977,38.75856892857143,38.829712115384616,38.818611826923075,38.85424723300971
2026-09-01 07:14:00,,38.73916038461538,38.8276786,38.83725401960785,38.8573649509804
2026-09-01 07:15:00,39.54918,38.807532692307696,38.8426182,38.86404323529411,38.86611034313726
2026-09-01 07:16:00,39.658275,38.870473076923076,38.873989615384616,38.87777264705882,38.87380126213592
2026-09-01 07:17:00,39.45732,38.879030769230766,38.90642807692308,38.89195852941177,38.87808126213592
2026-09-01 07:18:00,38.83278,38.855944615384615,38.92978461538461,38.88273715686275,38.87916485436893
2026-09-01 07:19:00,38.07503,38.83867615384615,38.88911115384615,38.86515460784314,38.874845
2026-09-01 07:20:00,38.10503,38.84676,38.86007111111111,38.85422892156863,38.866144999999996
2026-09-01 07:21:00,38.08796,38.83091076923077,38.819563333333335,38.839492980769236,38.86085208737864
2026-09-01 07:22:00,38.760239999999996,38.83874384615385,38.80348925925926,38.83418519230769,38.861634223300975
2026-09-01 07:23:00,38.90307,38.84333857142857,38.78656888888889,38.835283653846155,38.864696553398055
2026-09-01 07:24:00,39.075105,38.852469642857145,38.80313944444444,38.830644519230766,38.85736708737864
2026-09-01 07:25:00,,38.86065038461539,38.78846480769231,38.82616029411764,38.84782431372549
2026-09-01 07:26:00,38.55795,38.82011230769231,38.77992722222222,38.81281068627451,38.842054509803916
2026-09-01 07:27:00,38.99175,38.844112307692306,38.80039574074073,38.81426656862745,38.84045803921569
2026-09-01 07:28:00,38.584554999999995,38.818326538461534,38.78734111111111,38.80150235294118,38.83655475490196
2026-09-01 07:29:00,38.46874,38.79335607142857,38.76726185185185,38.79510307692308,38.8301175
2026-09-01 07:30:00,38.72007,38.73413392857143,38.76947407407407,38.79535038461538,38.81858426470588
2026-09-01 07:31:00,38.417615,38.645515357142855,38.75382833333333,38.783797596153846,38.814691359223296
2026-09-01 07:32:00,38.04792,38.54484392857143,38.7057487037037,38.76799048076923,38.81019927184466
2026-09-01 07:33:00,38.72224,38.53694821428571,38.690539074074074,38.75886028846154,38.809353509615384
2026-09-01 07:34:00,,38.57248038461538,38.70557826923077,38.75886028846154,38.80141266990291
2026-09-01 07:35:00,38.94622,38.6371873076923,38.74197365384615,38.772902211538465,38.79972160194175
2026-09-01 07:36:00,39.2278,38.72486730769231,38.77788903846154,38.797606634615384,38.803837740384616
2026-09-01 07:37:00,38.58241,38.71118807692308,38.774965961538456,38.805876826923075,38.80842495192308
2026-09-01 07:38:00,38.67287,38.693480384615384,38.77118462962963,38.80044432692308,38.80525639423077
2026-09-01 07:39:00,38.46965,38.64690692307692,38.753494999999994,38.783261826923074,38.802060142857144
2026-09-01 07:40:00,39.19798,38.68626928571428,38.77023055555556,38.79585855769231,38.80579523584906
2026-09-01 07:41:00,,38.69614,38.758126153846156,38.79585855769231,38.80013833333334
2026-09-01 07:42:00,39.1051,38.70485923076923,38.774485769230765,38.80509201923077,38.796809714285715
2026-09-01 07:43:00,38.99391,38.73634807692308,38.77733730769231,38.80352471153846,38.798669150943404
2026-09-01 07:44:00,38.39868,38.73095884615385,38.763312962962964,38.79425798076923,38.7991708490566
2026-09-01 07:45:00,39.0996,38.760153461538465,38.74666185185185,38.79279471153846,38.80226924528302
2026-09-01 07:46:00,39.302865,38.828249615384614,38.73349851851852,38.802418679245285,38.813568632075466
2026-09-01 07:47:00,38.644954999999996,38.874175384615384,38.70341092592592,38.80300424528302,38.81386537735849
2026-09-01 07:48:00,37.87484,38.80899076923077,38.66793166666667,38.796387830188685,38.81015867924528
2026-09-01 07:49:00,38.47576,38.78518857142858,38.68277351851852,38.783995754716976,38.81167669811321
2026-09-01 07:50:00,38.54486,38.75652,38.699063518518514,38.77956731481481,38.81146632075472
2026-09-01 07:51:00,,38.720267692307694,38.7225675,38.771980471698114,38.81084657142857
2026-09-01 07:52:00,38.80317,38.73724923076923,38.72421865384615,38.76460179245283,38.81287961904762
2026-09-01 07:53:00,39.374735,38.791238846153846,38.742359615384615,38.764881320754725,38.81723928571429
2026-09-01 07:54:00,38.40504,38.786268846153845,38.71658788461538,38.760680188679245,38.812832904761905
2026-09-01 07:55:00,,38.75195958333334,38.71658788461538,38.75252634615384,38.810916923076924
2026-09-01 07:56:00,37.94951,38.690232692307696,38.693186346153844,38.73737509433962,38.80271304761905
2026-09-01 07:57:00,39.04245,38.68541346153847,38.695136346153845,38.748759056603774,38.80501733333333
2026-09-01 07:58:00,38.98554,38.68476961538461,38.71055884615385,38.74967433962264,38.80755142857143
2026-09-01 07:59:00,,38.708610416666666,38.720231600000005,38.744651153846156,38.80325269230769
2026-09-01 08:00:00,39.06915,38.70607291666666,38.7341948,38.752512884615385,38.803808076923076
2026-09-01 08:01:00,38.48487,38.637906666666666,38.736885,38.7456825,38.796430384615384
2026-09-01 08:02:00,,38.63726590909091,38.765591875,38.73391019607843,38.800343786407765
2026-09-01 08:03:00,38.781095,38.719652727272724,38.76804416666667,38.727012058823526,38.805844611650485
2026-09-01 08:04:00,39.29796,38.79439818181818,38.7892408,38.74658931372549,38.808410145631065
2026-09-01 08:05:00,39.017340000000004,38.83735090909091,38.7920856,38.76653833333334,38.805178980582525
2026-09-01 08:06:00,38.86073,38.83929916666667,38.7774028,38.77765068627451,38.80935291262136
2026-09-01 08:07:00,38.92576,38.849515000000004,38.791136800000004,38.782892843137255,38.80623029126213
2026-09-01 08:08:00,39.49612,38.85963041666667,38.8240668,38.796608750000004,38.814401796116506
2026-09-01 08:09:00,39.332995,38.93696,38.8586006,38.80402653846154,38.82145048543689
2026-09-01 08:10:00,39.54914,38.98405076923076,38.872647,38.81946923076923,38.828447499999996
2026-09-01 08:11:00,39.1597,39.07714230769231,38.8836875,38.82090682692308,38.823013076923075
2026-09-01 08:12:00,38.9469,39.0697923076923,38.877602884615385,38.826044326923075,38.81613269230769
2026-09-01 08:13:00,38.56104,39.03713846153846,38.86095403846154,38.819145673076925,38.81887875
2026-09-01 08:14:00,39.224475,39.05051964285714,38.892715384615386,38.826793396226414,38.831923124999996
2026-09-01 08:15:00,38.77155,39.0292625,38.880098076923076,38.812121132075475,38.83758293269231
2026-09-01 08:16:00,,39.07113884615384,38.863187399999994,38.7958489423077,38.836413106796115
2026-09-01 08:17:00,39.29001,39.086772499999995,38.8889896,38.792631442307695,38.841812815533984
2026-09-01 08:18:00,39.1262,39.11142285714286,38.939044,38.79827413461539,38.84009563106796
2026-09-01 08:19:00,38.133399999999995,39.02824,38.9253496,38.799396634615384,38.83195640776699
2026-09-01 08:20:00,38.72985,39.007705,38.9327492,38.81141240384615,38.832612815533984
2026-09-01 08:21:00,,39.019010769230775,38.9327492,38.82559774509804,38.832612815533984
2026-09-01 08:22:00,39.36785,39.05301769230769,38.9553364,38.83751166666667,38.835832281553394
2026-09-01 08:23:00,39.32552,39.03989461538461,38.9533678,38.845794999999995,38.840488300970875
2026-09-01 08:24:00,38.69933,38.991151153846154,38.965139400000005,38.8384268627451,38.83449791262136
2026-09-01 08:25:00,38.92496,38.94313730769231,38.96359403846154,38.840090961538465,38.83319325242718
2026-09-01 08:26:00,38.6699,38.90546038461538,38.99130134615385,38.84224384615384,38.82767014563107
2026-09-01 08:27:00,39.22754,38.92704807692308,38.99842019230769,38.84677826923077,38.83068024271845
2026-09-01 08:28:00,,38.95754875,38.99893539999999,38.851919901960784,38.826711127450984
2026-09-01 08:29:00,38.7878,38.92115916666666,38.9908148076923,38.858175980392154,38.82633334951456
2026-09-01 08:30:00,,38.93476,38.9876814,38.8609381,38.827501225490195
2026-09-01 08:31:00,38.92939,38.9343125,39.005462200000004,38.8711736,38.82662897058824
2026-09-01 08:32:00,39.30055,38.93519083333333,39.01681173076923,38.8962262,38.83085112745098
2026-09-01 08:33:00,39.427285,38.96028125,39.04166519230769,38.910327099999996,38.83310872549019
2026-09-01 08:34:00,39.962985,39.112746666666666,39.06724307692308,38.93096745098039,38.84407839805825
2026-09-01 08:35:00,39.2618,39.15707583333333,39.07664538461539,38.937155294117645,38.85423140776699
2026-09-01 08:36:00,38.92863,39.13950307692308,39.079256923076926,38.93128921568628,38.86379898058252
2026-09-01 08:37:00,38.57024,39.07814846153846,39.06558307692307,38.931050588235294,38.86785606796116
2026-09-01 08:38:00,39.44741,39.087524615384616,39.06370961538461,38.94623764705882,38.872633252427185
2026-09-01 08:39:00,39.210425,39.12683961538461,39.058995384615386,38.96076264705882,38.87115058252427
2026-09-01 08:40:00,39.554230000000004,39.175245000000004,39.05919115384615,38.96774794117647,38.88096883495146
2026-09-01 08:41:00,39.08578,39.20723576923077,39.05634807692308,38.97001778846153,38.88293817307692
2026-09-01 08:42:00,,39.20554375,39.060726,38.96736911764706,38.88544281553398
2026-09-01 08:43:00,,39.20554375,39.081546249999995,38.9668383,38.883580392156865
2026-09-01 08:44:00,38.92078,39.216625416666666,39.068892291666664,38.977280300000004,38.88397480392157
2026-09-01 08:45:00,,39.216625416666666,39.081820217391304,38.97478397959184,38.88108653465346
2026-09-01 08:46:00,38.83609,39.20885041666667,39.071581458333334,38.965257959183674,38.880645392156865
2026-09-01 08:47:00,38.38559,39.132603749999994,39.03389729166667,38.95996479591837,38.878406862745095
2026-09-01 08:48:00,38.54205,39.058834166666664,39.00955770833333,38.97358132653061,38.88151019607843
2026-09-01 08:49:00,38.78716,38.960848750000004,39.03679770833333,38.97993642857143,38.878124117647054
2026-09-01 08:50:00,,38.93348954545455,39.05014326086956,38.989000520833336,38.878124117647054
2026-09-01 08:51:00,39.05402,38.944888636363636,39.05030479166667,38.99032744897959,38.876872647058825
2026-09-01 08:52:00,38.4731,38.936057727272726,39.01302354166666,38.98359132653061,38.869802647058826
2026-09-01 08:53:00,38.511155,38.85094363636364,38.97909166666667,38.96596724489796,38.86148142156863
2026-09-01 08:54:00,38.32185,38.77016409090909,38.963363333333334,38.96426948979592,38.858482892156864
2026-09-01 08:55:00,39.07383,38.72649136363636,38.96956625,38.9664607,38.85739612745098
2026-09-01 08:56:00,39.52638,38.76654590909091,39.00525291666667,38.9979981,38.86389111650486
2026-09-01 08:57:00,38.91101,38.778584583333334,38.99206416666667,38.9953693,38.868472766990294
2026-09-01 08:58:00,39.32774,38.820827307692305,39.0054912,39.0022133,38.872266067961164
2026-09-01 08:59:00,,38.812497916666665,39.014561666666665,39.0022133,38.87090710784314
2026-09-01 09:00:00,38.6691,38.801467307692306,39.0007432,38.9942123,38.87099299019608
2026-09-01 09:01:00,38.60021,38.78332269230769,38.987576,38.99651909999999,38.868641617647064
2026-09-01 09:02:00,37.891189999999995,38.74529192307692,38.9312016,38.97484598039215,38.85437808823529
2026-09-01 09:03:00,38.59726,38.74953884615385,38.8980006,38.971241372549024,38.849126715686275
2026-09-01 09:04:00,38.65293,38.739213461538455,38.8455984,38.958593725490196,38.85259151960784
2026-09-01 09:05:00,38.32201,38.70941321428571,38.8080068,38.94495980392156,38.855749068627446
2026-09-01 09:06:00,38.68291,38.68290535714285,38.798178,38.9414731372549,38.85956191176471
2026-09-01 09:07:00,38.67702,38.69747107142857,38.8024492,38.93659588235294,38.8597443627451
2026-09-01 09:08:00,38.89632,38.724982857142855,38.7804056,38.92483509803921,38.86009946601941
2026-09-01 09:09:00,38.61192,38.74570214285715,38.756465399999996,38.91069637254902,38.8568436407767
2026-09-01 09:10:00,,38.72046153846154,38.72322520833333,38.8979275,38.85792916666667
2026-09-01 09:11:00,39.10099,38.68773923076923,38.72385895833333,38.8967533,38.85808647058823
2026-09-01 09:12:00,,38.66913333333333,38.72385895833333,38.895729897959185,38.85985217821783
2026-09-01 09:13:00,39.06921,38.64758916666667,38.737673,38.906100714285714,38.86133178217821
2026-09-01 09:14:00,39.182415,38.68872961538462,38.748138399999995,38.90524234693878,38.86447965686274
2026-09-01 09:15:00,,38.690365416666666,38.748138399999995,38.90802760416667,38.85770044554455
2026-09-01 09:16:00,39.04413,38.72735875,38.75646,38.91080520408163,38.8516198019802
2026-09-01 09:17:00,38.54573,38.78190375,38.7628656,38.89561581632653,38.84259415841584
2026-09-01 09:18:00,,38.79868954545454,38.77206625,38.89081197916666,38.842692299999996
2026-09-01 09:19:00,38.869625,38.81838909090909,38.77550229166666,38.906150000000004,38.850638249999996
2026-09-01 09:20:00,38.85115,38.86649272727272,38.778528200000004,38.90867708333334,38.85809945
2026-09-01 09:21:00,38.48499,38.8485,38.755767,38.90003040816327,38.86206975
2026-09-01 09:22:00,38.48999,38.831497272727276,38.7564426,38.882114897959184,38.85936725
2026-09-01 09:23:00,38.45641,38.79150545454546,38.754252799999996,38.86437795918368,38.85490065
2026-09-01 09:24:00,38.96389,38.82350272727273,38.779934399999995,38.86977714285714,38.8537885
2026-09-01 09:25:00,38.84683,38.82544666666667,38.7708544,38.86818265306122,38.85371960396039
2026-09-01 09:26:00,39.3111,38.842955833333335,38.7622432,38.88126836734694,38.86117653465347
2026-09-01 09:27:00,38.77103,38.83742307692308,38.756643999999994,38.871951836734695,38.858991188118814
2026-09-01 09:28:00,38.65936,38.805896153846156,38.7299088,38.8677,38.85973183168317
2026-09-01 09:29:00,38.93924,38.787190384615386,38.73796,38.8707288,38.86439024752475
2026-09-01 09:30:00,38.46896,38.76445964285715,38.73026230769231,38.86285098039216,38.86190400990099
2026-09-01 09:31:00,38.96281,38.758651071428574,38.74420846153846,38.8635062745098,38.86730198019802
2026-09-01 09:32:00,38.52335,38.7570525,38.7685223076923,38.84826705882353,38.87200920792079
2026-09-01 09:33:00,38.77715,38.75839233333333,38.77544115384615,38.83551931372549,38.87255287128713
2026-09-01 09:34:00,39.47608,38.798822666666666,38.807100769230765,38.82597215686275,38.87846980392157
2026-09-01 09:35:00,39.198544999999996,38.82198233333334,38.840813653846155,38.824731862745104,38.88094357843137
2026-09-01 09:36:00,39.26019,38.87366233333333,38.86301673076923,38.83123303921568,38.881261127450976
2026-09-01 09:37:00,39.43927,38.936947666666676,38.89233403846154,38.84827284313726,38.88966171568627
2026-09-01 09:38:00,38.866659999999996,38.96429766666667,38.89119326923077,38.83688558823529,38.891561617647056
2026-09-01 09:39:00,39.01922,38.967986333333336,38.90685865384616,38.83313647058824,38.89694955882353
2026-09-01 09:40:00,38.8974,38.97135766666667,38.906508333333335,38.82025745098039,38.89400269607843
2026-09-01 09:41:00,38.60259,38.92412366666667,38.888049074074075,38.8107831372549,38.89117344660194
2026-09-01 09:42:00,39.334545,38.96169133333333,38.903995357142854,38.82085548076923,38.893401067961165
2026-09-01 09:43:00,38.5097,38.951714,38.88401285714286,38.81498462264152,38.8887
2026-09-01 09:44:00,38.721180000000004,38.937176666666666,38.867540178571424,38.81121858490566,38.891831067961164
2026-09-01 09:45:00,38.96772,38.97042733333333,38.87099465517241,38.81411675925926,38.89055067961165
2026-09-01 09:46:00,,38.97097142857143,38.864811249999995,38.81370216981132,38.88650838235294
2026-09-01 09:47:00,38.916925,38.99908392857143,38.87806821428571,38.823727358490565,38.88917475490196
2026-09-01 09:48:00,38.401345,38.97224071428571,38.86162948275862,38.82107254716981,38.89433656862745
2026-09-01 09:49:00,38.94092,38.934014999999995,38.86408793103448,38.82397367924528,38.89889696078431
2026-09-01 09:50:00,39.173010000000005,38.93219107142857,38.875186551724134,38.83043731481481,38.905055294117645
2026-09-01 09:51:00,39.26928,38.93284035714286,38.90223103448275,38.834423611111106,38.908591456310674
2026-09-01 09:52:00,39.47543,38.93542321428571,38.93621172413793,38.852985277777776,38.915118252427185
2026-09-01 09:53:00,38.78106,38.92930892857142,38.94740655172414,38.85798351851852,38.909354417475726
2026-09-01 09:54:00,,38.922392692307696,38.94681785714287,38.86809924528301,38.914298676470594
2026-09-01 09:55:00,38.86208,38.91967576923077,38.9473625,38.864103962264146,38.913791699029126
2026-09-01 09:56:00,38.26743,38.89389423076923,38.910088571428574,38.840350188679245,38.91687830097087
2026-09-01 09:57:00,38.7021,38.845244615384615,38.907626785714285,38.83640849056604,38.91357393203883
2026-09-01 09:58:00,39.05366,38.88708769230769,38.921708928571434,38.831237169811324,38.91423529126214
2026-09-01 09:59:00,38.89669,38.90058846153846,38.92018928571428,38.832449259259256,38.91406658653846
2026-09-01 10:00:00,,38.89499416666667,38.93690148148148,38.83553132075472,38.912560922330094
2026-09-01 10:01:00,39.87017,38.97000769230769,38.97050740740741,38.85949283018868,38.92601043689321
2026-09-01 10:02:00,39.65473,39.026761923076926,39.012410370370375,38.89276716981132,38.93301735576923
2026-09-01 10:03:00,39.82043,39.13592230769231,39.05105037037037,38.91584584905661,38.94301096153846
2026-09-01 10:04:00,38.60135,39.10980153846154,39.01865296296296,38.91487264150943,38.936312788461535
2026-09-01 10:05:00,39.13179,39.10663076923077,39.01618055555556,38.93015150943396,38.93741326923077
2026-09-01 10:06:00,38.91065,39.079043846153844,39.003234629629624,38.93444849056604,38.93789326923077
2026-09-01 10:07:00,,39.046011666666665,38.986464038461534,38.93939903846154,38.93801106796117
2026-09-01 10:08:00,39.5345,39.10879833333333,39.012150192307686,38.951671730769235,38.93838368932039
2026-09-01 10:09:00,39.381645,39.12978653846154,39.02608961538461,38.96647413461538,38.93885601941748
2026-09-01 10:10:00,,39.15209541666667,39.0312372,38.96647413461538,38.932872843137254
2026-09-01 10:11:00,38.66074,39.18487125,39.0335632,38.958007788461536,38.92798107843137
2026-09-01 10:12:00,38.72453,39.186740416666666,39.009162599999996,38.95360254716981,38.92580098039216
2026-09-01 10:13:00,38.7385,39.16047708333333,39.018314600000004,38.947362735849055,38.92754078431373
2026-09-01 10:14:00,,39.18445772727272,39.030695208333334,38.9428425,38.92460084158416
2026-09-01 10:15:00,39.331005000000005,39.19667,39.04583208333334,38.95016632075472,38.93014
2026-09-01 10:16:00,39.699015,39.18240708333334,39.0719594,38.96252264150943,38.93767799019608
2026-09-01 10:17:00,40.080079999999995,39.217852916666665,39.1184856,38.99147264150943,38.9454237745098
2026-09-01 10:18:00,,39.163073181818184,39.148366458333335,38.99147264150943,38.94363391089109
2026-09-01 10:19:00,39.89062,39.28027954545455,39.18793729166667,39.010736698113206,38.96103212871287
2026-09-01 10:20:00,39.281255,39.29386727272727,39.1924475,39.018851886792454,38.96649158415841
2026-09-01 10:21:00,40.16841,39.4082090909091,39.22991125,39.050614528301885,38.97827509803921
2026-09-01 10:22:00,40.20642,39.47472666666667,39.26036916666667,39.083,38.98649637254902
2026-09-01 10:23:00,39.3703,39.46104333333333,39.28492083333334,39.10024320754717,38.986935392156866
2026-09-01 10:24:00,38.95962,39.42587458333333,39.2719088,39.10016264150943,38.98948725490196
2026-09-01 10:25:00,,39.42587458333333,39.288985000000004,39.10503442307692,38.99012613861386
2026-09-01 10:26:00,38.719035,39.4307325,39.307801875,39.093648557692305,38.990612623762374
2026-09-01 10:27:00,38.946955,39.44926791666666,39.31800416666667,39.09703173076923,38.987834554455446
2026-09-01 10:28:00,39.43383,39.507212083333336,39.33384458333334,39.11192538461538,38.99220705882353
2026-09-01 10:29:00,,39.507212083333336,39.35285130434783,39.115311372549016,38.99423089108911
2026-09-01 10:30:00,39.736505,39.54100375,39.368836875,39.140165196078435,39.00150808823529
2026-09-01 10:31:00,39.01698,39.4841675,39.333287291666664,39.14122735294118,39.00236681372549
2026-09-01 10:32:00,,39.42999363636363,39.31931152173913,39.1535849,38.999414504950494
2026-09-01 10:33:00,39.01865,39.395714999999996,39.28445152173913,39.158414900000004,38.99536861386139
2026-09-01 10:34:00,38.940945,39.316575416666666,39.29921652173913,39.147712199999994,38.98524940594059
2026-09-01 10:35:00,38.9873,39.29207916666667,39.29293434782608,39.1434873,38.982531584158416
2026-09-01 10:36:00,39.65839,39.249577499999994,39.3254447826087,39.1514513,38.98975693069307
2026-09-01 10:37:00,,39.16259181818182,39.3254447826087,39.145577448979594,38.9939521
2026-09-01 10:38:00,38.993719999999996,39.12835727272727,39.30193260869566,39.14817051020408,38.989415199999996
2026-09-01 10:39:00,,39.145230999999995,39.29830931818182,39.15085697916667,38.987182777777775
2026-09-01 10:40:00,,39.145230999999995,39.29830931818182,39.15624968085106,38.98139658163265
2026-09-01 10:41:00,39.006789999999995,39.174006500000004,39.31403886363636,39.16484968085106,38.98059056122449
2026-09-01 10:42:00,39.36156,39.215467000000004,39.34299477272727,39.16542446808511,38.984438737373736
2026-09-01 10:43:00,39.30742,39.202826,39.36885477272727,39.182397234042554,38.98766855
2026-09-01 10:44:00,38.72593,39.15947181818182,39.34090152173913,39.18249829787234,38.98572005
2026-09-01 10:45:00,38.97956,39.090658636363635,39.32562130434783,39.18275021276596,38.98565905940594
2026-09-01 10:46:00,38.95084,39.08464590909091,39.29309195652174,39.177918749999996,38.9867951980198
2026-09-01 10:47:00,38.60963,39.045061249999996,39.22915934782609,39.17151677083333,38.98901341584158
2026-09-01 10:48:00,38.77004,39.02434374999999,39.210029375,39.179197916666666,38.99127074257426
2026-09-01 10:49:00,,39.03192545454545,39.18043847826087,39.184267659574466,38.99331185
2026-09-01 10:50:00,38.492395,38.98693409090909,39.146140217391306,39.169786489361705,38.988352277227726
2026-09-01 10:51:00,39.15519,38.941188636363634,39.10208717391304,39.167359042553194,38.98935396039604
2026-09-01 10:52:00,38.81327,38.93052875,39.0415154347826,39.1532705319149,38.99272198019802
2026-09-01 10:53:00,38.7928,38.91378541666667,39.01640673913043,39.15352031914894,38.99551054455445
2026-09-01 10:54:00,,38.91378541666667,39.01898795454545,39.15352031914894,39.002247149999995
2026-09-01 10:55:00,39.07373,38.926088846153846,39.02136804347826,39.158023510638294,39.00224615
2026-09-01 10:56:00,38.57008,38.89249576923077,39.014891739130434,39.16446287234043,38.99268315
2026-09-01 10:57:00,39.30434,38.888094230769234,39.030430217391306,39.1772764893617,38.996616450000005
2026-09-01 10:58:00,39.28406,38.88629730769231,39.02391847826087,39.18217861702127,38.99617965
2026-09-01 10:59:00,38.80435,38.89232961538461,39.014769791666666,39.18021393617021,38.99428034653465
2026-09-01 11:00:00,38.88219,38.88483961538462,38.97917333333333,39.17400510416667,38.99639014851485
2026-09-01 11:01:00,,38.87933958333333,38.97752956521739,39.15919308510639,39.00035195
2026-09-01 11:02:00,38.420024999999995,38.86353916666667,38.95430020833333,39.132922765957446,39.0056403
2026-09-01 11:03:00,,38.87203909090909,38.951502391304345,39.11797695652174,39.00976535353535
2026-09-01 11:04:00,38.46137,38.83781666666667,38.93065130434782,39.11493391304348,39.007830404040405
2026-09-01 11:05:00,39.07091,38.88602625,38.934286521739125,39.113610434782615,39.01539505050505
2026-09-01 11:06:00,38.76739,38.853709583333334,38.89554739130435,39.11049608695652,39.01624838383838
2026-09-01 11:07:00,39.04877,38.87333458333333,38.90193166666666,39.10918276595745,39.02000343434344
2026-09-01 11:08:00,38.76958,38.87139958333333,38.8925925,39.092907872340426,39.01872323232323
2026-09-01 11:09:00,39.0477,38.88496115384615,38.8987968,39.08580265957447,39.02312505050505
2026-09-01 11:10:00,39.109335,38.8877,38.90689442307692,39.08629291666667,39.023987149999996
2026-09-01 11:11:00,,38.91416833333333,38.9028986,39.095347234042556,39.023209343434345
2026-09-01 11:12:00,39.65101,38.9430575,38.9144766,39.115059574468084,39.02948735
2026-09-01 11:13:00,38.529315,38.88016208333334,38.8833524,39.11060882978723,39.024088400000004
2026-09-01 11:14:00,39.073215,38.902567499999996,38.8972438,39.10982979166666,39.022996400000004
2026-09-01 11:15:00,,38.904419999999995,38.89381395833333,39.10512393617021,39.022996400000004
2026-09-01 11:16:00,39.36334,38.942663333333336,38.91100145833333,39.097981914893616,39.026188499999996
2026-09-01 11:17:00,38.511205000000004,38.95026166666666,38.906900416666666,39.06460159574468,39.02584325
2026-09-01 11:18:00,39.1865,38.96843384615384,38.92425291666667,39.06714114583333,39.02743391089109
2026-09-01 11:19:00,39.27019,39.03065076923077,38.93809039999999,39.05421552083333,39.031399900990095
2026-09-01 11:20:00,38.84335,39.01314615384616,38.952128599999995,39.0450925,39.031322673267326
2026-09-01 11:21:00,39.51281,39.070486153846154,38.9664334,39.03143416666666,39.04149910891089
2026-09-01 11:22:00,39.68697,39.11957846153846,39.0013814,39.02061229166667,39.053350396039605
2026-09-01 11:23:00,38.5905,39.10580307692308,38.9932894,39.00436645833333,39.05467801980198
2026-09-01 11:24:00,38.41306,39.05698461538462,38.970972884615385,38.99297979166666,39.04922425742574
2026-09-01 11:25:00,38.713544999999996,39.02653923076923,38.95711961538462,38.98727704081632,39.0479046039604
2026-09-01 11:26:00,,39.02653923076923,38.9726012,38.99286541666667,39.04527265
2026-09-01 11:27:00,39.07369,38.98213,38.9633752,38.995505729166666,39.04829925
2026-09-01 11:28:00,,39.01986458333334,38.95001333333333,38.986179680851066,39.05222792929293
2026-09-01 11:29:00,39.15185,39.0264175,38.9644925,38.989631145833336,39.0543755050505
2026-09-01 11:30:00,39.131395,39.034492692307694,38.97487604166667,38.9770246875,39.06106676767676
2026-09-01 11:31:00,,39.00708875,38.97487604166667,38.97617457446808,39.0620693877551
2026-09-01 11:32:00,39.05889,39.052729166666666,39.001495416666664,38.9778978125,39.06753408163265
2026-09-01 11:33:00,39.49979,39.07883666666667,39.021427200000005,38.9879215625,39.074907959183676
2026-09-01 11:34:00,39.128845,39.06705791666666,39.0481262,38.99183614583333,39.07136474489796
2026-09-01 11:35:00,38.60579,39.04726125,39.0295214,38.983888020833334,39.0653162244898
2026-09-01 11:36:00,39.01404,39.00569708333333,39.0393874,38.9704640625,39.06280448979592
2026-09-01 11:37:00,39.10217,38.95696375,39.0415234,38.973151938775516,39.05936469387755
2026-09-01 11:38:00,,38.990278636363634,39.052854375,38.9727234375,39.06135134020619
2026-09-01 11:39:00,38.82795,39.02799590909091,39.043698125,38.96976887755102,39.05937948453608
2026-09-01 11:40:00,39.01866,39.055733636363634,39.03992,38.9707467,39.06062958762887
2026-09-01 11:41:00,,39.055733636363634,39.03992,38.97001112244897,39.065400833333335
2026-09-01 11:42:00,39.37346,39.08298545454546,39.02835541666666,38.97025397959184,39.065806197916665
2026-09-01 11:43:00,39.30578,39.101551666666666,39.060708125,38.970220510204086,39.07409869791666
2026-09-01 11:44:00,38.67503,39.061816666666665,39.04411708333333,38.969181734693876,39.07361796875
2026-09-01 11:45:00,38.409665000000004,39.0016725,39.018739000000004,38.9575512244898,39.06780489583333
2026-09-01 11:46:00,,39.0016725,39.004380625,38.95769104166667,39.06780489583333
2026-09-01 11:47:00,39.08916,39.004195,39.02846208333333,38.967681250000005,39.06959901041667
2026-09-01 11:48:00,38.600764999999996,38.92927625,39.00405645833333,38.9641546875,39.07167630208333
2026-09-01 11:49:00,38.19309,38.85129666666666,38.95917729166667,38.948418673469384,39.06388640625
2026-09-01 11:50:00,37.89069,38.791705,38.919483125,38.93613897959183,39.05052890625
2026-09-01 11:51:00,38.282354999999995,38.73073125,38.86821416666667,38.918326020408166,39.0402484375
2026-09-01 11:52:00,,38.69696409090909,38.83261608695652,38.920514687499995,39.03566757894737
2026-09-01 11:53:00,38.9651,38.71930875,38.84890304347826,38.92410427083333,39.03760484210526
2026-09-01 11:54:00,38.58259,38.69886208333333,38.85627391304348,38.917134591836735,39.03286510416667
2026-09-01 11:55:00,38.66883,38.669709583333336,38.854329782608694,38.90887132653061,39.030852083333336
2026-09-01 11:56:00,38.803309999999996,38.67998653846154,38.85220395833333,38.913631122448976,39.036434166666666
2026-09-01 11:57:00,38.60022,38.620506538461534,38.832476041666666,38.89926132653061,39.03537291666667
2026-09-01 11:58:00,38.47504,38.556603461538465,38.8181786,38.88275071428571,39.029345625
2026-09-01 11:59:00,38.97354,38.57956576923077,38.8110462,38.88620357142857,39.030146145833335
2026-09-01 12:00:00,38.9817,38.62356846153846,38.8050584,38.8882343877551,39.02964670103093
2026-09-01 12:01:00,39.325779999999995,38.673726428571435,38.82508615384616,38.8969853,39.02403443298969
2026-09-01 12:02:00,38.62453,38.64053857142857,38.80838,38.901075399999996,39.01341381443299
2026-09-01 12:03:00,38.12249,38.60637607142856,38.75540692307692,38.88580901960784,38.99590927835052
2026-09-01 12:04:00,38.65596,38.63943821428571,38.73721903846154,38.88962450980392,38.99647226804123
2026-09-01 12:05:00,38.41946,38.6772075,38.7300525,38.876850980392156,38.98912865979381
2026-09-01 12:06:00,38.7488,38.710525000000004,38.71985096153846,38.87648647058823,38.98746010309278
2026-09-01 12:07:00,39.34631,38.75291066666667,38.729240961538466,38.882320588235295,38.99112183673469
2026-09-01 12:08:00,,38.73775428571429,38.729240961538466,38.884575399999996,38.98552
2026-09-01 12:09:00,,38.74969,38.7252926,38.881246326530615,38.981393697916666
2026-09-01 12:10:00,39.348965,38.80200807692308,38.738504799999994,38.88613673469388,38.98518309278351
2026-09-01 12:11:00,39.15977,38.82942807692307,38.75470730769231,38.8916094,38.99032773195876
2026-09-01 12:12:00,38.70778,38.83770192307692,38.72910423076923,38.87274479999999,38.99015505154639
2026-09-01 12:13:00,38.89224,38.86979423076923,38.713198846153844,38.8800033,38.99174
2026-09-01 12:14:00,38.38673,38.824655,38.70211038461538,38.8662736,38.985566428571424
2026-09-01 12:15:00,38.88365,38.817112692307695,38.72034057692308,38.86661431372549,38.981001581632654
2026-09-01 12:16:00,39.244659999999996,38.8108726923077,38.73975981481481,38.86428725490196,38.976365306122446
2026-09-01 12:17:00,40.04814,38.92038115384616,38.775277592592595,38.89442323529411,38.9760393877551
2026-09-01 12:18:00,39.728255000000004,39.04390153846154,38.81703648148147,38.905045882352944,38.983637525252526
2026-09-01 12:19:00,,39.07623,38.84103442307692,38.897743,38.97438260204081
2026-09-01 12:20:00,,39.13593636363636,38.8790482,38.89885306122449,38.97121896907216
2026-09-01 12:21:00,38.712180000000004,39.13260727272728,38.8962412,38.88251367346939,38.95620628865979
2026-09-01 12:22:00,39.3835,39.135988181818185,38.91498192307692,38.87632040816327,38.94772257731958
2026-09-01 12:23:00,39.485495,39.165113749999996,38.93499711538462,38.894585612244896,38.94891015463917
2026-09-01 12:24:00,39.00243,39.15259961538462,38.95114480769231,38.90661357142857,38.94935149484537
2026-09-01 12:25:00,39.29694,39.14859769230769,38.97530288461538,38.918519591836734,38.95289831632653
2026-09-01 12:26:00,38.74817,39.116936153846154,38.97318211538462,38.9151126,38.9531956122449
2026-09-01 12:27:00,38.47955,39.099380000000004,38.96854096153846,38.9032298,38.948426173469386
2026-09-01 12:28:00,,39.116641666666666,38.988281,38.9032298,38.94342201030928
2026-09-01 12:29:00,38.62247,39.13628666666666,38.9742382,38.8926422,38.94014698979591
2026-09-01 12:30:00,39.57392,39.19380916666667,38.997927,38.9014927,38.93848795918367
2026-09-01 12:31:00,,39.18918636363637,38.98426645833333,38.9014927,38.9376787628866
2026-09-01 12:32:00,39.81762,39.16823,39.03397854166667,38.9166673,38.946657755102045
2026-09-01 12:33:00,39.86,39.18020681818182,39.10637479166667,38.9238715,38.95524295918368
2026-09-01 12:34:00,38.97088,39.162762916666665,39.11949645833334,38.920712200000004,38.95554841836734
2026-09-01 12:35:00,38.9099,39.14331192307692,39.139931458333336,38.9267944,38.954758622448985
2026-09-01 12:36:00,39.942955,39.237986923076924,39.189687916666664,38.9453727,38.957662346938775
2026-09-01 12:37:00,39.44911,39.24303384615384,39.19397125,38.95231149999999,38.96262646464647
2026-09-01 12:38:00,,39.22282875,39.19397125,38.95231149999999,38.96230918367347
2026-09-01 12:39:00,39.70091,39.28103541666667,39.21424879999999,38.9697707,38.9697697979798
2026-09-01 12:40:00,39.64062,39.30967541666667,39.225915,38.9822099,38.9764783
2026-09-01 12:41:00,,39.360721363636365,39.228671041666665,38.9822099,38.97617212121212
2026-09-01 12:42:00,39.45522,39.44941863636364,39.259814375,38.983845099999996,38.977118181818184
2026-09-01 12:43:00,39.24196,39.432130416666666,39.274386041666666,38.982568699999995,38.97645696969697
2026-09-01 12:44:00,,39.50573590909091,39.31297978260869,38.988845,38.97901336734694
2026-09-01 12:45:00,39.83151,39.52915318181818,39.35419108695652,39.017862244897955,38.98770673469387
2026-09-01 12:46:00,39.61844,39.53659375,39.370442391304344,39.0298738,38.99451897959184
2026-09-01 12:47:00,38.756085,39.4481325,39.31426608695652,39.0232123,38.99601341836735
2026-09-01 12:48:00,39.04968,39.380605833333334,39.284762826086954,39.0321906,38.998866887755106
2026-09-01 12:49:00,39.36376,39.41334583333333,39.288054375,39.055603999999995,39.00255267676768
2026-09-01 12:50:00,39.29765,39.445658333333334,39.2884382,39.0837432,39.01068656565656
2026-09-01 12:51:00,39.5912,39.416345416666665,39.323599,39.1099201,39.01509070707071
2026-09-01 12:52:00,38.73471,39.35681208333333,39.2976474,39.10256303921568,39.01429717171717
2026-09-01 12:53:00,38.925995,39.323672307692306,39.2752674,39.10179627450981,39.015642575757575
2026-09-01 12:54:00,39.07315,39.27538307692308,39.2780962,39.11141509803921,39.01621765
2026-09-01 12:55:00,39.26255,39.24630076923077,39.2767206,39.12305666666667,39.018105850000005
2026-09-01 12:56:00,38.93086,39.22376928571428,39.284028199999995,39.12555764705883,39.02171365
2026-09-01 12:57:00,38.566154999999995,39.16026464285714,39.2874924,39.12488970588235,39.0143318
2026-09-01 12:58:00,38.708330000000004,39.12214821428571,39.26521692307693,39.12946401960784,39.0085745
2026-09-01 12:59:00,,39.12214821428571,39.2909268,39.1325825,39.010637373737374
2026-09-01 13:00:00,38.96949,39.06057535714286,39.2667496,39.1323383,39.01151919191919
2026-09-01 13:01:00,38.69738,38.99478535714286,39.244850769230766,39.1197703,39.0083778
2026-09-01 13:02:00,39.217,39.02770785714286,39.22175,39.1316197,39.01634755
2026-09-01 13:03:00,,39.0260176923077,39.196220000000004,39.15221418367347,39.01634755
2026-09-01 13:04:00,39.78674,39.058554615384615,39.2288544,39.17529132653061,39.02960125
2026-09-01 13:05:00,39.7087,39.090173846153846,39.2608064,39.20160234693877,39.03597915
2026-09-01 13:06:00,,39.04842166666667,39.232383541666664,39.21103572916667,39.03869217171717
2026-09-01 13:07:00,39.17667,39.08525166666667,39.221031875,39.2075015625,39.03998409090909
2026-09-01 13:08:00,38.91198,39.08408375,39.208669799999996,39.20147051020408,39.04142247474748
2026-09-01 13:09:00,38.912315,39.070680833333334,39.177126,39.1956874,39.04005494949495
2026-09-01 13:10:00,38.26595,38.987630833333334,39.1221392,39.1740271,39.031535909090906
2026-09-01 13:11:00,37.79513,38.892986666666665,39.071100384615384,39.146734300000006,39.01917185
2026-09-01 13:12:00,38.655705,38.90044916666667,39.04034980769231,39.1456928,39.0092188
2026-09-01 13:13:00,39.26568,38.946895000000005,39.04126211538461,39.1531616,39.01658245
2026-09-01 13:14:00,39.62323,38.99892076923077,39.062816481481484,39.1778916,39.0220826
2026-09-01 13:15:00,39.52879,39.04194384615385,39.05160462962963,39.1907944,39.02709950495049
2026-09-01 13:16:00,39.542555,39.106957307692305,39.048794074074074,39.1967523,39.028873910891086
2026-09-01 13:17:00,39.76537,39.14913961538462,39.086175,39.191096900000005,39.04129138613862
2026-09-01 13:18:00,39.97195,39.20791178571428,39.12033314814815,39.1959708,39.04906811881188
2026-09-01 13:19:00,39.46238,39.18474321428572,39.123985740740736,39.201194509803926,39.05097099009901
2026-09-01 13:20:00,39.05484,39.138038928571426,39.11499277777778,39.19838,39.05306495049505
2026-09-01 13:21:00,38.594105,39.101776666666666,39.07806333333333,39.19610932692307,39.04396886138613
2026-09-01 13:22:00,39.55366,39.12690933333333,39.10839481481481,39.199381634615385,39.04264896039604
2026-09-01 13:23:00,39.40256,39.15961466666666,39.12604537037037,39.19778673076923,39.05068915841584
2026-09-01 13:24:00,39.0856,39.171167,39.12650648148148,39.199386153846156,39.05734797029703
2026-09-01 13:25:00,,39.23582535714286,39.12127403846154,39.19747333333333,39.060786
2026-09-01 13:26:00,39.01237,39.32277107142857,39.124409038461536,39.2026537254902,39.060306633663366
2026-09-01 13:27:00,38.87455,39.33840285714286,39.136270384615386,39.21039882352941,39.058334950495045
2026-09-01 13:28:00,38.61926,39.29223,39.13284461538461,39.19903076923077,39.054030294117645
2026-09-01 13:29:00,39.2931,39.26864928571428,39.13878,39.2119275,39.05541509803922
2026-09-01 13:30:00,39.142025000000004,39.24102321428571,39.14517018518519,39.203621826923076,39.05551931372549
2026-09-01 13:31:00,39.14853,39.21287857142857,39.161879444444445,39.20258235849057,39.05642233009709
2026-09-01 13:32:00,39.04158,39.16117928571428,39.1553824074074,39.18794009433962,39.05625427184466
2026-09-01 13:33:00,40.041155,39.16612249999999,39.187017142857144,39.19135811320754,39.06151024271845
2026-09-01 13:34:00,39.631945,39.17823428571428,39.18148874999999,39.20383103773585,39.06639470873787
2026-09-01 13:35:00,,39.18772615384615,39.16196240740741,39.20948355769231,39.07091044117647
2026-09-01 13:36:00,38.92699,39.213332692307695,39.15357053571429,39.189945769230775,39.07005700980392
2026-09-01 13:37:00,38.78932,39.15453730769231,39.13973660714286,39.1772575,39.06698985294118
2026-09-01 13:38:00,38.18118,39.060584999999996,39.11363660714285,39.15846358490567,39.05838975728155
2026-09-01 13:39:00,39.42144,39.08641884615385,39.131819642857145,39.153190566037736,39.064151796116505
2026-09-01 13:40:00,39.60253,39.123283928571425,39.17955464285715,39.15247188679245,39.06982043689321
2026-09-01 13:41:00,38.86361,39.112658214285716,39.21771464285714,39.14712259259259,39.06783764423077
2026-09-01 13:42:00,38.60946,39.09372321428572,39.216063035714285,39.13146037037037,39.060491490384614
2026-09-01 13:43:00,38.95395,39.117629642857146,39.20492982142857,39.12612685185185,39.05710850961538
2026-09-01 13:44:00,39.1854,39.10993678571429,39.189293035714286,39.12720454545454,39.062015913461536
2026-09-01 13:45:00,39.37607,39.12665428571428,39.18383875,39.11892381818182,39.07130826923077
2026-09-01 13:46:00,39.35554,39.141440714285714,39.17715964285714,39.11414381818182,39.074015238095235
2026-09-01 13:47:00,38.92877,39.133382857142855,39.147281071428566,39.11728354545455,39.072487714285714
2026-09-01 13:48:00,39.0531,39.0628075,39.114465,39.117345727272735,39.07679566666667
2026-09-01 13:49:00,39.43357,39.04863785714286,39.113436071428566,39.118615,39.088609761904756
2026-09-01 13:50:00,39.3835,39.070962,39.12517392857143,39.120175909090904,39.102827
2026-09-01 13:51:00,,39.081245714285714,39.14484314814815,39.11145324074074,39.110716153846155
2026-09-01 13:52:00,39.49207,39.131442142857146,39.14256203703704,39.12547842592593,39.11434809523809
2026-09-01 13:53:00,38.88633,39.18181,39.12344240740741,39.12474388888888,39.1135979047619
2026-09-01 13:54:00,39.39953,39.180245,39.13506944444444,39.13078796296296,39.121378285714286
2026-09-01 13:55:00,39.08876,39.14354714285714,39.133415535714285,39.12756962962963,39.12537761904762
2026-09-01 13:56:00,,39.16508076923076,39.137898703703705,39.13128113207548,39.12847442307692
2026-09-01 13:57:00,39.40438,39.22622846153846,39.15752203703704,39.1470966981132,39.136206730769224
2026-09-01 13:58:00,39.29276,39.25229076923077,39.182466481481484,39.158123679245286,39.14406942307692
2026-09-01 13:59:00,39.6427,39.28746769230769,39.19541462962963,39.16709731481482,39.15050365384615
2026-09-01 14:00:00,39.97429,39.33348461538461,39.226239259259266,39.185704722222226,39.16004778846154
2026-09-01 14:01:00,39.56446,39.349555384615385,39.241644074074074,39.20176175925926,39.162342788461544
2026-09-01 14:02:00,39.5051,39.39388846153846,39.25881148148148,39.207096944444444,39.17080980769231
2026-09-01 14:03:00,38.55132,39.35529,39.203632407407405,39.195173727272724,39.17493317307692
2026-09-01 14:04:00,38.72757,39.30098230769231,39.17013703703703,39.17591609090909,39.17562173076924
2026-09-01 14:05:00,39.0902,39.27842076923077,39.16728214285714,39.16467063636364,39.18207115384616
2026-09-01 14:06:00,38.86897,39.24917428571428,39.16521,39.15939026785714,39.18322663461539
2026-09-01 14:07:00,39.53015,39.251894285714286,39.19166821428571,39.16570241071429,39.184994326923075
2026-09-01 14:08:00,39.45918,39.292812142857144,39.237311071428564,39.175473839285715,39.187605619047616
2026-09-01 14:09:00,39.53455,39.302456428571425,39.241350714285716,39.18658517857143,39.19087867924529
2026-09-01 14:10:00,39.20169,39.31052285714286,39.227035,39.20329482142858,39.18948929245283
2026-09-01 14:11:00,39.37753,39.314989999999995,39.24538928571429,39.231551964285714,39.191543632075465
2026-09-01 14:12:00,39.16288,39.29889000000001,39.26515428571428,39.24060866071428,39.19583702830188
2026-09-01 14:13:00,38.86855,39.27060933333333,39.262104285714294,39.233517053571425,39.195613537735845
2026-09-01 14:14:00,38.682675,39.20660766666666,39.24414982142857,39.216721428571425,39.19840547169811
2026-09-01 14:15:00,39.219275,39.15627333333334,39.23855,39.211194375,39.20157174528302
2026-09-01 14:16:00,39.66848,39.163208000000004,39.24972642857143,39.21344303571429,39.205570047169815
2026-09-01 14:17:00,,39.13878714285715,39.2616137037037,39.203408,39.19754557142856
2026-09-01 14:18:00,39.46451,39.204015000000005,39.27685111111111,39.19418181818182,39.195033714285714
2026-09-01 14:19:00,38.60563,39.195305000000005,39.24618666666667,39.17860454545455,39.18947330188679
2026-09-01 14:20:00,38.94708,39.18508214285714,39.23002296296296,39.17664527272727,39.18720794392523
2026-09-01 14:21:00,39.38079,39.22164071428572,39.2354075,39.190948636363636,39.19345663551402
2026-09-01 14:22:00,39.55353,39.22331071428572,39.2376025,39.190946272727274,39.19504570093458
2026-09-01 14:23:00,39.11007,39.19837428571429,39.24559321428571,39.18562827272727,39.191537056074765
2026-09-01 14:24:00,39.44606,39.19205357142857,39.247255,39.19218209090909,39.195683130841125
2026-09-01 14:25:00,,39.191312307692314,39.25312518518518,39.19218209090909,39.194727877358496
2026-09-01 14:26:00,38.69085,39.13849076923077,39.233043928571426,39.186336272727274,39.194187122641516
2026-09-01 14:27:00,,39.13645833333334,39.22669814814815,39.1921100925926,39.2009931904762
2026-09-01 14:28:00,39.41062,39.18163083333334,39.23106333333334,39.206764907407404,39.20297080188679
2026-09-01 14:29:00,39.104655,39.21679583333333,39.211135740740744,39.203275185185184,39.20751971698113
2026-09-01 14:30:00,39.622105,39.250364999999995,39.198091851851856,39.21216555555556,39.20797429245283
2026-09-01 14:31:00,39.35003,39.2238275,39.190149999999996,39.21589703703703,39.20930191588785
2026-09-01 14:32:00,39.5972,39.25254846153847,39.19356111111111,39.22618629629629,39.207241915887856
2026-09-01 14:33:00,39.325835,39.24188115384615,39.22224685185185,39.21293962962963,39.20224971962616
2026-09-01 14:34:00,39.033955000000006,39.27482923076923,39.23359444444444,39.201865740740736,39.20283920560748
2026-09-01 14:35:00,38.86649,39.26863,39.22530888888888,39.195767999999994,39.202433504672896
2026-09-01 14:36:00,39.00571,39.2397776923077,39.23037333333333,39.197199272727275,39.19367420560748
2026-09-01 14:37:00,40.00166,39.27424923076923,39.24783666666667,39.21924181818182,39.19883822429907
2026-09-01 14:38:00,,39.287930833333334,39.23970807692308,39.238465185185184,39.19883822429907
2026-09-01 14:39:00,39.03127,39.253364999999995,39.22035115384615,39.23123981481481,39.19257990654205
2026-09-01 14:40:00,38.57781,39.201399230769226,39.19635576923077,39.21226351851851,39.182647102803735
2026-09-01 14:41:00,,39.243945,39.18910880000001,39.21884188679245,39.182647102803735
2026-09-01 14:42:00,39.1873,39.239587692307694,39.190085599999996,39.229744528301886,39.18014317757009
2026-09-01 14:43:00,39.18438,39.22218461538461,39.2027188,39.23409226415094,39.179605046728966
2026-09-01 14:44:00,39.938405,39.28631923076923,39.252948,39.248299905660375,39.18663097222222
2026-09-01 14:45:00,38.88704,39.22977576923077,39.2396586,39.2390729245283,39.17788587962963
2026-09-01 14:46:00,38.85107,39.191394230769234,39.2069622,39.229554622641515,39.17078060185185
2026-09-01 14:47:00,37.875095,39.05892461538461,39.15573653846154,39.209673962264155,39.16262328703704
2026-09-01 14:48:00,,39.03668208333333,39.1433856,39.212685,39.163678831775705
2026-09-01 14:49:00,38.82435,39.019215,39.1521344,39.20096923076923,39.15863761682243
2026-09-01 14:50:00,38.58821,38.996025,39.1377796,39.18567519230769,39.15200733644859
2026-09-01 14:51:00,38.523915,38.955875416666665,39.103504599999994,39.173189150943394,39.142032710280375
2026-09-01 14:52:00,39.22046,38.89077541666666,39.0901818,39.168064433962265,39.14657242990654
2026-09-01 14:53:00,39.03479,38.90185346153846,39.0871706,39.17086556603773,39.14758920560747
2026-09-01 14:54:00,38.73922,38.87938807692308,39.058897,39.15840688679245,39.14446836448599
2026-09-01 14:55:00,39.353094999999996,38.939025384615384,39.07021230769231,39.16339433962264,39.14531457943926
2026-09-01 14:56:00,38.42723,38.90246857142858,39.060073076923075,39.14976166666667,39.14060775700935
2026-09-01 14:57:00,38.70314,38.86788571428571,39.04685333333333,39.13677574074074,39.14188799065421
2026-09-01 14:58:00,39.041185,38.8576575,39.033170555555564,39.13211694444444,39.14499878504673
2026-09-01 14:59:00,39.24867,38.808390714285714,39.03850444444444,39.12482009259259,39.145958703703705
2026-09-01 15:00:00,39.67196,38.86445642857143,39.04035092592593,39.11922138888889,39.15246305555556
2026-09-01 15:01:00,39.06224,38.879540000000006,39.02969203703703,39.10992101851852,39.15584138888889
2026-09-01 15:02:00,38.85068,38.94922464285714,39.00204314814815,39.097802129629635,39.152449537037036
2026-09-01 15:03:00,38.59639,38.925702333333334,38.97502666666667,39.09863675925926,39.1473480733945
2026-09-01 15:04:00,38.9535,38.93431233333333,38.97204685185185,39.102820648148146,39.139703669724774
2026-09-01 15:05:00,38.87027,38.953116333333334,38.97218685185185,39.09874787037037,39.13201165137615
2026-09-01 15:06:00,38.76696,38.96931933333334,38.96334425925926,39.09685879629629,39.128693000000005
2026-09-01 15:07:00,39.654740000000004,38.998271333333335,38.950495370370376,39.09916601851852,39.133039090909094
2026-09-01 15:08:00,38.25042,38.94598,38.92549267857142,39.076781574074076,39.1270249090909
2026-09-01 15:09:00,38.188505,38.90926566666666,38.89539392857143,39.05185481481482,39.12044481818182
2026-09-01 15:10:00,38.36013,38.843068,38.887619642857146,39.03627037037037,39.121300999999995
2026-09-01 15:11:00,,38.872770714285714,38.887619642857146,39.02983150943397,39.13346770642201
2026-09-01 15:12:00,,38.88581923076923,38.87652037037037,39.027272884615385,39.137891435185175
2026-09-01 15:13:00,39.33799,38.908650384615385,38.88220962962963,39.036300576923075,39.13856097222222
2026-09-01 15:14:00,39.6185,38.937098846153845,38.870361296296295,39.05429721153846,39.13851717592593
2026-09-01 15:15:00,38.90468,38.8780773076923,38.871014629629634,39.04824730769231,39.13273837962962
2026-09-01 15:16:00,38.899775,38.86558,38.87281851851852,39.03346451923077,39.126786712962954
2026-09-01 15:17:00,,38.86682166666667,38.9111925,39.03346451923077,39.12081864485982
2026-09-01 15:18:00,39.297775,38.92527041666667,38.92551037037037,39.030258076923076,39.114517943925236
2026-09-01 15:19:00,39.86586,39.001300416666666,38.96408481481481,39.05449326923077,39.11828878504673
2026-09-01 15:20:00,39.31793,39.03860541666666,38.99111148148148,39.061625,39.12074757009345
2026-09-01 15:21:00,39.45342,39.095810416666666,39.02553759259259,39.06302173076923,39.12877855140186
2026-09-01 15:22:00,38.94315,39.03651125,39.015266851851855,39.051283653846156,39.12307285046729
2026-09-01 15:23:00,38.73154,39.076604583333335,39.00403537037037,39.04400423076923,39.11680163551402
2026-09-01 15:24:00,38.29355,39.08535833333333,38.98752907407407,39.021840576923076,39.109399299065416
2026-09-01 15:25:00,,39.15128818181818,38.97346884615384,39.021840576923076,39.109399299065416
2026-09-01 15:26:00,38.897149999999996,39.130109999999995,38.991542692307696,39.02580788461538,39.108322476635514
2026-09-01 15:27:00,39.33479,39.145854615384614,39.015836923076925,39.03163773584905,39.112623785046736
2026-09-01 15:28:00,38.946875,39.11576884615385,39.01220961538461,39.02288783018868,39.115685607476635
2026-09-01 15:29:00,38.97113,39.06597115384615,39.001535000000004,39.020368490566035,39.11267654205607
2026-09-01 15:30:00,39.298249999999996,39.09624576923077,38.987161538461535,39.01425801886792,39.114136588785044
2026-09-01 15:31:00,38.59594,39.07287384615385,38.969226923076924,39.00002990566038,39.10897219626168
2026-09-01 15:32:00,38.88657,39.05956642857143,38.97060730769231,38.98662179245283,39.107523504672905
2026-09-01 15:33:00,,39.04124269230769,38.985576,38.98009846153846,39.098715660377366
2026-09-01 15:34:00,37.9277,38.892153461538456,38.944544,38.95882432692308,39.08263787735849
2026-09-01 15:35:00,38.563244999999995,38.834100769230766,38.932263000000006,38.95299269230769,39.077783738317756
2026-09-01 15:36:00,38.779375,38.782251153846154,38.9327596,38.948640096153845,39.07640415887851
2026-09-01 15:37:00,38.85352,38.77535653846154,38.9007108,38.926560480769226,39.077004158878495
2026-09-01 15:38:00,,38.779007916666664,38.927806249999996,38.926560480769226,39.08545533018868
2026-09-01 15:39:00,39.29538,38.86249375,38.973926041666665,38.931639519230764,39.084266084905664
2026-09-01 15:40:00,38.93832,38.86832653846154,38.99801729166666,38.93857240384615,39.07799995283019
2026-09-01 15:41:00,39.46343,38.91188653846154,39.0166338,38.94847537735849,39.083658632075476
2026-09-01 15:42:00,39.28091,38.90774192307693,39.02679826923077,38.95024160377358,39.08999306603773
2026-09-01 15:43:00,37.900180000000006,38.82722692307693,38.97149788461539,38.926011415094344,39.08005183962264
2026-09-01 15:44:00,38.8148,38.81520153846154,38.94058634615384,38.90481132075472,39.07655561320755
2026-09-01 15:45:00,38.76605,38.77426307692308,38.93525442307692,38.90252849056604,39.07080070754718
2026-09-01 15:46:00,38.37965,38.75762538461538,38.91524961538461,38.8936337735849,39.061594198113205
2026-09-01 15:47:00,38.12234,38.698838461538465,38.885882592592594,38.89829877358491,39.05398636792453
2026-09-01 15:48:00,38.15904,38.66028142857143,38.84370722222223,38.8846087962963,39.04555183962264
2026-09-01 15:49:00,38.90901,38.730374999999995,38.80826833333334,38.88617657407408,39.04060316037736
2026-09-01 15:50:00,,38.74323115384615,38.78866596153846,38.89179858490566,39.03733747619047
2026-09-01 15:51:00,39.28974,38.78249,38.78237057692308,38.906248113207546,39.03971863207547
2026-09-01 15:52:00,38.78102,38.77691307692308,38.77613480769231,38.89795679245283,39.033010613207544
2026-09-01 15:53:00,38.77277,38.77661714285715,38.77772057692308,38.893013018867926,39.03193929245283
2026-09-01 15:54:00,39.29515,38.77660071428571,38.81624365384615,38.903502264150944,39.030954575471696
2026-09-01 15:55:00,39.397490000000005,38.809398571428574,38.837771296296296,38.90433990566038,39.03386712264152
2026-09-01 15:56:00,,38.75908846153846,38.8354875,38.913515096153844,39.03386712264152
2026-09-01 15:57:00,38.943725,38.73315115384616,38.82044653846154,38.91814173076923,39.02952132075471
2026-09-01 15:58:00,39.29046,38.84009576923077,38.833661346153846,38.92293548076923,39.0294996226415
2026-09-01 15:59:00,39.19169,38.86908730769231,38.842144423076924,38.92183971153846,39.02524481132075
2026-09-01 16:00:00,38.80167,38.87182730769231,38.823045192307696,38.90510336538462,39.01418235849057
2026-09-01 16:01:00,38.482875,38.879767692307695,38.81869653846154,38.893961730769234,39.00397872641509
2026-09-01 16:02:00,38.547885,38.912501923076924,38.80567019230769,38.88813875,38.99494839622642
2026-09-01 16:03:00,38.73045,38.95645653846154,38.802884259259265,38.890716826923075,38.99663830188679
2026-09-01 16:04:00,38.19557,38.90157653846154,38.81280537037037,38.87614125,38.99161943396226
2026-09-01 16:05:00,38.47558,38.87114821428571,38.809558518518514,38.8685510576923,38.98582113207547
2026-09-01 16:06:00,,38.83894884615384,38.810719423076925,38.87054303921568,38.986934000000005
2026-09-01 16:07:00,38.96431,38.85304807692308,38.81498057692308,38.85700519607843,38.98154504761905
2026-09-01 16:08:00,39.27315,38.89153884615385,38.83194981481482,38.877058725490194,38.979773333333334
2026-09-01 16:09:00,,38.85790458333333,38.814125576923075,38.8908298,38.97443894230769
2026-09-01 16:10:00,39.20644,38.841983750000004,38.824437884615385,38.907756000000006,38.97448461538461
2026-09-01 16:11:00,,38.841983750000004,38.7988782,38.907756000000006,38.97057155339806
2026-09-01 16:12:00,39.02194,38.84850166666667,38.7885194,38.909994901960786,38.9692032038835
2026-09-01 16:13:00,38.76229,38.8044875,38.8230038,38.89870666666667,38.96817155339806
2026-09-01 16:14:00,38.91336,38.78129333333333,38.826946199999995,38.884880392156866,38.97041121359223
2026-09-01 16:15:00,39.19618,38.814169166666666,38.8441514,38.89059607843137,38.97018699029126
2026-09-01 16:16:00,38.93309,38.85168708333333,38.866289,38.891249313725496,38.96304728155339
2026-09-01 16:17:00,38.921015,38.88278125,38.898236000000004,38.89182173076923,38.962643125
2026-09-01 16:18:00,,38.896629545454545,38.92903583333334,38.8838618627451,38.957770631067966
2026-09-01 16:19:00,39.24459,38.991995,38.943018333333335,38.871680098039214,38.96397412621359
2026-09-01 16:20:00,38.664159999999995,39.00913863636364,38.931864,38.858861078431374,38.96122733009709
2026-09-01 16:21:00,,39.00913863636364,38.9169525,38.8469699,38.95711397058824
2026-09-01 16:22:00,38.63791,38.979465909090905,38.91098958333333,38.8408651,38.94813730392157
2026-09-01 16:23:00,38.37802,38.898090454545454,38.89454166666666,38.8337947,38.940960343137256
2026-09-01 16:24:00,38.58596,38.87207958333333,38.864992083333334,38.8396429,38.93252799019608
2026-09-01 16:25:00,39.36318,38.88514125,38.8635625,38.84990833333333,38.9367090776699
2026-09-01 16:26:00,39.75099,38.951745,38.8990596,38.86665029411765,38.94700169902912
2026-09-01 16:27:00,,38.945895416666666,38.89719854166667,38.8572875,38.94700169902912
2026-09-01 16:28:00,38.708825000000004,38.94143999999999,38.87296375,38.8525265,38.940188155339804
2026-09-01 16:29:00,38.15363,38.87812916666667,38.829711249999995,38.8361765,38.930954902912625
2026-09-01 16:30:00,39.39553,38.89474166666667,38.85445541666667,38.83812209999999,38.928755145631065
2026-09-01 16:31:00,39.39736,38.93343083333333,38.89255895833333,38.8541505,38.92921466019418
2026-09-01 16:32:00,39.63005,38.99251708333333,38.93764916666667,38.8690201,38.92953359223301
2026-09-01 16:33:00,39.208,39.00909269230769,38.95754708333333,38.87566676470588,38.9283895631068
2026-09-01 16:34:00,39.66107,39.04112961538462,39.01860958333334,38.909654411764706,38.93447805825243
2026-09-01 16:35:00,39.23675,39.085175,39.050325,38.92286039215686,38.938072815533985
2026-09-01 16:36:00,38.96502,39.0765925,39.0469128,38.92650049019608,38.93767776699029
2026-09-01 16:37:00,39.22136,39.1182675,39.057194800000005,38.93371303921569,38.93010203883495
2026-09-01 16:38:00,38.55445,39.13086964285714,39.028446800000005,38.92641951923077,38.92649
2026-09-01 16:39:00,38.95576,39.15728392857143,39.025651153846155,38.919888365384615,38.92576394230769
2026-09-01 16:40:00,38.54726,39.099003928571435,39.00029807692307,38.91236798076923,38.92547019230769
2026-09-01 16:41:00,,39.04885115384616,39.00029807692307,38.901562843137256,38.92547019230769
2026-09-01 16:42:00,38.7424,39.026961785714285,38.98954653846154,38.89100382352941,38.92119230769231
2026-09-01 16:43:00,,39.05143384615385,38.9986368,38.9108203,38.91863708737864
2026-09-01 16:44:00,,39.12625083333334,39.00219,38.91277989795918,38.9086393627451
2026-09-01 16:45:00,39.13237,39.10432083333333,38.99953125,38.92025581632653,38.911044558823534
2026-09-01 16:46:00,38.77511,39.05246666666667,38.992948750000004,38.92832642857143,38.91029985294117
2026-09-01 16:47:00,38.943825000000004,38.99528125,38.993899166666665,38.94509142857143,38.920777598039216
2026-09-01 16:48:00,38.9645,38.97498958333333,38.9927232,38.9615293877551,38.92120208737864
2026-09-01 16:49:00,,38.91261863636364,38.98222875,38.962623541666666,38.92215161764706
2026-09-01 16:50:00,39.08073,38.898435,38.999585833333335,38.96503387755102,38.92698024509804
2026-09-01 16:51:00,39.42677,38.94041227272727,39.0166732,38.967830408163266,38.93583176470588
2026-09-01 16:52:00,39.1881,38.937388636363636,39.0386808,38.976138163265304,38.93551450980392
2026-09-01 16:53:00,,38.9756825,39.066208333333336,38.980375,38.934531584158414
2026-09-01 16:54:00,38.31666,38.9117725,39.0549875,38.959989791666665,38.93034782178218
2026-09-01 16:55:00,38.97074,38.9541205,39.03863583333333,38.95109916666667,38.92656212871287
2026-09-01 16:56:00,38.21733,38.887139545454545,38.97473333333333,38.936124285714286,38.924483910891084
2026-09-01 16:57:00,38.45836,38.86131772727273,38.9540784,38.926218877551015,38.92206034653466
2026-09-01 16:58:00,38.97854,38.87108625,38.964867,38.91985316326531,38.9214400990099
2026-09-01 16:59:00,38.67343,38.85588192307692,38.985659,38.90927642857143,38.915744653465346
2026-09-01 17:00:00,,38.83284125,38.96858104166667,38.91151822916667,38.908182499999995
2026-09-01 17:01:00,38.4117,38.80255708333333,38.927511875,38.910035416666666,38.9016771
2026-09-01 17:02:00,39.13459,38.81845416666667,38.90686770833333,38.9222584375,38.904516199999996
2026-09-01 17:03:00,39.04911,38.825505,38.900247291666666,38.9288971875,38.9090434
2026-09-01 17:04:00,39.26415,38.859246923076924,38.88370895833334,38.95115927083333,38.9121499
2026-09-01 17:05:00,39.12306,38.86250307692308,38.878971875,38.9646484375,38.9146778
2026-09-01 17:06:00,39.297304999999994,38.85254423076923,38.892817083333334,38.97143734693878,38.91998125
2026-09-01 17:07:00,38.8079,38.82329807692308,38.87558958333333,38.968245306122455,38.91151285
2026-09-01 17:08:00,38.98998,38.83520392857143,38.89373666666667,38.96246632653061,38.918908449999996
2026-09-01 17:09:00,,38.87509192307692,38.89104,38.96246632653061,38.92628626262626
2026-09-01 17:10:00,38.14222,38.81135961538461,38.87342956521739,38.94074755102041,38.92408515151515
2026-09-01 17:11:00,38.36844,38.82298346153846,38.85238833333333,38.9293014,38.918528699999996
2026-09-01 17:12:00,38.01012,38.78850346153846,38.82187666666667,38.909065,38.90953455445545
2026-09-01 17:13:00,38.14862,38.72466346153846,38.7949464,38.8967916,38.897758613861384
2026-09-01 17:14:00,,38.728932916666665,38.7949464,38.89645346938775,38.8905512
2026-09-01 17:15:00,39.31582,38.774078076923075,38.8022844,38.89889510204082,38.894662600000004
2026-09-01 17:16:00,38.26286,38.762628846153845,38.781794399999995,38.88521693877551,38.88829345
2026-09-01 17:17:00,,38.73163208333333,38.775043125,38.88447114583334,38.88829345
2026-09-01 17:18:00,38.36801,38.67487375,38.750189375,38.87393112244898,38.8789958
2026-09-01 17:19:00,38.94978,38.64867625,38.758173,38.86791459183674,38.869834999999995
2026-09-01 17:20:00,38.83885,38.62499208333333,38.7484978,38.87147969387755,38.8650442
2026-09-01 17:21:00,38.859989999999996,38.58854916666667,38.7258266,38.8712499,38.8591099
2026-09-01 17:22:00,,38.568608181818185,38.70656520833333,38.87601193877551,38.85826101010101
2026-09-01 17:23:00,37.86291,38.46614727272728,38.672819,38.865499489795916,38.849486969696976
2026-09-01 17:24:00,37.91848,38.42050833333334,38.6568918,38.851877448979586,38.84569838383838
2026-09-01 17:25:00,37.72148,38.38544666666667,38.606921400000004,38.81837336734694,38.8344562
2026-09-01 17:26:00,,38.38699272727273,38.623154375,38.79894385416667,38.83382292929293
2026-09-01 17:27:00,38.39124,38.421640000000004,38.62035770833334,38.79062336734694,38.824292121212125
2026-09-01 17:28:00,38.554204999999996,38.45851136363637,38.60267708333333,38.78746785714286,38.82032575757576
2026-09-01 17:29:00,,38.45851136363637,38.599600869565215,38.800672812500004,38.81878693877551
2026-09-01 17:30:00,38.68929,38.401554090909094,38.60333791666667,38.78595947916667,38.81257306122449
2026-09-01 17:31:00,38.81781,38.45200409090909,38.62025916666666,38.77388552083333,38.81483704081633
2026-09-01 17:32:00,38.17257,38.42871791666666,38.580175000000004,38.74352135416667,38.807551326530614
2026-09-01 17:33:00,38.50087,38.43978958333333,38.55733166666666,38.72878947916667,38.80445353535353
2026-09-01 17:34:00,38.18253,38.375852083333335,38.51226416666667,38.6979865625,38.80702757575757
2026-09-01 17:35:00,38.41277,38.34034541666667,38.482668749999995,38.680820312499996,38.80550762626263
2026-09-01 17:36:00,39.12074,38.36207458333333,38.475311875,38.68406447916667,38.80895575757576
2026-09-01 17:37:00,38.65879,38.384898846153845,38.46909895833333,38.672344270833335,38.80698878787879
2026-09-01 17:38:00,38.56766,38.43911038461538,38.451502291666664,38.67261947916666,38.8045955
2026-09-01 17:39:00,39.44434,38.55648423076923,38.4912158,38.682798229166664,38.8060851
2026-09-01 17:40:00,39.4399,38.688670384615385,38.543123,38.70139489583333,38.8111009
2026-09-01 17:41:00,39.27719,38.7307075,38.579473,38.71314581632653,38.8092385
2026-09-01 17:42:00,,38.75682038461538,38.60319604166667,38.712536354166666,38.80447414141414
2026-09-01 17:43:00,38.080059999999996,38.72034769230769,38.600339375,38.69962867346939,38.80629111111111
2026-09-01 17:44:00,38.94636,38.736491428571426,38.61418019999999,38.7045633,38.80762
2026-09-01 17:45:00,38.52325,38.72463142857142,38.5824774,38.692380899999996,38.80516747474748
2026-09-01 17:46:00,38.431735,38.69705464285715,38.5892324,38.6855134,38.805693585858585
2026-09-01 17:47:00,37.81024,38.67117392857143,38.559271153846154,38.6628417,38.80254106060606
2026-09-01 17:48:00,38.69178,38.68481035714286,38.571723846153844,38.6573873,38.807922272727275
2026-09-01 17:49:00,38.96638,38.74079964285714,38.57236230769231,38.66344598039216,38.808501767676766
2026-09-01 17:50:00,,38.76603269230769,38.5617028,38.6551003,38.808501767676766
2026-09-01 17:51:00,38.58511,38.72483038461539,38.5507076,38.6382671,38.80138429292929
2026-09-01 17:52:00,38.345839999999995,38.70075730769231,38.54282807692308,38.6214219,38.796988535353535
2026-09-01 17:53:00,38.33912,38.683177307692304,38.56114384615385,38.61588656862745,38.79260823232323
2026-09-01 17:54:00,38.49092,38.60983730769231,38.58316076923077,38.61930343137254,38.7844846969697
2026-09-01 17:55:00,39.13425,38.58632576923077,38.63749807692307,38.62250950980392,38.78182570707071
2026-09-01 17:56:00,,38.52875375,38.63749807692307,38.6306131,38.78182570707071
2026-09-01 17:57:00,39.19556,38.58004653846154,38.668433461538456,38.6453571,38.784369494949495
2026-09-01 17:58:00,,38.621712083333335,38.6730026,38.63855744897959,38.77920530612245
2026-09-01 17:59:00,38.07181,38.54883291666667,38.64987980769231,38.62627948979592,38.767777959183675
2026-09-01 18:00:00,37.81947,38.49018458333334,38.616425192307695,38.6101433,38.757755510204085
2026-09-01 18:01:00,,38.49549818181818,38.6083698,38.614193163265305,38.76058932989691
2026-09-01 18:02:00,38.41485,38.55046272727273,38.618061,38.599504591836734,38.759217835051544
2026-09-01 18:03:00,,38.536331000000004,38.62294395833333,38.590137812500004,38.759517499999994
2026-09-01 18:04:00,38.50222,38.489915,38.636264374999996,38.57426427083333,38.762711770833334
2026-09-01 18:05:00,38.86482,38.52399727272728,38.655099791666665,38.56888427083333,38.76676635416667
2026-09-01 18:06:00,38.13912,38.48345272727273,38.61419895833333,38.54475541666667,38.76029577319588
2026-09-01 18:07:00,38.40181,38.488540909090915,38.60349145833333,38.536295208333335,38.75449680412371
2026-09-01 18:08:00,37.93803,38.45207818181819,38.577256874999996,38.51437958333333,38.74073268041237
2026-09-01 18:09:00,37.558075,38.36727409090909,38.4986625,38.49486316326531,38.728664744897955
2026-09-01 18:10:00,,38.2905765,38.45773913043478,38.50220989583333,38.72373922680412
2026-09-01 18:11:00,39.1764,38.371105909090915,38.45335695652174,38.51904239583333,38.72835821428571
2026-09-01 18:12:00,38.70156,38.32619681818182,38.46369875,38.533447395833335,38.725089030612246
2026-09-01 18:13:00,38.04354,38.30264208333333,38.46217708333333,38.53125822916667,38.71775484693878
2026-09-01 18:14:00,38.55136,38.34260458333333,38.445718750000005,38.53166846938776,38.71406096938776
2026-09-01 18:15:00,38.49949,38.39927291666667,38.44472875,38.51500867346939,38.7069518877551
2026-09-01 18:16:00,38.88012,38.436261153846154,38.46341145833333,38.527605816326535,38.70641137755102
2026-09-01 18:17:00,,38.43804541666667,38.4918102173913,38.527605816326535,38.704198969072166
2026-09-01 18:18:00,38.20988,38.42049423076923,38.47085804347826,38.524378673469386,38.69915489795918
2026-09-01 18:19:00,38.23991,38.40031653846154,38.43927239130435,38.509891530612244,38.688903061224494
2026-09-01 18:20:00,38.91927,38.404505,38.45927229166667,38.511532755102046,38.69150622448979
2026-09-01 18:21:00,,38.426620416666665,38.453801086956524,38.504273229166664,38.69150622448979
2026-09-01 18:22:00,38.327895,38.42046083333333,38.453020869565215,38.500673673469386,38.68834280612245
2026-09-01 18:23:00,38.38589,38.4577825,38.455054347826085,38.51134673469388,38.6884231122449
2026-09-01 18:24:00,37.99763,38.49441208333333,38.43360695652174,38.512962040816326,38.682419744897956
2026-09-01 18:25:00,38.12812,38.46623576923077,38.389862173913045,38.521260816326524,38.669817091836734
2026-09-01 18:26:00,,38.40705541666667,38.389862173913045,38.521260816326524,38.65867097938145
2026-09-01 18:27:00,38.47298,38.388007083333335,38.35844565217391,38.52292897959183,38.65677617346939
2026-09-01 18:28:00,38.95534,38.46399041666667,38.38331625,38.53111540816327,38.65929163265306
2026-09-01 18:29:00,38.70058,38.476425416666665,38.409515000000006,38.5345047,38.66487275510204
2026-09-01 18:30:00,38.03298,38.437549583333336,38.41841125,38.5213785,38.65096918367347
2026-09-01 18:31:00,38.68594,38.42136791666667,38.4291124,38.5187411,38.64370979591837
2026-09-01 18:32:00,38.59715,38.43488961538462,38.4364044,38.5272327,38.63317000000001
2026-09-01 18:33:00,38.1968,38.433883461538464,38.42718884615385,38.5211513,38.62285163265306
2026-09-01 18:34:00,38.18237,38.42945730769231,38.41488692307693,38.5211481,38.60776285714286
2026-09-01 18:35:00,38.49011,38.396445,38.400475,38.522694900000005,38.600144081632656
2026-09-01 18:36:00,38.7847,38.4241775,38.425304999999994,38.5159741,38.598304081632655
2026-09-01 18:37:00,39.08097,38.47796857142857,38.45142653846154,38.5244177,38.59687153061225
2026-09-01 18:38:00,38.28152,38.47051357142857,38.4646376923077,38.5186949,38.594086530612245
2026-09-01 18:39:00,38.83717,38.530480714285716,38.513833653846156,38.5065515,38.59287642857143
2026-09-01 18:40:00,39.37614,38.619625,38.54577092592593,38.5052763,38.6013343877551
2026-09-01 18:41:00,39.20055,38.65835333333334,38.54666537037037,38.5037435,38.60738707070707
2026-09-01 18:42:00,37.907705,38.620668333333334,38.51726333333334,38.49205647058824,38.59895580808081
2026-09-01 18:43:00,37.99944,38.556941666666674,38.51563,38.49047568627451,38.59296065
2026-09-01 18:44:00,37.91969,38.50488233333333,38.492234814814815,38.470344901960786,38.5862946039604
2026-09-01 18:45:00,38.43452,38.53165166666667,38.489828518518514,38.46860509803921,38.5793851980198
2026-09-01 18:46:00,38.48623,38.51833766666667,38.47524,38.46967362745098,38.576525000000004
2026-09-01 18:47:00,38.99611,38.544935,38.49384250000001,38.49292598039216,38.57704267326733
2026-09-01 18:48:00,,38.56980178571429,38.504359629629626,38.4889489,38.5731681
2026-09-01 18:49:00,38.643705,38.60275428571429,38.519315000000006,38.482495400000005,38.573866485148514
2026-09-01 18:50:00,38.44865,38.59979285714286,38.50188462962962,38.48183176470588,38.56760826732673
2026-09-01 18:51:00,37.60879,38.51579928571429,38.46998839285714,38.46268823529412,38.54960846534654
2026-09-01 18:52:00,37.69636,38.416898571428575,38.447433571428576,38.44995333333333,38.53483876237623
2026-09-01 18:53:00,38.02972,38.39891285714286,38.434713214285715,38.443886666666664,38.52988661764706
2026-09-01 18:54:00,38.60624,38.382417857142855,38.45644928571428,38.446147843137254,38.5327256372549
2026-09-01 18:55:00,38.99812,38.355416428571424,38.48752071428572,38.44347862745098,38.53299406862745
2026-09-01 18:56:00,38.10244,38.27698,38.47424206896552,38.43692019230769,38.531867696078436
2026-09-01 18:57:00,38.25108,38.30150678571429,38.46659034482759,38.418757115384615,38.52983553921569
2026-09-01 18:58:00,38.983365,38.371787142857144,38.46755672413793,38.42941009433962,38.52988284313725
2026-09-01 18:59:00,,38.406563846153844,38.459234464285714,38.43628701923077,38.528461584158414
2026-09-01 19:00:00,39.23219,38.46792307692307,38.502063392857146,38.46345471153846,38.53536088235294
2026-09-01 19:01:00,39.25588,38.52712692307692,38.52241839285714,38.47840613207547,38.54363715686275
2026-09-01 19:02:00,39.05063,38.53132076923077,38.53861410714286,38.490401981132074,38.54281401960784
2026-09-01 19:03:00,,38.53132076923077,38.55127388888889,38.490401981132074,38.53780118811881
2026-09-01 19:04:00,38.53586,38.523025000000004,38.56436611111111,38.49103669811321,38.53059039603961
2026-09-01 19:05:00,38.36444,38.516547307692306,38.559711666666665,38.48159556603773,38.5230793069307
2026-09-01 19:06:00,38.08238,38.55297730769231,38.53369981481482,38.480525,38.51105034653465
2026-09-01 19:07:00,38.41894,38.60856038461539,38.50918018518519,38.48084820754717,38.50719925742574
2026-09-01 19:08:00,38.24588,38.625188076923074,38.50786018518519,38.48665669811321,38.49983193069307
2026-09-01 19:09:00,,38.62676708333333,38.495194423076924,38.50451403846154,38.49983193069307
2026-09-01 19:10:00,38.6651,38.59901541666667,38.46784673076923,38.50754396226415,38.50500896039604
2026-09-01 19:11:00,38.262415000000004,38.61234666666667,38.431764615384616,38.49029896226415,38.50395920792079
2026-09-01 19:12:00,,38.64518909090909,38.452727,38.48623625,38.5088976
2026-09-01 19:13:00,39.117395,38.65737363636364,38.497445199999994,38.50688730769231,38.518585349999995
2026-09-01 19:14:00,38.63877,38.65582333333334,38.5262084,38.508568269230764,38.5197752970297
2026-09-01 19:15:00,38.92591,38.6303,38.545864,38.51676865384615,38.515914801980195
2026-09-01 19:16:00,38.01085,38.5265475,38.5268488,38.500051923076924,38.51341965346535
2026-09-01 19:17:00,37.75761,38.418795833333334,38.4773088,38.48604358490566,38.50600975490196
2026-09-01 19:18:00,37.91647,38.380155384615385,38.455738076923076,38.480507547169815,38.50158289215686
2026-09-01 19:19:00,38.52232,38.37911384615384,38.45106942307692,38.48583603773585,38.49739210784314
2026-09-01 19:20:00,38.82685,38.41468384615385,38.46561557692308,38.484092264150945,38.49727446078431
2026-09-01 19:21:00,,38.44237583333334,38.4998886,38.484092264150945,38.49368321782178
2026-09-01 19:22:00,38.617155,38.45889375,38.53672040000001,38.48955,38.4948937254902
2026-09-01 19:23:00,38.26524,38.46050708333333,38.5461412,38.487273584905665,38.4988381372549
2026-09-01 19:24:00,38.34732,38.45180038461539,38.5357844,38.49387150943396,38.503042450980395
2026-09-01 19:25:00,38.64494,38.450249615384614,38.5216572,38.50362283018868,38.512095980392154
2026-09-01 19:26:00,38.133545,38.44033653846154,38.5229014,38.49676953703703,38.508420728155336
2026-09-01 19:27:00,,38.44033653846154,38.53422729166667,38.497218396226415,38.50956955882353
2026-09-01 19:28:00,38.32051,38.3790376923077,38.50660833333333,38.48524047169811,38.50727843137255
2026-09-01 19:29:00,37.89073,38.321496153846155,38.4819732,38.46996028301887,38.50129252427185
2026-09-01 19:30:00,38.51228,38.289678461538465,38.4531768,38.47900367924528,38.499573980582525
2026-09-01 19:31:00,38.44649,38.32318923076923,38.4208012,38.47448575471698,38.49596893203883
2026-09-01 19:32:00,,38.37032083333333,38.39455833333333,38.47212682692308,38.49913950980392
2026-09-01 19:33:00,39.356235,38.490301249999995,38.4330254,38.494423653846155,38.507525441176476
2026-09-01 19:34:00,38.5262,38.490624583333336,38.432639,38.50103576923077,38.51089475490196
2026-09-01 19:35:00,38.1721,38.43606208333333,38.4249454,38.494920192307696,38.50853524509804
2026-09-01 19:36:00,38.971325,38.47723615384616,38.460503200000005,38.49850913461539,38.50707039215686
2026-09-01 19:37:00,39.26218,38.526853461538465,38.4942328,38.50199394230769,38.51298598039216
2026-09-01 19:38:00,38.401055,38.53730076923077,38.5004398,38.50429269230769,38.51135259803922
2026-09-01 19:39:00,39.2125,38.60385307692307,38.52782673076923,38.51151057692308,38.509079656862745
2026-09-01 19:40:00,39.684,38.68378076923077,38.56701519230769,38.517430961538466,38.511472794117644
2026-09-01 19:41:00,38.94728,38.74637576923077,38.59335615384615,38.512560384615384,38.50823838235294
2026-09-01 19:42:00,38.59359,38.7354625,38.59336481481481,38.525750480769226,38.50906703883496
2026-09-01 19:43:00,39.11257,38.79203821428571,38.59318611111111,38.54715682692308,38.519091407766986
2026-09-01 19:44:00,38.51847,38.83687678571429,38.58873055555556,38.558671826923074,38.51493713592233
2026-09-01 19:45:00,38.58366,38.84197535714286,38.576054629629624,38.56153990384616,38.5155236407767
2026-09-01 19:46:00,37.88826,38.802101785714285,38.57151425925926,38.550040480769226,38.51024718446602
2026-09-01 19:47:00,37.81909,38.736567666666666,38.57379129629629,38.52740548076923,38.51033310679611
2026-09-01 19:48:00,38.63245,38.688315333333335,38.600309074074076,38.52938745283019,38.50975708737864
2026-09-01 19:49:00,38.57022,38.69125,38.60208314814815,38.52800094339622,38.505910873786405
2026-09-01 19:50:00,,38.72833214285714,38.59343826923077,38.52952692307692,38.505910873786405
2026-09-01 19:51:00,38.20494,38.673590357142864,38.57904944444444,38.540991346153845,38.50221990291262
2026-09-01 19:52:00,39.05665,38.65890964285715,38.59532703703704,38.567150769230764,38.50912097087379
2026-09-01 19:53:00,38.72997,38.682403571428566,38.61253925925926,38.58061711538461,38.51291563106796
2026-09-01 19:54:00,38.946979999999996,38.66343785714286,38.63474888888889,38.58716980769231,38.51734339805825
2026-09-01 19:55:00,39.11711,38.62294571428571,38.65223666666667,38.58945807692307,38.51717699029127
2026-09-01 19:56:00,39.09319,38.63336785714286,38.68777907407407,38.608510961538464,38.52271557692308
2026-09-01 19:57:00,38.03558,38.593509999999995,38.664486249999996,38.60436673076923,38.511561923076925
2026-09-01 19:58:00,37.9729,38.512105000000005,38.65207160714285,38.58493471153846,38.50643180952381
2026-09-01 19:59:00,38.37342,38.50174428571428,38.66931053571428,38.58094386792453,38.509304285714286
2026-09-01 20:00:00,,38.495443076923074,38.675126481481485,38.568419903846156,38.515937307692305
2026-09-01 20:01:00,39.216165000000004,38.597589615384614,38.70363296296296,38.56765615384616,38.52260614285714
2026-09-01 20:02:00,,38.66246458333333,38.70363296296296,38.55818607843137,38.523642259615386
2026-09-01 20:03:00,38.93867,38.68798291666666,38.6881675925926,38.56550307692308,38.527594904761905
2026-09-01 20:04:00,,38.698688636363634,38.69439711538462,38.56608431372549,38.52783889423077
2026-09-01 20:05:00,38.30301,38.665715416666664,38.69943211538461,38.56487980392157,38.522436875
2026-09-01 20:06:00,38.72437,38.70900125,38.68993384615384,38.577467843137256,38.52806427884615
2026-09-01 20:07:00,38.29941,38.64589791666667,38.65290423076923,38.57512411764706,38.527079663461535
2026-09-01 20:08:00,38.24405,38.60540458333333,38.646865576923076,38.57508823529412,38.53002216346154
2026-09-01 20:09:00,38.79301,38.59257375,38.630731346153844,38.57927903846154,38.54189653846154
2026-09-01 20:10:00,38.46874,38.53854291666667,38.58399057692308,38.57550288461538,38.54119980952381
2026-09-01 20:11:00,38.8853,38.52121875,38.58160673076923,38.58748144230769,38.53842742857143
2026-09-01 20:12:00,39.84368,38.67189375,38.62968711538461,38.61118330188679,38.549304761904764
2026-09-01 20:13:00,39.5043,38.79951041666667,38.64475365384615,38.61848339622642,38.563216761904755
2026-09-01 20:14:00,38.80795,38.83572125,38.6558875,38.62167547169811,38.56566047619047
2026-09-01 20:15:00,38.71802,38.826667307692304,38.66105519230769,38.61775301886792,38.56774171428572
2026-09-01 20:16:00,38.71299,38.787961538461545,38.69277557692308,38.631000943396224,38.56615
2026-09-01 20:17:00,,38.787961538461545,38.727723,38.647796923076925,38.56615
2026-09-01 20:18:00,39.04913,38.796458461538464,38.744390200000005,38.66957884615385,38.57414285714285
2026-09-01 20:19:00,39.05615,38.81500785714286,38.7638274,38.679844807692305,38.58191657142857
2026-09-01 20:20:00,39.58366,38.906482857142855,38.795359423076924,38.694398846153845,38.588244095238096
2026-09-01 20:21:00,,38.92049153846154,38.8189762,38.694398846153845,38.588244095238096
2026-09-01 20:22:00,38.40154,38.92834769230769,38.7927718,38.69025240384615,38.58894547619048
2026-09-01 20:23:00,,38.9853725,38.79538854166667,38.69858598039215,38.59089793269231
2026-09-01 20:24:00,38.72622,38.97980666666667,38.78619020833333,38.706015392156864,38.59790360576923
2026-09-01 20:25:00,38.34436,38.96944166666667,38.75399229166667,38.70012166666667,38.59998283653846
2026-09-01 20:26:00,38.7968,38.962066666666665,38.74164270833334,38.71312666666667,38.60185728571428
2026-09-01 20:27:00,38.58853,38.85747083333333,38.76468229166667,38.710730576923076,38.60295776190476
2026-09-01 20:28:00,,38.79866818181818,38.79910760869565,38.71838196078431,38.59956947115384
2026-09-01 20:29:00,39.04973,38.82064818181818,38.82851239130435,38.741107450980394,38.60292668269231
2026-09-01 20:30:00,39.07016,38.85266090909091,38.838581041666664,38.7520462745098,38.61289956730769
2026-09-01 20:31:00,38.81538,38.86196909090909,38.82188166666666,38.75927941176471,38.61414418269231
2026-09-01 20:32:00,38.30772,38.81578166666667,38.8013152,38.750595576923075,38.611361201923074
2026-09-01 20:33:00,,38.794568181818185,38.79559208333333,38.73872029411765,38.61538606796117
2026-09-01 20:34:00,38.89683,38.78008454545454,38.7996416,38.74598754901961,38.62232257281554
2026-09-01 20:35:00,,38.699726999999996,38.820334583333334,38.7574653,38.62361877450981
2026-09-01 20:36:00,38.64842,38.69506272727272,38.81717,38.7510072,38.62228269607843
2026-09-01 20:37:00,39.41477,38.78717454545455,38.863643333333336,38.754059000000005,38.62555524509804
2026-09-01 20:38:00,39.23218,38.82425833333333,38.90481541666667,38.7706815,38.63487544117647
2026-09-01 20:39:00,38.40938,38.797855,38.88883083333333,38.7546191,38.63068142156863
2026-09-01 20:40:00,38.63392,38.821985000000005,38.89571333333333,38.7336175,38.62340475490196
2026-09-01 20:41:00,38.49094,38.79649666666666,38.879281666666664,38.724490700000004,38.61644779411765
2026-09-01 20:42:00,39.25706,38.8522075,38.85483916666667,38.7377601,38.629676764705884
2026-09-01 20:43:00,,38.8522075,38.82660173913043,38.730110918367345,38.635916732673266
2026-09-01 20:44:00,39.05198,38.852395,38.83721173913043,38.74099887755102,38.64712752475248
2026-09-01 20:45:00,38.90475,38.838610833333334,38.84533043478261,38.74755173469388,38.651783267326735
2026-09-01 20:46:00,38.58752,38.8196225,38.8398752173913,38.76182234693878,38.65278613861386
2026-09-01 20:47:00,38.78739,38.859595,38.83768833333333,38.78158357142857,38.6507196039604
2026-09-01 20:48:00,38.34279,38.819840769230765,38.8082575,38.77567214285714,38.64770068627451
2026-09-01 20:49:00,39.50905,38.866934615384615,38.827128333333334,38.794831938775516,38.65618446078432
2026-09-01 20:50:00,39.41767,38.90627285714286,38.82021208333333,38.8072887,38.665684656862744
2026-09-01 20:51:00,,38.926107692307696,38.82021208333333,38.81958153061225,38.67614896039604
2026-09-01 20:52:00,38.80088,38.87888538461538,38.83685125,38.81436173469388,38.6870848019802
2026-09-01 20:53:00,39.25763,38.88084307692308,38.853682400000004,38.825130306122446,38.69924232673268
2026-09-01 20:54:00,39.16521,38.938983846153846,38.871242,38.82958397959184,38.70477668316832
2026-09-01 20:55:00,38.7969,38.95152076923077,38.8893436,38.823049081632654,38.70278440594059
2026-09-01 20:56:00,39.12656,39.00041461538462,38.902534,38.82373010204082,38.712924207920786
2026-09-01 20:57:00,38.87899,38.97133230769231,38.9141524,38.84094255102041,38.71914113861386
2026-09-01 20:58:00,39.65889,39.02044357142857,38.94279615384615,38.875350510204086,38.7258295049505
2026-09-01 20:59:00,39.53277,39.05478571428572,38.96137461538462,38.89901071428571,38.73374068627451
2026-09-01 21:00:00,39.198915,39.0757975,38.96632673076923,38.9050088,38.73341446078431
2026-09-01 21:01:00,,39.113357307692304,38.9723646,38.898658673469384,38.72824153465346
2026-09-01 21:02:00,,39.14052125,39.000058125,38.898658673469384,38.72501765
2026-09-01 21:03:00,38.533485,39.1564125,38.9813952,38.89038959183673,38.72312128712871
2026-09-01 21:04:00,39.27433,39.1368525,38.9964952,38.8980684,38.73043287128713
2026-09-01 21:05:00,39.45296,39.13979333333333,39.014051538461544,38.9210674,38.7412102970297
2026-09-01 21:06:00,39.348855,39.155874999999995,39.040991346153845,38.9335571,38.75374965346534
2026-09-01 21:07:00,39.83102,39.23511653846154,39.05700096153846,38.9641893,38.767730643564356
2026-09-01 21:08:00,,39.23324041666667,39.049993799999996,38.97888602040817,38.77294915
2026-09-01 21:09:00,39.285250000000005,39.24324375,39.0850286,38.98893173469388,38.778021435643566
2026-09-01 21:10:00,39.33646,39.28820708333333,39.1131302,39.00664030612245,38.78466856435644
2026-09-01 21:11:00,39.2566,39.29904375,39.1437566,39.01421785714285,38.79451198019802
2026-09-01 21:12:00,39.732115,39.3701375,39.1627588,39.011941020408166,38.80370416666667
2026-09-01 21:13:00,39.34694,39.344141666666665,39.16984269230769,39.00872959183673,38.80595460784314
2026-09-01 21:14:00,39.29633,39.32443833333333,39.179240769230766,39.018696530612246,38.8124012745098
2026-09-01 21:15:00,39.41918,39.34279375,39.19902653846154,39.03300591836735,38.81723725490196
2026-09-01 21:16:00,39.02142,39.31807269230769,39.215714999999996,39.03930040816327,38.82714480392157
2026-09-01 21:17:00,39.27475,39.31497821428571,39.234459615384615,39.0440094,38.8420187254902
2026-09-01 21:18:00,39.69001,39.39758714285714,39.28627576923077,39.056827,38.85940637254902
2026-09-01 21:19:00,39.0683,39.382870714285716,39.269323846153846,39.05707,38.86475911764706
2026-09-01 21:20:00,38.87368,39.341493571428565,39.24840115384615,39.0428704,38.86521823529412
2026-09-01 21:21:00,38.65474,39.291913928571425,39.226413703703706,39.03526,38.863174757281556
2026-09-01 21:22:00,,39.250444230769226,39.242780384615386,39.0479344,38.86558671568627
2026-09-01 21:23:00,39.15555,39.24366607142857,39.23885423076923,39.05004450980392,38.87431524509804
2026-09-01 21:24:00,38.59266,39.19419535714286,39.21683307692307,39.04742568627451,38.87672053921568
2026-09-01 21:25:00,38.392125,39.12674285714286,39.20126480769231,39.04836225490196,38.87424196078432
2026-09-01 21:26:00,38.96075,39.10561071428571,39.1948875,39.05157696078432,38.88235181372549
2026-09-01 21:27:00,38.46414,39.01504107142857,39.178931730769236,39.049137941176475,38.87829150485437
2026-09-01 21:28:00,38.77761,38.97437464285714,39.145036346153844,39.04391625,38.88272936893204
2026-09-01 21:29:00,39.01173,38.95404607142857,39.12499634615385,39.04318548076923,38.89361286407767
2026-09-01 21:30:00,38.54346,38.89149464285714,39.099786538461544,39.033056634615384,38.89391558252427
2026-09-01 21:31:00,38.78656,38.87471892857143,39.088185555555555,39.03250240384615,38.89721723300971
2026-09-01 21:32:00,,38.84394730769231,39.088185555555555,39.04671382352941,38.89721723300971
2026-09-01 21:33:00,39.094944999999996,38.79817307692308,39.10898037037037,39.047641346153846,38.8946804368932
2026-09-01 21:34:00,,38.7756625,39.10262076923077,39.05059843137255,38.89829299019608
2026-09-01 21:35:00,39.82746,38.85514416666667,39.11702461538461,39.065538076923076,38.914522009803925
2026-09-01 21:36:00,,38.87336272727273,39.1077514,39.073716862745094,38.9139596039604
2026-09-01 21:37:00,38.40759,38.83454833333334,39.0508142,39.053968235294114,38.90549831683168
2026-09-01 21:38:00,38.32901,38.76567,39.0230525,39.03625901960784,38.904785
2026-09-01 21:39:00,38.981,38.79803166666667,39.01135057692308,39.04746725490196,38.90249292079208
2026-09-01 21:40:00,39.58129,38.89712875,39.020767115384615,39.0660431372549,38.901475990099016
2026-09-01 21:41:00,,38.891344999999994,39.011333799999996,39.0775452,38.90101795
2026-09-01 21:42:00,39.1437,38.95312318181818,38.9877972,39.075278000000004,38.90651905
2026-09-01 21:43:00,38.77042,38.95246954545455,38.9647364,39.06930039215687,38.903097550000005
2026-09-01 21:44:00,39.06559,38.95736590909091,38.9555068,39.06956725490196,38.90856875
2026-09-01 21:45:00,38.52227,38.95543954545454,38.9196304,39.062067647058825,38.90795485
2026-09-01 21:46:00,38.836265,38.95995818181818,38.9122242,39.066945,38.9174349
2026-09-01 21:47:00,38.90211,38.9551375,38.8973186,39.069194411764705,38.928265100000004
2026-09-01 21:48:00,,38.94242772727273,38.864289791666664,39.0837225,38.931253131313134
2026-09-01 21:49:00,39.38792,38.97955208333334,38.87760729166667,39.0812999,38.93951272727273
2026-09-01 21:50:00,39.76007,38.97393625,38.914540208333335,39.088147899999996,38.9477183
2026-09-01 21:51:00,39.536845,39.01723692307692,38.951294583333336,39.09694588235294,38.96103735
2026-09-01 21:52:00,38.6329,39.03456846153846,38.9385588,39.093652156862746,38.95679985
2026-09-01 21:53:00,38.52623,39.049739230769234,38.913386,39.07931098039216,38.954762450000004
2026-09-01 21:54:00,39.65601,39.101663076923074,38.95592,39.08893450980392,38.96185275
2026-09-01 21:55:00,40.02068,39.1354623076923,39.0210622,39.11293019607843,38.97088845
2026-09-01 21:56:00,39.86548,39.18760642857143,39.0572514,39.12741882352941,38.978611349999994
2026-09-01 21:57:00,39.51093,39.213837142857145,39.099123,39.13980980392157,38.993364850000006
2026-09-01 21:58:00,39.27673,39.25000214285715,39.1190878,39.132316470588236,39.00640315
2026-09-01 21:59:00,38.37445,39.200635,39.0935966,39.10960431372549,39.00641345
2026-09-01 22:00:00,,39.25281692307692,39.11651895833334,39.1078181,39.00641345
2026-09-01 22:01:00,38.96323,39.26258346153846,39.12388020833333,39.10498303921568,39.0038841
2026-09-01 22:02:00,,39.292622916666666,39.12388020833333,39.10498303921568,39.0038841
2026-09-01 22:03:00,,39.292622916666666,39.12513826086957,39.116412999999994,39.00454282828283
2026-09-01 22:04:00,39.49183,39.301282083333334,39.14041708333334,39.120763000000004,39.0094157
2026-09-01 22:05:00,39.23318,39.25737458333334,39.11565541666667,39.1163674,39.0187174
2026-09-01 22:06:00,39.44647,39.24984333333333,39.128888,39.1183197,39.0259384
2026-09-01 22:07:00,39.17653,39.29514583333333,39.159645600000005,39.1052299,39.0347096
2026-09-01 22:08:00,39.4886,39.37534333333333,39.206029199999996,39.112746960784314,39.0471551
2026-09-01 22:09:00,39.16132,39.33411916666667,39.213242,39.11031696078431,39.0508382
2026-09-01 22:10:00,39.08334,39.2560075,39.193324000000004,39.10535382352941,39.0569842
2026-09-01 22:11:00,39.55321,39.229985,39.20716576923077,39.111169705882354,39.0636633
2026-09-01 22:12:00,38.69044,39.161610833333334,39.18973269230769,39.09074470588235,39.052130899999995
2026-09-01 22:13:00,38.96648,39.13575666666667,39.19727346153846,39.08328470588235,39.0467527
2026-09-01 22:14:00,38.92667,39.181775,39.19193038461538,39.076036470588235,39.047939899999996
2026-09-01 22:15:00,39.48195,39.20486538461539,39.228841153846155,39.077267254901955,39.055579200000004
2026-09-01 22:16:00,39.574169999999995,39.25186076923077,39.257222115384614,39.08810549019608,39.064191
2026-09-01 22:17:00,39.77008,39.28887642857143,39.29060557692308,39.09781784313726,39.071180000000005
2026-09-01 22:18:00,39.162549999999996,39.280454666666664,39.28586277777777,39.08747549019608,39.07230297029703
2026-09-01 22:19:00,,39.26535642857142,39.2819375,39.087859,39.072464499999995
2026-09-01 22:20:00,38.57934,39.21865357142857,39.236524807692305,39.0819722,39.062421300000004
2026-09-01 22:21:00,39.22396,39.202760000000005,39.22449076923077,39.0933566,39.0640206930693
2026-09-01 22:22:00,39.78553,39.24626,39.268822692307694,39.106928627450976,39.07772356435643
2026-09-01 22:23:00,,39.227618461538455,39.2985264,39.1059562,39.07772356435643
2026-09-01 22:24:00,38.87557,39.20563769230769,39.2673088,39.1116144,39.07920227722772
2026-09-01 22:25:00,38.56091,39.16545076923077,39.208918,39.1149901,39.081346336633665
2026-09-01 22:26:00,,39.1331375,39.18156125,39.118137857142855,39.0841918
2026-09-01 22:27:00,39.07619,39.16528333333333,39.16344708333333,39.13062867346939,39.0890684
2026-09-01 22:28:00,,39.18335636363636,39.158521739130435,39.137983229166665,39.0890684
2026-09-01 22:29:00,39.10663,39.19971636363636,39.19035565217391,39.1399603125,39.0896374
2026-09-01 22:30:00,39.23201,39.17699454545454,39.19209125,39.15430510416667,39.0912559
2026-09-01 22:31:00,39.50798,39.17097727272728,39.21478916666667,39.169334687500005,39.0981819
2026-09-01 22:32:00,38.45324,39.05126454545455,39.1843272,39.154720510204086,39.0996371
2026-09-01 22:33:00,,39.040136000000004,39.1843272,39.15596583333333,39.0996371
2026-09-01 22:34:00,38.58814,38.99904545454546,39.148179600000006,39.144377551020405,39.096550199999996
2026-09-01 22:35:00,38.60581,39.00145181818181,39.1230848,39.11944591836735,39.09169138613861
2026-09-01 22:36:00,38.51915,38.93737818181818,39.085992000000005,39.107440000000004,39.090411485148515
2026-09-01 22:37:00,39.02724,38.86844272727273,39.080020399999995,39.119833,39.086574554455446
2026-09-01 22:38:00,39.77252,38.943782500000005,39.091377200000004,39.1487032,39.09192445544554
2026-09-01 22:39:00,39.34354,38.98278,39.098666,39.155954,39.101173564356436
2026-09-01 22:40:00,39.28415,39.04305,39.1066984,39.1500112,39.10761148514852
2026-09-01 22:41:00,38.68335,39.01538076923077,39.071904,39.140860980392155,39.109516534653466
2026-09-01 22:42:00,,39.010313333333336,39.08779833333333,39.1408042,39.1080411
2026-09-01 22:43:00,39.03322,39.012075384615386,39.090579166666664,39.146060199999994,39.1073002970297
2026-09-01 22:44:00,39.12953,39.01383692307692,39.09903166666667,39.147338999999995,39.10806811881188
2026-09-01 22:45:00,39.66851,39.047413846153844,39.106805,39.1702638,39.1156300990099
2026-09-01 22:46:00,39.5796,39.05292307692308,39.10703125,39.1851305,39.125452673267326
2026-09-01 22:47:00,39.14248,39.105941538461536,39.08088125,39.1899379,39.128968415841584
2026-09-01 22:48:00,39.34272,39.12285428571429,39.088388333333334,39.19293362745098,39.138868712871286
2026-09-01 22:49:00,,39.16398615384615,39.088388333333334,39.1890339,39.1351669
2026-09-01 22:50:00,39.487624999999994,39.231818076923076,39.126233541666664,39.183585,39.13586645
2026-09-01 22:51:00,39.36127,39.296596538461536,39.131954791666665,39.180073500000006,39.13809816831683
2026-09-01 22:52:00,38.698115,39.271279230769224,39.08664583333333,39.1813778,39.13708069306931
2026-09-01 22:53:00,39.41625,39.243873846153846,39.09983,39.1991782,39.13865118811881
2026-09-01 22:54:00,39.12145,39.22679,39.1096652,39.188487,39.13821792079208
2026-09-01 22:55:00,39.08567,39.211522307692306,39.1306556,39.169786800000004,39.14107702970297
2026-09-01 22:56:00,38.78307,39.21919307692308,39.11728692307692,39.148138599999996,39.13767613861386
2026-09-01 22:57:00,39.24466,39.22101214285714,39.12376653846154,39.1428132,39.141296633663366
2026-09-01 22:58:00,39.12549,39.227602857142855,39.12383037037037,39.1397884,39.13601544554456
2026-09-01 22:59:00,39.71996,39.26977642857143,39.1465462962963,39.1666986,39.13786881188119
2026-09-01 23:00:00,39.67179,39.27001071428572,39.16283444444444,39.176602352941174,39.14255074257426
2026-09-01 23:01:00,39.01374,39.22959214285714,39.14452925925926,39.17759274509804,39.14128789215686
2026-09-01 23:02:00,39.03516,39.22192642857143,39.16608185185186,39.17485365384616,39.140257524271846
2026-09-01 23:03:00,38.79488,39.182795,39.15282464285714,39.167684339622646,39.14279533980583
2026-09-01 23:04:00,38.21547,39.11830666666666,39.139515,39.1436020754717,39.13251514563107
2026-09-01 23:05:00,38.71956,39.06710233333333,39.1435775,39.133911132075475,39.125394757281555
2026-09-01 23:06:00,,39.04609035714286,39.16670444444445,39.12790038461539,39.123203970588236
2026-09-01 23:07:00,39.74378,39.120780714285715,39.19324296296296,39.13880903846154,39.12234867647059
2026-09-01 23:08:00,39.06982,39.09603571428572,39.167217037037034,39.13075557692308,39.12183868932039
2026-09-01 23:09:00,39.42462,39.11769071428571,39.17022,39.13581903846154,39.1231917961165
2026-09-01 23:10:00,38.550855,39.07948964285714,39.14306092592592,39.12557894230769,39.115564563106794
2026-09-01 23:11:00,39.627525,39.139807857142856,39.17803037037037,39.127008076923076,39.119165776699035
2026-09-01 23:12:00,39.551289999999995,39.16170999999999,39.19136107142857,39.143562884615385,39.11741019417476
2026-09-01 23:13:00,39.20169,39.16715285714286,39.197377857142854,39.14808615384615,39.116
2026-09-01 23:14:00,39.36809,39.14201928571429,39.20589785714286,39.156575000000004,39.11669669902912
2026-09-01 23:15:00,38.70101,39.07267785714286,39.171344285714284,39.14155692307692,39.10972417475728
2026-09-01 23:16:00,38.77213,39.05541999999999,39.14250607142857,39.126133076923075,39.10730388349514
2026-09-01 23:17:00,39.573195,39.09385107142857,39.15788875,39.12234682692308,39.110201407766986
2026-09-01 23:18:00,39.07744,39.11403392857142,39.148414464285715,39.12071009615384,39.10425412621359
2026-09-01 23:19:00,38.51034,39.13509607142857,39.12641189655172,39.10919367924528,39.09883703883496
2026-09-01 23:20:00,38.33007,39.10727535714285,39.08649620689655,39.104490471698114,39.09355927184466
2026-09-01 23:21:00,38.31669,39.054569666666666,39.05047620689655,39.08737216981132,39.09027723300971
2026-09-01 23:22:00,39.0378,39.00750433333334,39.06218948275862,39.073264056603776,39.08977264423077
2026-09-01 23:23:00,39.02121,39.004263666666674,39.0485674137931,39.0723000925926,39.08848091346154
2026-09-01 23:24:00,,38.97423821428572,39.04596446428572,39.076011981132076,39.093294708737865
2026-09-01 23:25:00,38.68611,38.98389928571429,39.031694464285714,39.07837424528302,39.09614893203884
2026-09-01 23:26:00,39.375385,38.96588928571428,39.05284857142857,39.08387444444444,39.10017451456311
2026-09-01 23:27:00,,38.92085846153846,39.045744444444445,39.08401943396226,39.106410147058824
2026-09-01 23:28:00,39.88907,38.97373384615385,39.074025185185185,39.098927777777774,39.11730681372549
2026-09-01 23:29:00,39.47992,38.982336153846155,39.06513481481482,39.10584055555555,39.12189691176471
2026-09-01 23:30:00,,39.00578,39.041801923076925,39.10345999999999,39.12762400990099
2026-09-01 23:31:00,39.40142,39.05822083333333,39.05671269230769,39.101449433962266,39.13371173267327
2026-09-01 23:32:00,39.26748,39.03274458333333,39.065648076923075,39.11681245283019,39.13502318627451
2026-09-01 23:33:00,38.98245,39.02482875,39.07286230769231,39.11432425925926,39.133920294117644
2026-09-01 23:34:00,39.33741,39.09375125,39.11601384615385,39.12819962962963,39.13589592233009
2026-09-01 23:35:00,38.67611,39.12258791666667,39.114342692307694,39.12950148148148,39.124717766990294
2026-09-01 23:36:00,,39.195851363636365,39.114342692307694,39.14101754716982,39.124717766990294
2026-09-01 23:37:00,39.4607,39.23429681818182,39.103455000000004,39.149196037735855,39.13494213592233
2026-09-01 23:38:00,39.014084999999994,39.2336490909091,39.10131134615385,39.13488594339623,39.141593349514565
2026-09-01 23:39:00,38.84396,39.201175,39.07897826923077,39.12545990566038,39.14026286407767
2026-09-01 23:40:00,39.2111,39.244924166666664,39.10437230769231,39.12408160377358,39.13666878640777
2026-09-01 23:41:00,39.27625,39.23666291666667,39.090861730769234,39.135268396226415,39.138010913461535
2026-09-01 23:42:00,40.01446,39.29649346153846,39.10867596153847,39.15154972222222,39.14638360576923
2026-09-01 23:43:00,,39.24711208333333,39.1049554,39.15378235849056,39.15003373786408
2026-09-01 23:44:00,39.67452,39.26332875,39.117212599999995,39.164065188679245,39.155945679611655
2026-09-01 23:45:00,40.50106,39.35853884615385,39.1892146,39.17977367924528,39.175157233009706
2026-09-01 23:46:00,40.50907,39.44374269230769,39.2586922,39.197310849056606,39.191398058252425
2026-09-01 23:47:00,39.73956,39.48005653846155,39.265346799999996,39.208576509433954,39.1995286407767
2026-09-01 23:48:00,,39.52152375000001,39.27317625,39.20599682692308,39.1995286407767
2026-09-01 23:49:00,39.3921,39.526081250000004,39.30991625,39.209508207547174,39.19956922330097
2026-09-01 23:50:00,38.64767,39.52371125,39.32314958333333,39.19366,39.18876922330097
2026-09-01 23:51:00,38.65359,39.456778846153846,39.33718708333333,39.180307547169804,39.18019393203883
2026-09-01 23:52:00,38.89477,39.41324576923077,39.331227500000004,39.184018018867924,39.1827363592233
2026-09-01 23:53:00,39.36127,39.43995230769231,39.345396666666666,39.18298066037736,39.19084354368932
2026-09-01 23:54:00,39.740075000000004,39.50888423076923,39.3611838,39.19465283018868,39.191659708737866
2026-09-01 23:55:00,39.28255,39.514380384615386,39.3850414,39.19836754716981,39.18449339805825
2026-09-01 23:56:00,,39.534224583333334,39.38544375,39.20635403846154,39.17781705882353
2026-09-01 23:57:00,39.64749,39.50364375,39.3959256,39.21410076923077,39.17915588235294
2026-09-01 23:58:00,39.65522,39.51530346153846,39.3865716,39.224287884615386,39.18286656862745
2026-09-01 23:59:00,,39.502035416666665,39.382682083333336,39.21456882352941,39.19087069306931
2026-09-02 00:00:00,39.80848,39.44432041666666,39.399714,39.21724901960784,39.19692568627451
2026-09-02 00:01:00,39.30025,39.34358541666666,39.3956672,39.22286686274509,39.200229803921566
2026-09-02 00:02:00,39.487629999999996,39.322591249999995,39.404473200000005,39.23173882352941,39.20302009708738
2026-09-02 00:03:00,39.30249,39.321045,39.4172748,39.241691960784316,39.20397653846154
2026-09-02 00:04:00,38.80852,39.27615423076923,39.3961192,39.253320392156866,39.19740625
2026-09-02 00:05:00,38.841975000000005,39.291100769230766,39.4027538,39.25572068627451,39.19364466346154
2026-09-02 00:06:00,,39.344226666666664,39.4027538,39.25572068627451,39.19119004854369
2026-09-02 00:07:00,39.948015,39.431997083333336,39.4222464,39.25972529411765,39.198680194174756
2026-09-02 00:08:00,38.977605,39.400025,39.4207872,39.257917156862746,39.1937190776699
2026-09-02 00:09:00,39.43796,39.37484875,39.4445472,39.2581787254902,39.196404902912626
2026-09-02 00:10:00,,39.38323954545455,39.454274166666664,39.2723252,39.197513382352945
2026-09-02 00:11:00,39.76308,39.414892916666666,39.47455875,39.275036300000004,39.19957093137255
2026-09-02 00:12:00,40.14783,39.45658791666667,39.480115833333336,39.2869671,39.21385906862745
2026-09-02 00:13:00,39.6302,39.45450291666666,39.4861192,39.2955373,39.22036612745098
2026-09-02 00:14:00,38.9003,39.41187192307692,39.4551504,39.2861815,39.22010759803922
2026-09-02 00:15:00,,39.37882125,39.411570833333336,39.2981237755102,39.2175150990099
2026-09-02 00:16:00,38.87874,39.34369541666667,39.343640416666666,39.30029948979592,39.21062965346535
2026-09-02 00:17:00,38.74719,39.28199208333333,39.30229166666667,39.28344224489796,39.200502029702974
2026-09-02 00:18:00,38.97583,39.254770416666666,39.289233200000005,39.28136857142857,39.19865331683169
2026-09-02 00:19:00,39.75261,39.33344458333334,39.303653600000004,39.30672102040816,39.204084264705884
2026-09-02 00:20:00,39.84341,39.4168975,39.3514832,39.337605510204085,39.21647710784314
2026-09-02 00:21:00,,39.4168975,39.38056208333333,39.35887458333333,39.21640301980198
2026-09-02 00:22:00,39.12153,39.34802375,39.39001041666666,39.36061895833333,39.20982876237624
2026-09-02 00:23:00,,39.38169818181818,39.391259999999996,39.36784042553192,39.20982876237624
2026-09-02 00:24:00,39.35456,39.37411636363636,39.37449847826087,39.36756375,39.214571237623765
2026-09-02 00:25:00,39.8685,39.415315,39.39997456521739,39.392196874999996,39.22751767326733
2026-09-02 00:26:00,39.93478,39.42962333333333,39.422258125,39.4038509375,39.23445161764706
2026-09-02 00:27:00,39.7657,39.397779166666666,39.427183541666665,39.4112356122449,39.241211519607845
2026-09-02 00:28:00,40.36687,39.45916833333333,39.456835625000004,39.42098663265306,39.25214024271845
2026-09-02 00:29:00,,39.50997454545455,39.456835625000004,39.419758854166666,39.253566813725485
2026-09-02 00:30:00,,39.50997454545455,39.44154673913044,39.419758854166666,39.25378024752475
2026-09-02 00:31:00,38.54725,39.47983909090909,39.40880760869565,39.401963645833334,39.24426806930693
2026-09-02 00:32:00,38.39204,39.44755272727273,39.36117326086956,39.3837253125,39.24366212871287
2026-09-02 00:33:00,38.80374,39.43190818181818,39.339488478260876,39.380002187500004,39.23934916666666
2026-09-02 00:34:00,38.87892,39.352481818181815,39.342549347826086,39.3704503125,39.24219995098039
2026-09-02 00:35:00,39.87663,39.35550181818182,39.38753434782608,39.39546114583334,39.25465897058823
2026-09-02 00:36:00,39.75604,39.38888,39.402888749999995,39.40281989795919,39.26678534313726
2026-09-02 00:37:00,39.159975,39.392083750000005,39.370053750000004,39.39668265306122,39.26808666666667
2026-09-02 00:38:00,39.79589,39.42314576923077,39.40414895833333,39.412637857142855,39.26831578431373
2026-09-02 00:39:00,,39.428861250000004,39.40267891304348,39.4244853125,39.26757099009901
2026-09-02 00:40:00,39.88759,39.43045208333333,39.42288354166667,39.43857885416667,39.273545643564354
2026-09-02 00:41:00,39.49686,39.39395875,39.41179104166667,39.44317489583333,39.2816001980198
2026-09-02 00:42:00,39.175795,39.3448,39.371289583333336,39.42570270833333,39.280562892156865
2026-09-02 00:43:00,39.1474,39.2431775,39.35117291666666,39.42002306122449,39.28168230392156
2026-09-02 00:44:00,38.70224,39.201566923076925,39.342920416666665,39.4001806122449,39.27749318627451
2026-09-02 00:45:00,39.158514999999994,39.19849178571428,39.3355442,39.37278173469388,39.27249323529412
2026-09-02 00:46:00,39.52678,39.268458214285715,39.3614658,39.352734999999996,39.27197539215686
2026-09-02 00:47:00,39.16506,39.32367392857143,39.37818059999999,39.34101051020408,39.27219676470588
2026-09-02 00:48:00,39.2572,39.35606392857143,39.389435399999996,39.3393343,39.27135833333333
2026-09-02 00:49:00,39.82519,39.42365464285715,39.392338599999995,39.3479961,39.276735339805825
2026-09-02 00:50:00,39.74138,39.41399392857142,39.3882574,39.3698703,39.27919898058252
2026-09-02 00:51:00,39.002215,39.36014928571428,39.37340961538462,39.3768428,39.27571300970874
2026-09-02 00:52:00,39.57249,39.38961464285715,39.390754230769225,39.3903972,39.28420208737864
2026-09-02 00:53:00,39.63482,39.37810964285715,39.3997937037037,39.3958682,39.28632412621359
2026-09-02 00:54:00,38.87513,39.344577666666666,39.38203703703704,39.3785693,39.28393266990291
2026-09-02 00:55:00,39.232735000000005,39.30092066666666,39.35849018518519,39.377573,39.2853604854369
2026-09-02 00:56:00,39.73088,39.316522,39.35093833333334,39.38450058823529,39.294562524271846
2026-09-02 00:57:00,39.54232,39.340956999999996,39.342665,39.38243843137255,39.29745242718447
2026-09-02 00:58:00,39.42661,39.359571,39.30784055555555,39.37795588235294,39.30037592233009
2026-09-02 00:59:00,39.23637,39.395179666666664,39.305288035714284,39.375233076923074,39.29568087378641
2026-09-02 01:00:00,,39.412084285714286,39.305288035714284,39.36673803921568,39.29199352941176
2026-09-02 01:01:00,39.50441,39.410486428571424,39.33947232142857,39.37074117647059,39.29680401960784
2026-09-02 01:02:00,40.52158,39.507380714285716,39.41552732142857,39.391014705882355,39.311376764705884
2026-09-02 01:03:00,,39.526625384615386,39.438186111111115,39.3927852,39.3164905940594
2026-09-02 01:04:00,39.66988,39.514678461538466,39.467480925925926,39.4100124,39.33089069306931
2026-09-02 01:05:00,39.38391,39.48718076923077,39.449232037037035,39.4208511,39.337468415841585
2026-09-02 01:06:00,39.27359,39.508055769230765,39.43136351851852,39.41796362745098,39.336842156862744
2026-09-02 01:07:00,39.44167,39.4979926923077,39.44179666666667,39.408035294117646,39.33388029411765
2026-09-02 01:08:00,40.13026,39.53610346153846,39.45418074074073,39.430636372549024,39.34427676470588
2026-09-02 01:09:00,39.644819999999996,39.59531038461539,39.460989285714284,39.43469245098039,39.346435588235295
2026-09-02 01:10:00,39.15692,39.589478461538455,39.434893928571434,39.429350673076925,39.35237740196079
2026-09-02 01:11:00,39.41114,39.564883076923074,39.4318325,39.422582596153845,39.350255980392156
2026-09-02 01:12:00,39.213425,39.53958346153846,39.43317642857143,39.40461326923077,39.34694357843137
2026-09-02 01:13:00,38.88201,39.49769115384615,39.423698214285714,39.390224999999994,39.343809460784314
2026-09-02 01:14:00,,39.51946791666666,39.4504188888889,39.399831372549016,39.343569059405944
2026-09-02 01:15:00,40.420885,39.58880769230769,39.49717333333333,39.419467019230765,39.36059752475247
2026-09-02 01:16:00,40.24084,39.645456153846155,39.52362,39.44566125000001,39.37513920792079
2026-09-02 01:17:00,39.33656,39.55430076923077,39.529971851851855,39.456995288461535,39.372796287128715
2026-09-02 01:18:00,39.5053,39.55080071428572,39.53916074074074,39.46717740384615,39.37703252475247
2026-09-02 01:19:00,40.25372,39.592503571428566,39.55503222222222,39.47681413461539,39.39429371287129
2026-09-02 01:20:00,,39.60854923076923,39.547865,39.46962598039216,39.40493595
2026-09-02 01:21:00,39.50281,39.62618153846154,39.56711865384615,39.470264134615384,39.41679715
2026-09-02 01:22:00,39.71594,39.64727923076923,39.57263596153847,39.48169509615384,39.42357855
2026-09-02 01:23:00,40.30352,39.66060692307693,39.59835519230769,39.497201226415086,39.43640165
2026-09-02 01:24:00,39.18103,39.62493076923077,39.61012057692308,39.4939270754717,39.433873217821784
2026-09-02 01:25:00,39.24284,39.63154,39.61050923076924,39.48212216981132,39.439385396039604
2026-09-02 01:26:00,38.9041,39.59253692307693,39.57871,39.462675377358494,39.434719207920786
2026-09-02 01:27:00,38.91964,39.56993807692307,39.554760769230775,39.44671198113208,39.429669411764706
2026-09-02 01:28:00,39.68858,39.63198192307693,39.564836538461535,39.433914056603776,39.42770382352941
2026-09-02 01:29:00,39.715455,39.63794428571428,39.58326288461539,39.43912777777778,39.430012990196076
2026-09-02 01:30:00,39.91203,39.601597500000004,39.595439444444445,39.447725999999996,39.43469276699029
2026-09-02 01:31:00,40.25949,39.60292964285714,39.623405370370364,39.47885763636364,39.443023543689314
2026-09-02 01:32:00,40.23276,39.66694392857143,39.61270833333333,39.512325272727274,39.452395194174755
2026-09-02 01:33:00,39.46986,39.66441249999999,39.60760660714285,39.52443654545455,39.45712733009709
2026-09-02 01:34:00,39.73783,39.627563214285715,39.61003339285714,39.5400530909091,39.46101490291262
2026-09-02 01:35:00,40.05934,39.656348333333334,39.634155892857144,39.54337509090909,39.47444432038835
2026-09-02 01:36:00,39.69817,39.66937233333333,39.64931946428571,39.54232290909091,39.47659552884615
2026-09-02 01:37:00,38.65117,39.59838766666667,39.62108732142857,39.533071909090914,39.468811586538465
2026-09-02 01:38:00,,39.54802107142857,39.602229074074074,39.528204907407414,39.47322640776699
2026-09-02 01:39:00,38.99563,39.534778214285716,39.578185,39.518521727272734,39.474698932038834
2026-09-02 01:40:00,39.21731,39.53295464285714,39.58042166666667,39.50633481818182,39.47475922330097
2026-09-02 01:41:00,38.77136,39.523473214285715,39.55672611111112,39.49314390909092,39.469857378640775
2026-09-02 01:42:00,39.53456,39.56739607142857,39.568619999999996,39.499666909090905,39.465198155339806
2026-09-02 01:43:00,39.79618,39.57508178571428,39.60247814814815,39.51146290909091,39.46838067307692
2026-09-02 01:44:00,38.9962,39.52370642857142,39.580825357142864,39.516807636363644,39.461858365384614
2026-09-02 01:45:00,38.79652,39.44402714285714,39.52281232142857,39.51022590909091,39.44546855769231
2026-09-02 01:46:00,39.61417,39.397932857142855,39.50043125,39.51181481818181,39.43686375
2026-09-02 01:47:00,39.05193,39.313587857142856,39.490265892857146,39.50975790909091,39.430251923076916
2026-09-02 01:48:00,,39.30156692307692,39.48970907407407,39.514434907407406,39.430251923076916
2026-09-02 01:49:00,38.849785,39.23325576923077,39.43771148148148,39.49637185185185,39.42503735576923
2026-09-02 01:50:00,39.253,39.17122961538461,39.431114642857146,39.48732777777778,39.430857836538465
2026-09-02 01:51:00,39.21765,39.13426653846154,39.420930357142865,39.491317314814815,39.436281490384616
2026-09-02 01:52:00,39.833169999999996,39.225189615384615,39.42511714285714,39.496144722222226,39.445304567307694
2026-09-02 01:53:00,39.51146,39.2456375,39.39682928571428,39.49386027777778,39.44674870192308
2026-09-02 01:54:00,39.80974,39.30378821428571,39.41928321428571,39.51116787037037,39.44741855769231
2026-09-02 01:55:00,,39.31044038461538,39.42581814814815,39.51642132075472,39.44901922330097
2026-09-02 01:56:00,39.40355,39.359070384615386,39.4443162962963,39.51024528301887,39.44858201923077
2026-09-02 01:57:00,39.265010000000004,39.33833576923077,39.45710777777777,39.50501301886792,39.44490432692308
2026-09-02 01:58:00,,39.30018208333333,39.448204999999994,39.50652076923076,39.442862427184465
2026-09-02 01:59:00,39.12525,39.310936250000005,39.425504807692306,39.50438384615385,39.439808461538455
2026-09-02 02:00:00,39.69873,39.386120416666664,39.41730096153846,39.50805075471698,39.438753173076925
2026-09-02 02:01:00,39.46334,39.37355125,39.3866798076923,39.507275849056604,39.440321346153844
2026-09-02 02:02:00,38.96882,39.366625416666665,39.33806673076923,39.47797849056604,39.435332788461544
2026-09-02 02:03:00,38.25647,39.281228846153844,39.291397884615385,39.45535796296296,39.42527490384615
2026-09-02 02:04:00,38.36531,39.243961538461534,39.23860865384616,39.43119925925926,39.42101326923077
2026-09-02 02:05:00,39.39533,39.25491,39.21306980769231,39.431410740740745,39.42633399038462
2026-09-02 02:06:00,39.79927,39.29965,39.216958269230766,39.44114555555556,39.42988576190476
2026-09-02 02:07:00,38.92381,39.229699230769235,39.227444423076925,39.431555555555555,39.42013142857143
2026-09-02 02:08:00,38.61654,39.16085923076923,39.204818333333336,39.403523703703705,39.416692714285716
2026-09-02 02:09:00,39.356905,39.126025769230765,39.21819888888889,39.39819194444444,39.41592076190476
2026-09-02 02:10:00,39.55777,39.156864642857144,39.230808518518515,39.40561509259259,39.41725896226415
2026-09-02 02:11:00,39.82199,39.186753214285716,39.269720740740745,39.41322342592593,39.417814716981134
2026-09-02 02:12:00,39.98555,39.23822035714286,39.28642407407407,39.427522037037036,39.41628377358491
2026-09-02 02:13:00,39.75034,39.27236166666667,39.28472629629629,39.44360222222222,39.41741716981132
2026-09-02 02:14:00,40.05577,39.33439633333333,39.32396962962963,39.45473254545455,39.42831783018868
2026-09-02 02:15:00,39.82902,39.343082333333335,39.36221037037038,39.44397136363636,39.432062710280384
2026-09-02 02:16:00,39.8107,39.366239666666665,39.36948925925926,39.436150636363635,39.440772616822436
2026-09-02 02:17:00,39.789405,39.42094533333333,39.396803148148145,39.44438418181818,39.45051294392523
2026-09-02 02:18:00,,39.50412214285715,39.396803148148145,39.44325611111111,39.45499108490566
2026-09-02 02:19:00,40.034324999999995,39.6233375,39.440675000000006,39.439193240740735,39.457648773584914
2026-09-02 02:20:00,39.59125,39.63733178571429,39.453202777777776,39.4419579090909,39.45526990566037
2026-09-02 02:21:00,,39.624875,39.462262499999994,39.440831018518516,39.45526990566037
2026-09-02 02:22:00,39.70222,39.6847526923077,39.45722596153847,39.440576944444445,39.46074811320754
2026-09-02 02:23:00,39.67438,39.766124999999995,39.46349211538461,39.4289262037037,39.462744672897195
2026-09-02 02:24:00,40.0187,39.817032307692315,39.47152903846154,39.44443861111111,39.468951588785046
2026-09-02 02:25:00,39.22625,39.79153076923077,39.46244462962963,39.44413138888889,39.46294925233645
2026-09-02 02:26:00,39.238945,39.746681153846154,39.45634814814815,39.45033222222223,39.456446121495325
2026-09-02 02:27:00,,39.72677541666667,39.4637073076923,39.460345283018874,39.45352863207547
2026-09-02 02:28:00,39.15571,39.677222916666665,39.4523,39.45029113207548,39.44210259433962
2026-09-02 02:29:00,38.70589,39.564732916666664,39.43676814814814,39.431242735849054,39.435222102803735
2026-09-02 02:30:00,39.03079,39.49821375,39.41202962962963,39.41461556603774,39.43147736111111
2026-09-02 02:31:00,39.50632,39.47284875,39.41362148148148,39.40040481132076,39.44035763888889
2026-09-02 02:32:00,39.170885,39.42130541666666,39.42110537037037,39.380369433962265,39.44756916666666
2026-09-02 02:33:00,39.02024,39.39045423076924,39.44939314814815,39.37188603773585,39.449573796296306
2026-09-02 02:34:00,39.0402,39.31398307692308,39.474389074074075,39.35872320754717,39.45106712962963
2026-09-02 02:35:00,39.3105,39.292386923076926,39.47124722222222,39.3445941509434,39.445825185185186
2026-09-02 02:36:00,38.724685,39.25183678571428,39.431447777777784,39.32622650943396,39.436275601851854
2026-09-02 02:37:00,,39.217191923076925,39.45097230769231,39.33920836538461,39.438857850467286
2026-09-02 02:38:00,39.06180333333333,39.17007064102564,39.468097820512824,39.333974308176096,39.43199722741433
2026-09-02 02:39:00,39.05338,39.095815256410255,39.45642378205128,39.335063930817604,39.42849151234567
2026-09-02 02:40:00,38.986684999999994,39.07738717948718,39.434458974358975,39.33071251572327,39.42014979938272
2026-09-02 02:41:00,38.90906,39.05201141025641,39.39934628205128,39.33331062893082,39.414707206790126
2026-09-02 02:42:00,39.515785,39.085138095238094,39.3812783974359,39.3329563836478,39.417855262345675
2026-09-02 02:43:00,39.50838,39.110328809523814,39.371972243589745,39.32752619496855,39.42119766975309
2026-09-02 02:44:00,39.286114999999995,39.15177345238095,39.342370128205125,39.33299628930817,39.42660391975309
2026-09-02 02:45:00,39.68772,39.19869702380952,39.33693551282051,39.349811383647804,39.431503966049384
2026-09-02 02:46:00,39.43261,39.19343202380952,39.32239358974359,39.34638572327044,39.430632021604936
2026-09-02 02:47:00,39.74367,39.23434523809524,39.32063455128205,39.359437421383646,39.43598952160493
2026-09-02 02:48:00,39.31846,39.25564666666667,39.320554012345674,39.35867858024691,39.43655674382716
2026-09-02 02:49:00,39.67791,39.30119738095238,39.307353456790125,39.37401422839507,39.435193040123465
2026-09-02 02:50:00,,39.3004817948718,39.29643435897436,39.37629751572327,39.43233147975078
2026-09-02 02:51:00,38.97272,39.31956141025641,39.284444938271605,39.37167619496855,39.43205582554518
2026-09-02 02:52:00,39.32208,39.319741309523806,39.27036567901235,39.36203298742138,39.42971554517134
2026-09-02 02:53:00,39.69712,39.36512107142857,39.27120790123457,39.36553600628931,39.43029778816199
2026-09-02 02:54:00,39.76377,39.415863214285714,39.261766049382715,39.36466864779874,39.43860283489097
2026-09-02 02:55:00,39.22897,39.43316928571428,39.26186679012345,39.362155709876546,39.43856764797507
2026-09-02 02:56:00,39.6699,39.487514999999995,39.27782808641976,39.36708811728395,39.43799774143302
2026-09-02 02:57:00,39.03015,39.452826785714294,39.26898244047619,39.36273885802469,39.43321110591901
2026-09-02 02:58:00,39.49353,39.451766071428565,39.281047440476186,39.36511687878788,39.433836526479745
2026-09-02 02:59:00,39.74252,39.48436642857143,39.318069940476185,39.376339969696964,39.43856690031153
2026-09-02 03:00:00,39.197015,39.449316071428576,39.32400654761905,39.367217878787876,39.43633030864198
2026-09-02 03:01:00,39.00391,39.41869464285714,39.306063333333334,39.35886460606061,39.43169604938271
2026-09-02 03:02:00,39.26396,39.38442964285714,39.30938744047619,39.36423078787878,39.42005141975309
2026-09-02 03:03:00,39.19827,39.37584464285714,39.315745654761905,39.38135442424243,39.41801672782874
2026-09-02 03:04:00,39.577285,39.368657142857145,39.33492726190476,39.403390333333334,39.4171672324159
2026-09-02 03:05:00,,39.368657142857145,39.33583197530864,39.40353959876543,39.41747516975309
2026-09-02 03:06:00,39.98527,39.440982142857145,39.38252030864197,39.406984043209874,39.42406479938272
2026-09-02 03:07:00,39.49583,39.45339285714285,39.38656708333333,39.41757700617284,39.4245662808642
2026-09-02 03:08:00,38.8207,39.390791428571426,39.377956250000004,39.421357746913586,39.41244072530864
2026-09-02 03:09:00,38.59332,39.30718785714286,39.361525535714286,39.407217283950615,39.40270461419753
2026-09-02 03:10:00,39.29134,39.31164285714285,39.372406071428564,39.40228339506172,39.403949243827164
2026-09-02 03:11:00,39.71763,39.31505214285715,39.40128357142857,39.400350802469134,39.406787114197535
2026-09-02 03:12:00,39.14958,39.32358285714286,39.38820482142857,39.384869876543206,39.40619595679013
2026-09-02 03:13:00,38.4715,39.25058071428571,39.35117339285714,39.361187654320986,39.402394938271605
2026-09-02 03:14:00,38.523894999999996,39.16353607142857,39.32395125,39.33281959876543,39.3943353058104
2026-09-02 03:15:00,38.67113,39.125972857142855,39.28764446428571,39.31137719135803,39.37828250764526
2026-09-02 03:16:00,39.412405,39.15515107142857,39.28692285714286,39.30400135802469,39.37068218654434
2026-09-02 03:17:00,,39.14678115384615,39.270006296296295,39.29484279874214,39.37099813271605
2026-09-02 03:18:00,38.647059999999996,39.10438038461538,39.245139629629634,39.28284682098766,39.36305146604938
2026-09-02 03:19:00,38.36089,39.01081153846154,39.19636111111111,39.25185728395062,39.34552526234568
2026-09-02 03:20:00,39.00263,39.01022714285715,39.189442142857146,39.24095691358025,39.342379434250766
2026-09-02 03:21:00,38.699505,38.91838678571428,39.17968446428571,39.231112333333336,39.33500966360856
2026-09-02 03:22:00,38.82479,38.87045535714286,39.16192410714286,39.21515906060606,39.326833975535166
2026-09-02 03:23:00,39.38042,38.91043535714285,39.150613392857146,39.209814333333334,39.31836516819572
2026-09-02 03:24:00,39.07549,38.94487607142857,39.12603196428571,39.19266506060605,39.31739691131498
2026-09-02 03:25:00,39.46431,38.957231071428566,39.13443696428572,39.19699342424242,39.31942874617737
2026-09-02 03:26:00,39.8172,38.96434321428571,39.13969767857143,39.207507151515145,39.32780581039755
2026-09-02 03:27:00,39.70915,39.004312500000005,39.16394767857143,39.216465059523806,39.33504902140673
2026-09-02 03:28:00,39.47863,39.076250357142854,39.163415535714286,39.22223148809523,39.333122874617736
2026-09-02 03:29:00,39.46586,39.14353357142857,39.15353482142857,39.235802380952386,39.33083301223241
2026-09-02 03:30:00,39.26286,39.18580000000001,39.15588642857143,39.239946488095235,39.32487732415902
2026-09-02 03:31:00,,39.168368846153854,39.16151518518519,39.23510333333333,39.31622350308641
2026-09-02 03:32:00,39.19431,39.17022178571428,39.15893555555555,39.23552924242424,39.306608225308636
2026-09-02 03:33:00,39.362809999999996,39.22134678571428,39.16502962962963,39.24175778787878,39.30561702160494
2026-09-02 03:34:00,39.24549,39.284532500000005,39.15274092592592,39.245490333333336,39.30105831790123
2026-09-02 03:35:00,39.2956,39.30545892857143,39.157843035714286,39.24521942424242,39.29398665123457
2026-09-02 03:36:00,39.49031,39.361945,39.14016589285715,39.25913987878788,39.29206202160494
2026-09-02 03:37:00,39.59724,39.41712,39.14378767857143,39.26517738095238,39.30082192901235
2026-09-02 03:38:00,39.78536,39.44604428571429,39.17823982142857,39.27809803571429,39.3052672324159
2026-09-02 03:39:00,40.03476,39.514563571428575,39.22971982142857,39.295622678571426,39.31480053516819
2026-09-02 03:40:00,39.88692,39.54475,39.25099053571429,39.311698303571426,39.32094374617737
2026-09-02 03:41:00,39.363715,39.51235821428572,39.238350714285716,39.31981714285714,39.326378195718654
2026-09-02 03:42:00,,39.49722038461539,39.24163851851852,39.31625409090909,39.32445058641975
2026-09-02 03:43:00,39.74073,39.51738192307692,39.28864703703704,39.32047863636363,39.32393716049383
2026-09-02 03:44:00,39.42506,39.51424346153846,39.32202351851852,39.323004909090905,39.327908086419754
2026-09-02 03:45:00,39.00821,39.494655,39.33450796296297,39.31065018181818,39.329868179012344
2026-09-02 03:46:00,38.84816,39.448476785714284,39.313610000000004,39.30002381818182,39.322775493827166
2026-09-02 03:47:00,38.835165,39.42282357142857,39.29652267857143,39.28350554545454,39.32076841049383
2026-09-02 03:48:00,,39.427440000000004,39.320576851851854,39.28285824074074,39.32076841049383
2026-09-02 03:49:00,39.55076,39.45092230769231,39.36464611111111,39.28050361111111,39.32725891975309
2026-09-02 03:50:00,40.41224,39.536817692307686,39.416853888888895,39.301080636363636,39.337992623456785
2026-09-02 03:51:00,40.51486,39.61562923076922,39.484089259259264,39.32911954545454,39.35000382716049
2026-09-02 03:52:00,,39.61716166666666,39.50944692307693,39.3292499074074,39.34548825545171
2026-09-02 03:53:00,39.45692,39.58979166666666,39.51238923076923,39.32480175925926,39.34497853582555
2026-09-02 03:54:00,39.02009,39.50523583333334,39.510258461538456,39.31102990740741,39.33759862928349
2026-09-02 03:55:00,39.59164,39.48062916666667,39.515155769230766,39.31774601851852,39.33995086419753
2026-09-02 03:56:00,39.15418,39.46316791666667,39.489655,39.30819564814815,39.33764188271604
2026-09-02 03:57:00,39.14672,39.438825769230775,39.468023076923075,39.310354351851856,39.33654660493827
2026-09-02 03:58:00,,39.41366708333334,39.4675988,39.30689820754717,39.33654660493827
2026-09-02 03:59:00,38.80169,39.36171958333333,39.441032,39.28914669811321,39.33355067901235
2026-09-02 04:00:00,39.22244,39.37957208333333,39.4394152,39.28962641509434,39.329140586419754
2026-09-02 04:01:00,,39.42788227272727,39.4394152,39.29512096153846,39.32788638629283
2026-09-02 04:02:00,39.279015,39.46823227272727,39.4428034,39.295410480769235,39.33078540498442
2026-09-02 04:03:00,39.06406,39.43455125,39.4308534,39.292829519230764,39.33833297507788
2026-09-02 04:04:00,38.82432,39.37401458333333,39.4140066,39.278349423076925,39.342622788162
2026-09-02 04:05:00,39.38736,39.28860791666666,39.417677,39.280406226415096,39.34254830218068
2026-09-02 04:06:00,39.27444,39.185239583333335,39.4090422,39.266994339622634,39.33764334890966
2026-09-02 04:07:00,39.43472,39.20443038461538,39.4025414,39.26584132075472,39.34241820872275
2026-09-02 04:08:00,39.042825,39.172576923076925,39.37284,39.270032358490575,39.34640218068536
2026-09-02 04:09:00,38.46846,39.13014384615384,39.310188,39.26767650943396,39.3380989563863
2026-09-02 04:10:00,38.47298,39.044093076923076,39.2536304,39.25223575471698,39.32796073208722
2026-09-02 04:11:00,38.53498,38.996462307692305,39.220481,39.22992160377358,39.315932601246104
2026-09-02 04:12:00,39.35726,39.01265769230769,39.22574173076923,39.23384009433962,39.31006073208723
2026-09-02 04:13:00,39.28654,39.032220714285714,39.20827288461538,39.249218207547166,39.30572615264797
2026-09-02 04:14:00,,39.04995384615385,39.1996014,39.26316673076923,39.29865026729559
2026-09-02 04:15:00,39.97583,39.107906923076925,39.2383062,39.28825711538462,39.3000352672956
2026-09-02 04:16:00,39.40172,39.12889357142858,39.2604486,39.28805163461538,39.296176965408804
2026-09-02 04:17:00,,39.117345769230774,39.27816875,39.28805163461538,39.291479555555554
2026-09-02 04:18:00,39.30334,39.135751923076924,39.2791756,39.30067240384615,39.291591446540885
2026-09-02 04:19:00,39.19567,39.16431730769231,39.264972,39.31672586538461,39.28367960691824
2026-09-02 04:20:00,39.24414,39.153300384615385,39.218248,39.32137028846154,39.28040498427673
2026-09-02 04:21:00,38.729395,39.111373846153846,39.1468294,39.32194509615385,39.27525535825545
2026-09-02 04:22:00,39.48625,39.11533769230769,39.15988403846154,39.33466548076923,39.2732369470405
2026-09-02 04:23:00,,39.12138041666666,39.1480026,39.33376833333333,39.26945257861635
2026-09-02 04:24:00,38.818785000000005,39.150574166666665,39.1399504,39.328734901960786,39.25813262578616
2026-09-02 04:25:00,39.63036,39.24702249999999,39.1414992,39.331990784313724,39.26194498427673
2026-09-02 04:26:00,38.73919,39.26404,39.1248996,39.310853333333334,39.25723031446541
2026-09-02 04:27:00,38.77689,39.215675833333336,39.1101064,39.2925737254902,39.25274115264798
2026-09-02 04:28:00,39.18382,39.20711583333333,39.11294153846154,39.286793137254904,39.253003862928345
2026-09-02 04:29:00,38.64948,39.16422076923077,39.10708730769231,39.27078568627451,39.25247666666667
2026-09-02 04:30:00,39.0249,39.09107230769231,39.09948961538461,39.26611980392157,39.2524216199377
2026-09-02 04:31:00,,39.06518500000001,39.09948961538461,39.26611980392157,39.25002635220125
2026-09-02 04:32:00,38.78965,39.04399,39.08066788461538,39.258185294117645,39.246429795597486
2026-09-02 04:33:00,38.861374999999995,39.00999269230769,39.07287230769231,39.24835323529412,39.244931069182385
2026-09-02 04:34:00,38.80582,38.98000423076923,39.07216076923077,39.23973225490196,39.24271993710691
2026-09-02 04:35:00,38.62877,38.93266807692308,39.042984230769235,39.22665715686274,39.23628852201257
2026-09-02 04:36:00,39.350615000000005,38.98045423076923,39.04591403846154,39.22391803921569,39.242193522012585
2026-09-02 04:37:00,39.16365,38.955638846153846,39.03548826923077,39.215416274509806,39.24145947040498
2026-09-02 04:38:00,,38.955638846153846,39.0351948,39.2040174,39.243154339622635
2026-09-02 04:39:00,39.56439,39.01299307692308,39.079032,39.19461,39.24797518867925
2026-09-02 04:40:00,39.525725,39.004944230769226,39.121141800000004,39.1873861,39.253060471698106
2026-09-02 04:41:00,,39.02709041666667,39.14556520833333,39.18378755102041,39.25633666666666
2026-09-02 04:42:00,39.34564,39.07448625,39.145081041666664,39.1870246,39.25471623809524
2026-09-02 04:43:00,38.62165,39.02763875,39.11737729166666,39.164643,39.24627119047619
2026-09-02 04:44:00,38.74468,39.03557208333333,39.1024694,39.1510354,39.24111466666667
2026-09-02 04:45:00,39.53887,39.07840291666667,39.084991,39.16164860000001,39.23969704761905
2026-09-02 04:46:00,,39.07840291666667,39.07179395833333,39.168046326530614,39.23784211538462
2026-09-02 04:47:00,38.60365,39.062902916666665,39.0530682,39.163321530612244,39.226880384615384
2026-09-02 04:48:00,39.09954,39.082750000000004,39.0449162,39.162045899999995,39.224775384615384
2026-09-02 04:49:00,39.119690000000006,39.10890583333333,39.041877,39.1534245,39.219407884615386
2026-09-02 04:50:00,38.96585,39.13699583333334,39.0307454,39.1244967,39.21699304761905
2026-09-02 04:51:00,38.94329,39.10305208333333,39.0393012,39.0930653,39.21671276190476
2026-09-02 04:52:00,,39.09754318181818,39.02067833333333,39.0930653,39.215699615384615
2026-09-02 04:53:00,38.350355,39.0352775,38.9938654,39.070934,39.202749951923074
2026-09-02 04:54:00,38.79372,38.971055,38.992862800000005,39.0664066,39.193422548076924
2026-09-02 04:55:00,39.26721,38.94951208333334,38.9783368,39.059917999999996,39.193790240384615
2026-09-02 04:56:00,39.79116,39.01425423076923,39.0204156,39.0726576,39.19495620192308
2026-09-02 04:57:00,39.59318,39.033295769230776,39.0530672,39.0815868,39.20036995192308
2026-09-02 04:58:00,38.62829,39.03380653846154,39.030846,39.07269862745098,39.19205033653846
2026-09-02 04:59:00,38.18246,38.990558846153846,39.0121652,39.0605568627451,39.177049759615386
2026-09-02 05:00:00,38.50098,38.910721153846154,38.9912084,39.0464105882353,39.17035711538461
2026-09-02 05:01:00,37.757905,38.82837714285714,38.94377365384616,39.02163163461539,39.158376298076924
2026-09-02 05:02:00,,38.84566384615384,38.9499386,39.01658490196078,39.157351213592236
2026-09-02 05:03:00,37.85951,38.750276923076925,38.909864,38.992966274509804,39.14435354368932
2026-09-02 05:04:00,38.314499999999995,38.68833923076923,38.890211199999996,38.98296980392157,39.13209349514563
2026-09-02 05:05:00,38.98473,38.689791538461535,38.9044496,38.97507509803921,39.13067653846154
2026-09-02 05:06:00,38.89005,38.68569615384616,38.886027,38.96753803921569,39.12014557692308
2026-09-02 05:07:00,38.86374,38.69841357142857,38.8740306,38.95634235294118,39.11406778846154
2026-09-02 05:08:00,39.22219,38.7606875,38.88742134615385,38.959859313725495,39.11792826923077
2026-09-02 05:09:00,38.68102,38.7526375,38.85344557692308,38.96402715686275,39.11877153846154
2026-09-02 05:10:00,38.4788,38.6963225,38.81317923076923,38.9641412745098,39.110958653846154
2026-09-02 05:11:00,38.88,38.631239642857146,38.81565407407407,38.970906372549024,39.10290451923077
2026-09-02 05:12:00,39.12435,38.59775178571429,38.80745814814814,38.96633950980392,39.10266192307692
2026-09-02 05:13:00,38.72665,38.6047775,38.81134703703703,38.955361274509805,39.10511528846154
2026-09-02 05:14:00,39.35789,38.68873678571428,38.83405851851852,38.96310221153846,39.11313447115385
2026-09-02 05:15:00,38.54443,38.69184035714285,38.797227407407405,38.935575288461536,39.11191620192308
2026-09-02 05:16:00,,38.76368153846153,38.797227407407405,38.92643519607844,39.10899883495146
2026-09-02 05:17:00,38.376635,38.73603535714285,38.78881944444444,38.91586211538461,39.101956875
2026-09-02 05:18:00,38.5971,38.78872035714285,38.77021055555556,38.902280576923076,39.10147649038461
2026-09-02 05:19:00,38.82224,38.824987500000006,38.75919388888889,38.89509923076923,39.10591254807692
2026-09-02 05:20:00,38.80722,38.812308214285714,38.7533187037037,38.886696923076926,39.10403360576923
2026-09-02 05:21:00,38.32089,38.771653928571425,38.73026685185185,38.878841057692306,39.100393076923076
2026-09-02 05:22:00,,38.76457038461538,38.73026685185185,38.86693107843137,39.10306883495146
2026-09-02 05:23:00,39.49815,38.78579807692308,38.772777777777776,38.87906990384616,39.10421184466019
2026-09-02 05:24:00,38.50586,38.77232423076923,38.76211629629629,38.87305211538462,39.09868145631068
2026-09-02 05:25:00,,38.79678458333333,38.74268961538461,38.85820294117647,39.095096862745095
2026-09-02 05:26:00,,38.78921954545454,38.700750799999994,38.8605832,39.08794732673267
2026-09-02 05:27:00,39.12628,38.789395,38.6820748,38.867571,39.082176336633665
2026-09-02 05:28:00,38.45965,38.76512227272727,38.6753292,38.8530876,39.07208742574257
2026-09-02 05:29:00,38.17545,38.657627727272725,38.67504879999999,38.843607,39.05931108910891
2026-09-02 05:30:00,38.30516,38.63587590909091,38.667215999999996,38.8292122,39.049828910891094
2026-09-02 05:31:00,38.07207,38.588892083333334,38.679782599999996,38.8143662745098,39.04024303921569
2026-09-02 05:32:00,38.81504,38.62542583333333,38.6849848076923,38.81486411764706,39.03652470588235
2026-09-02 05:33:00,38.62413,38.62767833333333,38.71439326923077,38.81021225490196,39.02928274509804
2026-09-02 05:34:00,38.06662,38.56471,38.704859423076925,38.7957181372549,39.01772519607843
2026-09-02 05:35:00,38.34768,38.526415,38.6803575,38.790206568627454,39.0084318627451
2026-09-02 05:36:00,38.4804,38.5397075,38.664601730769235,38.77314352941176,38.99853078431372
2026-09-02 05:37:00,38.73415,38.55466461538462,38.6596175,38.764721960784314,38.99006911764705
2026-09-02 05:38:00,39.14283,38.527332307692305,38.656565192307696,38.77199326923077,38.98376980392157
2026-09-02 05:39:00,39.02576,38.567324615384614,38.669824423076925,38.761635,38.97387764705883
2026-09-02 05:40:00,39.24694,38.61586857142857,38.69936826923077,38.75627375,38.96760333333334
2026-09-02 05:41:00,39.48047,38.67350866666666,38.72246326923077,38.76993783018868,38.96874799019608
2026-09-02 05:42:00,39.01463,38.66606533333333,38.71824326923077,38.763692358490566,38.96919344660194
2026-09-02 05:43:00,,38.68080928571428,38.717907,38.766423942307696,38.9616293627451
2026-09-02 05:44:00,38.489729999999994,38.70325785714285,38.6831806,38.761521057692306,38.95245946078431
2026-09-02 05:45:00,38.34982,38.706447857142855,38.675396199999994,38.73865471153846,38.94600465686275
2026-09-02 05:46:00,38.37928,38.728391428571435,38.664007115384614,38.73187405660377,38.94140779411765
2026-09-02 05:47:00,38.48446,38.70477857142857,38.668154230769225,38.72962518867924,38.93796950980393
2026-09-02 05:48:00,38.30534,38.68200785714286,38.65693269230769,38.714640283018866,38.931827475728156
2026-09-02 05:49:00,37.87783,38.66852285714286,38.620609230769226,38.69120896226415,38.9155854368932
2026-09-02 05:50:00,37.47355,38.606085,38.56931423076923,38.66305235849057,38.88705446601942
2026-09-02 05:51:00,37.55426,38.53993214285714,38.53982846153846,38.63684424528302,38.85831077669903
2026-09-02 05:52:00,38.23478,38.504262857142855,38.52853037037036,38.629398611111114,38.85231528846154
2026-09-02 05:53:00,38.18054,38.43552785714286,38.47973,38.62625388888888,38.840042403846155
2026-09-02 05:54:00,38.54433,38.40114,38.481154814814815,38.62163555555555,38.835467788461536
2026-09-02 05:55:00,38.23454,38.32882571428571,38.47234714285714,38.602512037037044,38.822418750000004
2026-09-02 05:56:00,37.7806,38.207406428571424,38.448493793103445,38.56527944444445,38.809211250000004
2026-09-02 05:57:00,38.0615,38.13932571428571,38.41177724137931,38.536915,38.79877644230769
2026-09-02 05:58:00,39.10777,38.203888666666664,38.43412620689656,38.54579425925926,38.80171923809524
2026-09-02 05:59:00,38.72533,38.21959533333333,38.4530875862069,38.555847407407406,38.800992
2026-09-02 06:00:00,38.514955,38.23060433333333,38.46032189655172,38.556106203703706,38.79425404761905
2026-09-02 06:01:00,38.22409,38.22025833333333,38.46556396551725,38.564739259259255,38.78887514150943
2026-09-02 06:02:00,,38.20138678571429,38.453082678571434,38.564739259259255,38.78420714285714
2026-09-02 06:03:00,38.51667,38.216481785714286,38.44924482142857,38.57690888888889,38.778993904761904
2026-09-02 06:04:00,38.40807,38.25435607142857,38.46143946428572,38.57864166666667,38.77502961904762
2026-09-02 06:05:00,39.13411,38.3729675,38.48952625,38.58140796296296,38.772617714285715
2026-09-02 06:06:00,39.09121,38.482749642857144,38.51134089285715,38.585133148148145,38.77087266666667
2026-09-02 06:07:00,38.32153,38.48894607142857,38.49660446428572,38.57509222222222,38.76027085714286
2026-09-02 06:08:00,38.52003,38.51319535714286,38.47436160714286,38.56208925925926,38.75529185714286
2026-09-02 06:09:00,38.853295,38.535264285714284,38.468202142857145,38.565279537037036,38.758956952380956
2026-09-02 06:10:00,39.778369999999995,38.64553785714286,38.48718178571429,38.58934564814815,38.77138923809524
2026-09-02 06:11:00,39.15467,38.74368571428572,38.475546071428575,38.59443212962963,38.77729104761905
2026-09-02 06:12:00,38.93311,38.805943571428564,38.472634642857145,38.59089064814815,38.77325152380952
2026-09-02 06:13:00,38.2677,38.74593857142857,38.46556793103448,38.58239157407407,38.763548285714286
2026-09-02 06:14:00,,38.74752384615385,38.464704999999995,38.567759528301885,38.763548285714286
2026-09-02 06:15:00,38.93747,38.780025,38.485692500000006,38.57517537735849,38.75365914285714
2026-09-02 06:16:00,39.56118,38.88287807692308,38.52790321428571,38.59343472222222,38.75517780952381
2026-09-02 06:17:00,39.1689,38.90330821428571,38.5523475,38.60810629629629,38.7590808490566
2026-09-02 06:18:00,39.37445,38.964578214285716,38.59053,38.622501666666665,38.75975169811321
2026-09-02 06:19:00,38.98582,39.00584607142857,38.63010107142857,38.62553092592593,38.75777198113208
2026-09-02 06:20:00,38.98575,38.99524892857143,38.68410821428572,38.62883703703704,38.755334339622635
2026-09-02 06:21:00,,38.98786730769231,38.72595444444445,38.63464735849056,38.75558138095238
2026-09-02 06:22:00,38.745355,39.02046923076924,38.74486462962963,38.6366975,38.74852523809524
2026-09-02 06:23:00,38.96059,39.05435846153846,38.773755370370374,38.626742685185185,38.7505258490566
2026-09-02 06:24:00,38.50328,39.02743423076923,38.772235,38.626694907407405,38.74754938679246
2026-09-02 06:25:00,38.14547,38.90182653846154,38.7689361111111,38.617945363636366,38.733540990566034
2026-09-02 06:26:00,38.34943,38.839884999999995,38.79000388888889,38.61315044642857,38.72986400943396
2026-09-02 06:27:00,39.12626,38.85474269230769,38.829439444444446,38.61315008928572,38.73315995283019
2026-09-02 06:28:00,39.53876,38.95251653846154,38.84540203703704,38.63241991071428,38.736508443396225
2026-09-02 06:29:00,38.61992,38.928759642857145,38.84149796296297,38.640356875,38.7362295754717
2026-09-02 06:30:00,38.58356,38.90348035714286,38.84403888888888,38.64532830357143,38.73206599056604
2026-09-02 06:31:00,38.712615,38.842868571428575,38.86213240740741,38.656766607142856,38.73188420560747
2026-09-02 06:32:00,39.2215,38.846625714285715,38.87496696428571,38.664024821428576,38.73592018691589
2026-09-02 06:33:00,39.52999,38.85773571428571,38.911156964285716,38.680200892857144,38.74216892523365
2026-09-02 06:34:00,38.92242,38.85320714285714,38.92952660714286,38.69548303571428,38.743258644859814
2026-09-02 06:35:00,39.02704,38.856156428571424,38.925702678571426,38.70761446428571,38.74698079439253
2026-09-02 06:36:00,38.802265,38.85256366666667,38.91538321428572,38.71336205357143,38.74185602803738
2026-09-02 06:37:00,38.21592,38.817268,38.911611428571426,38.70410794642857,38.73299873831776
2026-09-02 06:38:00,38.76026,38.80391266666666,38.92019107142857,38.697276339285715,38.73325115740741
2026-09-02 06:39:00,38.97163,38.835136000000006,38.924417321428564,38.69630973214286,38.72776263888889
2026-09-02 06:40:00,39.28665,38.911214666666666,38.90685589285714,38.69701883928571,38.72554898148149
2026-09-02 06:41:00,39.358245,38.978469000000004,38.91412642857143,38.69483625,38.7313535321101
2026-09-02 06:42:00,38.34283,38.92624033333333,38.89304500000001,38.68283982142857,38.722153440366974
2026-09-02 06:43:00,38.29044,38.843019,38.893857142857144,38.67595561403509,38.71911481651376
2026-09-02 06:44:00,38.85044,38.858387,38.89236,38.682283859649125,38.720085091743115
2026-09-02 06:45:00,38.936234999999996,38.881898666666665,38.8923174137931,38.69257184210526,38.71455633027523
2026-09-02 06:46:00,38.11107,38.84179566666666,38.84231362068966,38.68786640350878,38.70907009090909
2026-09-02 06:47:00,38.47652,38.79213033333333,38.81843844827586,38.68772710526316,38.70791436363636
2026-09-02 06:48:00,39.11413,38.76440633333333,38.809461896551724,38.70191640350877,38.70804700000001
2026-09-02 06:49:00,38.56427,38.74052966666667,38.79492568965517,38.71395921052631,38.702997727272724
2026-09-02 06:50:00,38.61835,38.71328366666667,38.78225672413793,38.73404342105263,38.69983863636364
2026-09-02 06:51:00,38.49437,38.69275733333333,38.77266050000001,38.750536578947376,38.69575754545455
2026-09-02 06:52:00,38.40179,38.705148666666666,38.761208333333336,38.75346657894737,38.69310918918919
2026-09-02 06:53:00,39.29293,38.74066,38.772286333333334,38.77298219298246,38.70160085585586
2026-09-02 06:54:00,39.10039,38.749244,38.79219,38.78273763157895,38.70436364864865
2026-09-02 06:55:00,39.010014999999996,38.730801666666665,38.821008166666665,38.79634245614035,38.70204657657658
2026-09-02 06:56:00,38.69894,38.68684799999999,38.832658499999994,38.812453684210524,38.69220675675676
2026-09-02 06:57:00,39.15719,38.741138666666664,38.8336895,38.83167631578948,38.68827891891892
2026-09-02 06:58:00,39.53434,38.82406533333334,38.83354216666667,38.83916,38.69644153153153
2026-09-02 06:59:00,39.16728,38.845188,38.85178749999999,38.84691350877193,38.70531378378378
2026-09-02 07:00:00,38.9154,38.843799,38.86284883333334,38.85393885964912,38.709047297297296
2026-09-02 07:01:00,38.74289,38.88592033333334,38.863858,38.863040614035086,38.71792103603603
2026-09-02 07:02:00,38.12186,38.86227633333333,38.82720333333334,38.85026163793104,38.7125990625
2026-09-02 07:03:00,,38.84428678571428,38.80296931034483,38.85611412280702,38.720284549549554
2026-09-02 07:04:00,38.6099,38.84754607142857,38.79219275862069,38.859655000000004,38.722945810810806
2026-09-02 07:05:00,38.34647,38.82812607142857,38.76872482758621,38.84583675438596,38.717195720720724
2026-09-02 07:06:00,38.87918,38.8556125,38.77137706896551,38.84211692982456,38.71709779279279
2026-09-02 07:07:00,38.83822,38.88678607142857,38.79283568965517,38.85118166666667,38.71686788288288
2026-09-02 07:08:00,38.915885,38.859854285714285,38.798202068965516,38.85812649122806,38.71410837837838
2026-09-02 07:09:00,,38.84135153846154,38.792008214285715,38.85821276785714,38.714409181818176
2026-09-02 07:10:00,38.85984,38.82979961538461,38.776765000000005,38.84181044642857,38.717873181818184
2026-09-02 07:11:00,38.19728,38.79121038461538,38.73530196428571,38.824714196428566,38.71166663636363
2026-09-02 07:12:00,38.7182,38.757441923076925,38.74870803571428,38.820876517857144,38.70797436363636
2026-09-02 07:13:00,,38.69270041666667,38.76568092592592,38.83093427272727,38.707803027522935
2026-09-02 07:14:00,39.048055,38.682764999999996,38.772999999999996,38.83481142857142,38.704960504587156
2026-09-02 07:15:00,38.78991,38.672307499999995,38.767580555555554,38.83217642857143,38.7072126146789
2026-09-02 07:16:00,38.682305,38.66725875,38.78873740740741,38.81648223214285,38.70698618181818
2026-09-02 07:17:00,39.06438,38.74580208333333,38.810509999999994,38.81461580357143,38.713238409090906
2026-09-02 07:18:00,38.7122,38.743217307692305,38.795623703703704,38.80278991071429,38.71428477272728
2026-09-02 07:19:00,39.13212,38.78338807692308,38.81665518518519,38.80540241071429,38.71710186363636
2026-09-02 07:20:00,38.3443,38.783221153846156,38.80650518518519,38.79394794642858,38.71289350000001
2026-09-02 07:21:00,39.3448,38.81903807692308,38.838002592592595,38.80361201754386,38.722201772727274
2026-09-02 07:22:00,39.2723,38.85242884615384,38.8702437037037,38.81285666666667,38.727157612612615
2026-09-02 07:23:00,,38.847140833333334,38.853986538461534,38.81021857142857,38.72014859090909
2026-09-02 07:24:00,38.87463,38.84925538461538,38.845303461538464,38.81684982142857,38.72350104545455
2026-09-02 07:25:00,38.57814,38.82758615384615,38.828692884615386,38.82457607142857,38.72219148648648
2026-09-02 07:26:00,38.78635,38.87289923076923,38.83205480769231,38.83237821428571,38.722764330357144
2026-09-02 07:27:00,39.268675,38.91524346153846,38.836342692307696,38.834921339285714,38.72403571428572
2026-09-02 07:28:00,39.07771,38.92684821428572,38.81878,38.82668830357143,38.72955410714285
2026-09-02 07:29:00,39.01545,38.92451928571428,38.81294038461538,38.83375133928571,38.73705410714285
2026-09-02 07:30:00,39.1431,38.94974714285714,38.82169807692308,38.843743125,38.74453571428571
2026-09-02 07:31:00,38.98728,38.97153107142857,38.831097692307694,38.84864785714286,38.75270723214286
2026-09-02 07:32:00,38.68896,38.944715357142854,38.852909230769235,38.83913821428571,38.75158151785714
2026-09-02 07:33:00,38.55039,38.9331575,38.84170481481482,38.821645357142856,38.750923125
2026-09-02 07:34:00,38.55981,38.89227821428572,38.83984962962963,38.81517017857143,38.755326607142855
2026-09-02 07:35:00,38.01495,38.86875321428572,38.82757111111112,38.79709714285714,38.752355803571426
2026-09-02 07:36:00,38.45936,38.8055075,38.812022222222225,38.79097383928571,38.75216794642858
2026-09-02 07:37:00,38.47609,38.74863535714286,38.798610000000004,38.795619732142846,38.74986383928571
2026-09-02 07:38:00,39.25654,38.78249566666667,38.811226851851856,38.80448187500001,38.75087910714286
2026-09-02 07:39:00,38.89978,38.78417233333333,38.81438946428572,38.80319883928571,38.74975428571428
2026-09-02 07:40:00,39.80672,38.86607766666667,38.848206607142856,38.81248580357143,38.75475232142857
2026-09-02 07:41:00,39.21692,38.89478233333333,38.88462232142858,38.809962142857145,38.75239919642858
2026-09-02 07:42:00,,38.868075714285716,38.89078611111112,38.81845545454546,38.75003675675676
2026-09-02 07:43:00,38.69305,38.8406,38.88372410714286,38.82577563636364,38.749527946428564
2026-09-02 07:44:00,38.54677,38.80712285714286,38.86582107142858,38.82025436363636,38.75003723214286
2026-09-02 07:45:00,38.0048,38.725815714285716,38.837781428571425,38.80331918181819,38.746956696428576
2026-09-02 07:46:00,38.29703,38.67651214285714,38.82402160714286,38.80670027272727,38.74622232142857
2026-09-02 07:47:00,39.229455,38.71511892857143,38.82991714285715,38.82039,38.7528740625
2026-09-02 07:48:00,38.72563,38.72763607142857,38.830396785714285,38.813326363636364,38.756626651785716
2026-09-02 07:49:00,,38.74054576923077,38.81922185185185,38.81793851851852,38.76454373873874
2026-09-02 07:50:00,39.05339,38.820425769230766,38.845484444444445,38.82599481481481,38.778776531531534
2026-09-02 07:51:00,38.95605,38.858632692307694,38.83108629629629,38.83454444444445,38.791405270270275
2026-09-02 07:52:00,39.18597,38.913238846153845,38.82788888888889,38.8490662962963,38.799974549549546
2026-09-02 07:53:00,39.37762,38.92255269230769,38.847522142857144,38.850634629629624,38.81075905405406
2026-09-02 07:54:00,,38.924450416666666,38.84651814814815,38.84592226415094,38.81318113636364
2026-09-02 07:55:00,38.93384,38.85171041666667,38.85969222222223,38.844485,38.81953840909091
2026-09-02 07:56:00,38.75027,38.81282291666667,38.85835592592593,38.84545349056604,38.828353590909096
2026-09-02 07:57:00,38.45605,38.78537884615385,38.8282587037037,38.83222443396227,38.83194040909091
2026-09-02 07:58:00,38.79248,38.793027307692306,38.81769462962963,38.8182270754717,38.82907413636364
2026-09-02 07:59:00,,38.813548749999995,38.81008865384616,38.81151451923077,38.83002591743119
2026-09-02 08:00:00,38.78358,38.878447083333334,38.79626096153846,38.80897951923077,38.83249036697248
2026-09-02 08:01:00,38.212575,38.871409166666666,38.76646461538461,38.79878115384615,38.83238472477065
2026-09-02 08:02:00,38.87408,38.84179458333333,38.773584615384614,38.813246923076925,38.83276377272727
2026-09-02 08:03:00,38.71711,38.841084583333334,38.77999692307692,38.81143301886792,38.83458595454546
2026-09-02 08:04:00,39.12939,38.86326192307692,38.80190384615385,38.82123471698113,38.84114340909091
2026-09-02 08:05:00,38.92588,38.853453461538464,38.836939615384615,38.832166981132076,38.83925040909091
2026-09-02 08:06:00,,38.84490375,38.8520428,38.831262884615384,38.83693885321101
2026-09-02 08:07:00,39.19465,38.84562708333333,38.8807852,38.83811730769231,38.84494912844037
2026-09-02 08:08:00,38.682739999999995,38.787720416666666,38.8578332,38.83363375,38.846441880733934
2026-09-02 08:09:00,,38.787720416666666,38.856085416666666,38.83363375,38.84637842592592
2026-09-02 08:10:00,39.40101,38.82665125,38.83918083333334,38.84404086538462,38.84288435185185
2026-09-02 08:11:00,,38.833594999999995,38.82275739130435,38.85672245098039,38.83997046728972
2026-09-02 08:12:00,38.90585,38.87448590909091,38.826219583333334,38.86040186274509,38.83971570093458
2026-09-02 08:13:00,39.30129,38.92074136363636,38.851562916666666,38.86888048076923,38.84937542056074
2026-09-02 08:14:00,38.93453,38.92189041666667,38.86771958333333,38.866697307692306,38.850163888888886
2026-09-02 08:15:00,,38.934464090909096,38.90523782608695,38.86820294117647,38.84934794392523
2026-09-02 08:16:00,38.27514,38.94015181818182,38.904286086956525,38.86021931372549,38.83732887850467
2026-09-02 08:17:00,38.44778,38.90139727272727,38.8703002173913,38.848129117647055,38.83058943925234
2026-09-02 08:18:00,38.45192,38.87728909090909,38.85839978260869,38.84302558823529,38.8219676635514
2026-09-02 08:19:00,38.73963,38.84185636363637,38.853451041666666,38.83532970588235,38.81966682242991
2026-09-02 08:20:00,38.53785,38.80658090909091,38.83197020833333,38.83912480392157,38.815480841121506
2026-09-02 08:21:00,39.18486,38.83810416666667,38.84150395833333,38.835988725490196,38.81890101851852
2026-09-02 08:22:00,39.27368,38.84469,38.84515854166667,38.83601578431372,38.82379291666667
2026-09-02 08:23:00,39.31366,38.89726666666667,38.84249354166666,38.845201249999995,38.82706208333333
2026-09-02 08:24:00,,38.89726666666667,38.84249354166666,38.844624215686274,38.83008808411215
2026-09-02 08:25:00,39.88958,38.937980833333334,38.88231604166667,38.8703387254902,38.8463881775701
2026-09-02 08:26:00,39.48173,38.979807692307695,38.912793541666666,38.88397362745098,38.85697042056075
2026-09-02 08:27:00,,38.98597083333333,38.93265195652174,38.8762796,38.854429952830195
2026-09-02 08:28:00,38.39477,38.9104275,38.9153602173913,38.8626208,38.843637594339626
2026-09-02 08:29:00,,38.90823636363636,38.9153602173913,38.859501836734694,38.84576823809524
2026-09-02 08:30:00,38.95414,38.912061666666666,38.92277586956522,38.85564551020408,38.84929757142857
2026-09-02 08:31:00,,38.96996363636364,38.95505772727273,38.852903125,38.85061182692307
2026-09-02 08:32:00,,39.022182,38.958913809523814,38.856391276595744,38.84701097087379
2026-09-02 08:33:00,39.01715,39.078705,38.97320142857143,38.86632234042553,38.84203194174758
2026-09-02 08:34:00,38.89106,39.093847999999994,38.96185238095238,38.873370212765956,38.841727475728156
2026-09-02 08:35:00,39.25572,39.165634999999995,38.977559047619046,38.89976957446809,38.84394766990291
2026-09-02 08:36:00,38.57262,39.104411,38.95915272727273,38.90217936170213,38.841718106796115
2026-09-02 08:37:00,39.249325,39.1019755,38.96163795454545,38.91863117021276,38.85175116504854
2026-09-02 08:38:00,37.96861,38.967470500000005,38.9291775,38.891228404255315,38.84406524271845
2026-09-02 08:39:00,37.91773,38.87203954545455,38.885201521739134,38.87033372340425,38.83383320388349
2026-09-02 08:40:00,,38.7702855,38.86175568181818,38.8499775,38.82939382352941
2026-09-02 08:41:00,38.78305,38.7004175,38.85833369565217,38.840545543478264,38.82375465686275
2026-09-02 08:42:00,39.19,38.744924999999995,38.87068804347826,38.847980744680854,38.832060245098035
2026-09-02 08:43:00,38.631995,38.76649090909091,38.841588260869564,38.84668170212766,38.83540882352941
2026-09-02 08:44:00,38.47776,38.742430000000006,38.821728695652176,38.84521340425532,38.83175509803922
2026-09-02 08:45:00,,38.72318363636364,38.821728695652176,38.863483260869565,38.830720643564355
2026-09-02 08:46:00,,38.72318363636364,38.84657363636364,38.87607111111111,38.837917149999996
2026-09-02 08:47:00,39.03305,38.749005833333335,38.873176818181825,38.871706555555555,38.843482449999996
2026-09-02 08:48:00,39.03806,38.750748333333334,38.89981954545454,38.87864944444444,38.84272175
2026-09-02 08:49:00,38.73417,38.73767416666667,38.89957136363636,38.87550858695653,38.84442075
2026-09-02 08:50:00,39.45033,38.75389166666667,38.941047727272725,38.884137717391305,38.85274055
2026-09-02 08:51:00,39.44523,38.826609166666664,38.95288272727273,38.894772065217396,38.862249150000004
2026-09-02 08:52:00,39.30669,38.83138958333333,38.95438318181818,38.89739641304348,38.87129815
2026-09-02 08:53:00,39.71569,38.97697958333333,38.972657272727275,38.90474576086957,38.87552575
2026-09-02 08:54:00,39.17152,39.08146208333333,38.98130347826087,38.91042180851064,38.87623705
2026-09-02 08:55:00,,39.08146208333333,38.94001818181818,38.9099127173913,38.87488575757576
2026-09-02 08:56:00,39.29834,39.12440291666667,38.93168227272727,38.921827282608696,38.8809403030303
2026-09-02 08:57:00,38.56127,39.07200875,38.915577391304346,38.92411467391304,38.87492090909091
2026-09-02 08:58:00,38.83797,39.089173333333335,38.93484695652174,38.925103586956524,38.86788686868687
2026-09-02 08:59:00,39.26178,39.15450833333333,38.94846916666667,38.93226691489362,38.868841414141414
2026-09-02 09:00:00,39.175110000000004,39.15609307692308,38.95767625,38.94059734042553,38.87146474747475
2026-09-02 09:01:00,39.517340000000004,39.18189642857143,38.9800628,38.96835829787234,38.87928747474747
2026-09-02 09:02:00,39.36051,39.205286428571426,38.99469538461538,38.97870787234043,38.89179909090909
2026-09-02 09:03:00,39.55703,39.242355714285715,39.01546,38.996578510638294,38.898451400000006
2026-09-02 09:04:00,39.39184,39.28933214285714,39.034720769230766,39.00216255319149,38.906270799999994
2026-09-02 09:05:00,39.4575,39.28984428571429,39.042481538461544,39.013473617021276,38.9173811
2026-09-02 09:06:00,38.9101,39.251620714285714,39.055461538461536,39.011320000000005,38.9176903
2026-09-02 09:07:00,39.11443,39.23788785714286,39.05027326923077,39.009648750000004,38.9204524
2026-09-02 09:08:00,38.38933,39.143147857142864,39.06645480769231,39.00353604166667,38.91518685
2026-09-02 09:09:00,39.0517,39.13458928571429,39.11006903846154,39.004518979591836,38.916538465346534
2026-09-02 09:10:00,,39.13458928571429,39.11006903846154,38.99625875,38.91710545
2026-09-02 09:11:00,38.605495,39.085100357142856,39.10324,38.988283979591834,38.921187599999996
2026-09-02 09:12:00,38.27691,39.06478892857143,39.06812115384616,38.97544846938776,38.9167747
2026-09-02 09:13:00,38.82327,39.063738928571425,39.07547788461538,38.96569295918367,38.91584891089109
2026-09-02 09:14:00,39.12576,39.05402321428571,39.10040096153846,38.9695956122449,38.91661826732673
2026-09-02 09:15:00,,39.044708846153846,39.10040096153846,38.9695956122449,38.91788535
2026-09-02 09:16:00,38.7928,38.988974999999996,39.08900833333333,38.98016010204082,38.9189903
2026-09-02 09:17:00,39.11792,38.97031423076923,39.092151666666666,38.99383642857143,38.9195257
2026-09-02 09:18:00,38.81284,38.91306884615385,39.08381018518519,39.001202142857146,38.9205321
2026-09-02 09:19:00,39.528555,38.92358538461538,39.11323185185185,39.01730265306123,38.92449645
2026-09-02 09:20:00,,38.8790925,39.10026653846154,39.027291250000005,38.93035702020202
2026-09-02 09:21:00,39.46845,38.925621666666665,39.10115961538462,39.033199375,38.931606010101014
2026-09-02 09:22:00,39.38084,38.947822499999994,39.104011538461535,39.035431875,38.93270237373738
2026-09-02 09:23:00,38.74456,38.977425000000004,39.06666038461538,39.023575625,38.930820950000005
2026-09-02 09:24:00,,38.97067272727273,39.062466,39.023575625,38.931388535353534
2026-09-02 09:25:00,38.69653,38.9478275,39.04839153846154,38.998720416666664,38.932584393939386
2026-09-02 09:26:00,39.15007,38.99320875,39.042688846153844,38.99181083333333,38.936258333333335
2026-09-02 09:27:00,39.6648,39.10886625,39.085132307692305,39.00554530612245,38.940259595959596
2026-09-02 09:28:00,39.85651,39.19496958333333,39.12430692307692,39.03537673469388,38.94812626262626
2026-09-02 09:29:00,39.38833,39.21685041666667,39.12917423076923,39.0424358,38.95189272727272
2026-09-02 09:30:00,39.44441,39.234355,39.139531923076916,39.052241200000005,38.95493626262626
2026-09-02 09:31:00,,39.27115125,39.124419599999996,39.052241200000005,38.954606224489794
2026-09-02 09:32:00,40.03636,39.347687916666665,39.151453599999996,39.071537647058825,38.96835520408163
2026-09-02 09:33:00,39.93117,39.440882083333335,39.1664192,39.08945960784314,38.98244479591837
2026-09-02 09:34:00,40.24929,39.50094333333333,39.20071720000001,39.11609156862745,38.9996843877551
2026-09-02 09:35:00,39.99388,39.538861538461546,39.2221724,39.130565294117645,39.01987755102041
2026-09-02 09:36:00,39.33618,39.528686923076926,39.2392156,39.14553705882353,39.02882469387755
2026-09-02 09:37:00,39.97851,39.57466153846154,39.2737788,39.15983480392157,39.044155510204085
2026-09-02 09:38:00,39.99968,39.671209230769236,39.338192799999995,39.199659705882354,39.05173857142857
2026-09-02 09:39:00,39.2296,39.63966571428572,39.3453088,39.22538264705882,39.055104081632656
2026-09-02 09:40:00,39.13183,39.67075857142857,39.33709807692308,39.22358355769231,39.04821744897959
2026-09-02 09:41:00,39.26281,39.67881142857143,39.362379423076916,39.232809711538465,39.04868571428572
2026-09-02 09:42:00,39.00428,39.63163142857143,39.390355192307695,39.22923817307692,39.048237171717176
2026-09-02 09:43:00,38.92715,39.565248571428576,39.394350576923074,39.23491423076923,39.050601818181825
2026-09-02 09:44:00,38.56636,39.50653642857143,39.37283519230769,39.23661807692308,39.0507996969697
2026-09-02 09:45:00,39.12685,39.483853571428575,39.36372462962963,39.23454698113207,39.06213353535354
2026-09-02 09:46:00,39.454105,39.48187033333333,39.38821740740741,39.238612870370375,39.07382116161616
2026-09-02 09:47:00,39.307,39.43324633333334,39.39522037037037,39.24368601851852,39.07460444444445
2026-09-02 09:48:00,39.2447,39.387481666666666,39.41121518518518,39.24751268518519,39.079847575757576
2026-09-02 09:49:00,39.09642,39.310623666666665,39.395210185185185,39.254221018518514,39.0800133
2026-09-02 09:50:00,39.58427,39.28331633333334,39.40196232142858,39.25670138888888,39.0853221
2026-09-02 09:51:00,39.53394,39.296500333333334,39.404301249999996,39.25834416666667,39.091101
2026-09-02 09:52:00,39.52477,39.266251,39.40944160714285,39.26238268518519,39.094488999999996
2026-09-02 09:53:00,39.3906,39.225645666666665,39.43251446428572,39.25636250000001,39.0946188
2026-09-02 09:54:00,38.92176,39.20512299999999,39.414902241379316,39.25173731481481,39.09290732673267
2026-09-02 09:55:00,39.546925,39.232796,39.44422620689655,39.25710436363636,39.09897747524752
2026-09-02 09:56:00,39.73389,39.26420133333333,39.464357931034485,39.26502345454546,39.108716287128715
2026-09-02 09:57:00,39.29239,39.283408666666666,39.45151620689655,39.278316545454544,39.116996881188115
2026-09-02 09:58:00,39.31978,39.309584,39.43300827586207,39.28707672727272,39.12221767326733
2026-09-02 09:59:00,,39.36267142857143,39.43460392857143,39.28754518518518,39.12221767326733
2026-09-02 10:00:00,39.62254,39.39807785714286,39.44096571428572,39.29583092592593,39.13052420792079
2026-09-02 10:01:00,39.51272,39.40226464285714,39.44344,39.29574537037037,39.14339693069307
2026-09-02 10:02:00,39.78373,39.43631678571429,39.43472862068966,39.30358277777778,39.152403366336635
2026-09-02 10:03:00,39.01961,39.42023892857143,39.403295517241375,39.29363055555555,39.15539841584158
2026-09-02 10:04:00,38.49421,39.377223928571425,39.34277551724138,39.277007777777776,39.149109504950495
2026-09-02 10:05:00,39.66333,39.38287107142857,39.331377241379315,39.28081944444444,39.15641099009901
2026-09-02 10:06:00,39.71584,39.39586392857143,39.34446896551724,39.29574055555555,39.161895588235296
2026-09-02 10:07:00,39.86597,39.42023535714286,39.34058827586207,39.309657962962966,39.16847715686274
2026-09-02 10:08:00,38.866635,39.38280928571429,39.30151775862069,39.31849694444445,39.17028004901961
2026-09-02 10:09:00,39.341725,39.41280678571428,39.305384137931036,39.323867777777785,39.1719445631068
2026-09-02 10:10:00,39.12782,39.382870714285716,39.305245862068965,39.32030327272727,39.169292233009706
2026-09-02 10:11:00,,39.35586923076923,39.30676142857143,39.33354046296296,39.169292233009706
2026-09-02 10:12:00,39.476659999999995,39.37004384615385,39.32363214285714,39.355758055555555,39.1748340776699
2026-09-02 10:13:00,38.28032,39.29008538461539,39.300531071428566,39.345703425925926,39.16492174757281
2026-09-02 10:14:00,38.75242,39.25168071428572,39.307176071428565,39.338789722222224,39.16315368932039
2026-09-02 10:15:00,39.52368,39.244619285714286,39.32134857142857,39.34215136363637,39.16662028846154
2026-09-02 10:16:00,39.60531,39.25123285714285,39.32674875,39.35692427272727,39.17941038461539
2026-09-02 10:17:00,38.94049,39.19100142857143,39.31365910714286,39.35369827272727,39.18414798076923
2026-09-02 10:18:00,39.14272,39.199795,39.310016964285715,39.35969609090909,39.190790288461535
2026-09-02 10:19:00,39.36664,39.26211142857143,39.31966767857143,39.35675218181818,39.19681923076923
2026-09-02 10:20:00,,39.23124846153847,39.309867592592596,39.35675218181818,39.20321699029127
2026-09-02 10:21:00,39.15428,39.188051538461536,39.295806111111105,39.351040000000005,39.20292009708738
2026-09-02 10:22:00,39.45996,39.156819999999996,39.293405740740745,39.35247854545454,39.2047286407767
2026-09-02 10:23:00,39.43686,39.20068346153846,39.29511907407408,39.365065818181826,39.20592475728155
2026-09-02 10:24:00,39.03762,39.177290769230765,39.29941018518519,39.35921857142858,39.2043064423077
2026-09-02 10:25:00,37.967600000000004,39.08804307692308,39.24091666666667,39.34620196428572,39.185825865384615
2026-09-02 10:26:00,,39.08804307692308,39.22195615384616,39.349768,39.18295300970873
2026-09-02 10:27:00,39.575329999999994,39.09563307692308,39.23283846153846,39.348141272727275,39.186725865384616
2026-09-02 10:28:00,39.07859,39.15703846153846,39.22356192307692,39.333997272727274,39.19330105769231
2026-09-02 10:29:00,39.67469,39.22798230769231,39.24027037037037,39.33920381818182,39.19788571428572
2026-09-02 10:30:00,,39.203340833333336,39.22556769230769,39.33725555555556,39.20022942307693
2026-09-02 10:31:00,39.61052,39.203775,39.22932923076923,39.342223999999995,39.20413695238095
2026-09-02 10:32:00,40.45064,39.32962083333334,39.25497961538461,39.34975636363636,39.215896415094335
2026-09-02 10:33:00,40.2394,39.421010833333334,39.30189461538461,39.355360545454545,39.2274270754717
2026-09-02 10:34:00,39.036455000000004,39.39349541666667,39.322750192307694,39.333309,39.22879872641509
2026-09-02 10:35:00,39.09709,39.370695,39.300971730769234,39.31700372727272,39.22730221698113
2026-09-02 10:36:00,38.91489,39.35228038461538,39.27016596153846,39.309343909090906,39.23053117924528
2026-09-02 10:37:00,38.94928,39.31299730769231,39.234908653846155,39.290630636363645,39.22770056603774
2026-09-02 10:38:00,38.65945,39.25319653846154,39.22694,39.266262818181815,39.234217924528295
2026-09-02 10:39:00,38.73727,39.23009269230769,39.203691730769236,39.25731136363636,39.24194943396226
2026-09-02 10:40:00,39.29072,39.33187115384615,39.20995711538462,39.26020027272727,39.24240523364486
2026-09-02 10:41:00,39.39526,39.33639892857143,39.216820185185185,39.26260845454546,39.24812682242991
2026-09-02 10:42:00,38.74,39.2767325,39.18953648148148,39.25780336363636,39.243921214953275
2026-09-02 10:43:00,38.30555,39.221515357142856,39.19047092592592,39.24650154545454,39.24087032710281
2026-09-02 10:44:00,38.80256,39.159220357142864,39.19232796296296,39.25079609090909,39.243905841121496
2026-09-02 10:45:00,39.16364,39.159515000000006,39.178993148148145,39.251464999999996,39.24316263888889
2026-09-02 10:46:00,39.18578,39.13119900000001,39.163455000000006,39.24658636363636,39.24263619266055
2026-09-02 10:47:00,38.49259,39.00066233333334,39.14686611111111,39.231778909090906,39.23767784403669
2026-09-02 10:48:00,39.00312,38.91824366666666,39.141695740740744,39.22738654545455,39.23735729357798
2026-09-02 10:49:00,,38.909800000000004,39.13304403846154,39.229811851851856,39.242016435185185
2026-09-02 10:50:00,38.992095,38.902300357142856,39.127823703703704,39.21884564814814,39.23777351851851
2026-09-02 10:51:00,38.69157,38.88634892857143,39.1106862962963,39.203246203703706,39.230795185185194
2026-09-02 10:52:00,39.50389,38.92596392857143,39.11231333333333,39.20285953703704,39.232621111111115
2026-09-02 10:53:00,39.5467,38.989338928571435,39.11638148148148,39.205750277777774,39.23105638888889
2026-09-02 10:54:00,38.440745,38.96815857142857,39.094275,39.196842592592596,39.2242899537037
2026-09-02 10:55:00,,38.94334615384615,39.13760865384616,39.190237264150944,39.2242899537037
2026-09-02 10:56:00,38.86876,38.90284615384615,39.1276512962963,39.17391405660378,39.22031236111111
2026-09-02 10:57:00,39.06903,38.92815615384615,39.10889944444445,39.16969971698113,39.22501384259259
2026-09-02 10:58:00,,38.980039999999995,39.110065192307694,39.1668135576923,39.228631074766355
2026-09-02 10:59:00,38.84024,38.98318,39.07797096153846,39.16065179245283,39.22469144859813
2026-09-02 11:00:00,39.81305,39.0372975,39.10519611111111,39.164246320754714,39.2306535046729
2026-09-02 11:01:00,,39.023799090909094,39.08576057692308,39.15754490384615,39.22794891509434
2026-09-02 11:02:00,38.937585,39.06425318181818,39.02756615384615,39.14127288461538,39.223959056603775
2026-09-02 11:03:00,38.33648,39.00364954545454,38.95437692307692,39.12813576923077,39.21244443396227
2026-09-02 11:04:00,39.3536,39.03281208333333,38.96657480769231,39.1446625,39.21208367924529
2026-09-02 11:05:00,39.615465,39.08475958333334,38.98651230769231,39.14374201923077,39.21357391509434
2026-09-02 11:06:00,39.19382,39.12661375,38.99724038461538,39.133703173076924,39.216250518867916
2026-09-02 11:07:00,38.88597,39.07512041666667,38.99480538461539,39.11485701923077,39.21409523584906
2026-09-02 11:08:00,39.71111,39.08882125,39.03525384615385,39.131096923076925,39.22656485849057
2026-09-02 11:09:00,39.73223,39.196445000000004,39.07352153846154,39.138606634615385,39.232984952830186
2026-09-02 11:10:00,39.10841,39.18967307692308,39.06650961538462,39.138233365384615,39.231820700934584
2026-09-02 11:11:00,39.0705,39.20519153846154,39.054018846153845,39.13695537735849,39.236166542056075
2026-09-02 11:12:00,39.32737,39.225063846153844,39.07661,39.134138584905656,39.245983925233645
2026-09-02 11:13:00,38.99825,39.208862857142854,39.10325230769231,39.14768443396227,39.24761925233645
2026-09-02 11:14:00,,39.23721846153846,39.11528,39.155285673076925,39.248768867924525
2026-09-02 11:15:00,38.65999,39.14852153846154,39.095134,39.138676249999996,39.243266261682244
2026-09-02 11:16:00,,39.14852153846154,39.09135708333333,39.129526568627455,39.24751594339622
2026-09-02 11:17:00,39.10443,39.161355769230774,39.116850416666665,39.13274107843137,39.24738867924528
2026-09-02 11:18:00,39.08574,39.218991153846154,39.12029291666667,39.13162382352942,39.24996320754716
2026-09-02 11:19:00,39.34701,39.218484230769235,39.1293616,39.13123892156863,39.24825051886793
2026-09-02 11:20:00,39.78335,39.23139846153846,39.1610118,39.14377951923077,39.25325144859813
2026-09-02 11:21:00,39.5463,39.258512307692314,39.195201000000004,39.15131836538462,39.25397901869159
2026-09-02 11:22:00,39.63417,39.31606615384615,39.200412199999995,39.154668557692304,39.25634658878504
2026-09-02 11:23:00,39.08652,39.26802076923077,39.182005,39.14793125,39.25954247663552
2026-09-02 11:24:00,39.64701,39.261465384615384,39.2302556,39.15965028846154,39.26313013888889
2026-09-02 11:25:00,39.15261,39.26486538461539,39.22726923076923,39.18243894230769,39.26735310185185
2026-09-02 11:26:00,38.6236,39.230488461538464,39.21784,39.171894811320755,39.26247837962962
2026-09-02 11:27:00,39.29807,39.228234615384615,39.22664923076923,39.16666349056604,39.259082731481485
2026-09-02 11:28:00,39.35605,39.2557576923077,39.23144185185185,39.171898584905655,39.254448842592595
2026-09-02 11:29:00,,39.2557576923077,39.24648807692308,39.16222951923077,39.253197616822426
2026-09-02 11:30:00,38.8498,39.270358461538464,39.20944,39.15633462264151,39.247640514018684
2026-09-02 11:31:00,,39.270358461538464,39.20944,39.14760028846153,39.247640514018684
2026-09-02 11:32:00,39.47655,39.29898307692308,39.23016942307692,39.12886778846154,39.24240864485981
2026-09-02 11:33:00,39.480435,39.32934423076923,39.27416769230769,39.11427230769231,39.23819616822429
2026-09-02 11:34:00,,39.32787208333333,39.2709904,39.115798137254906,39.22865754716981
2026-09-02 11:35:00,39.41362,39.297061250000006,39.2629166,39.12200460784314,39.22318339622642
2026-09-02 11:36:00,39.7454,39.31365291666667,39.2849798,39.13828911764706,39.22704396226415
2026-09-02 11:37:00,39.967794999999995,39.341455,39.3282528,39.15826,39.22694287735849
2026-09-02 11:38:00,39.95448,39.413785,39.3379876,39.18365274509804,39.226516462264144
2026-09-02 11:39:00,39.04038,39.3632325,39.3103136,39.18959607843137,39.224731367924534
2026-09-02 11:40:00,39.50054,39.392226666666666,39.3259988,39.193710196078435,39.22820976415095
2026-09-02 11:41:00,39.87027,39.496115833333334,39.3579896,39.20302411764706,39.233940518867925
2026-09-02 11:42:00,39.353825,39.500762083333335,39.3590478,39.215059901960785,39.237238113207546
2026-09-02 11:43:00,38.71326,39.44719625,39.3476482,39.223054215686275,39.23522028301887
2026-09-02 11:44:00,38.84192,39.400636538461534,39.32819711538462,39.22382598039216,39.23781990566037
2026-09-02 11:45:00,38.927595,39.40662076923077,39.33848961538462,39.21919764705882,39.23594014150943
2026-09-02 11:46:00,39.11249,39.38561142857143,39.330119259259256,39.21776058823529,39.23271735849057
2026-09-02 11:47:00,38.81596,39.33842642857143,39.319435185185185,39.22410117647059,39.22808490566038
2026-09-02 11:48:00,38.70526,39.28305678571429,39.30534333333334,39.21826078431373,39.2229958490566
2026-09-02 11:49:00,,39.28305678571429,39.30374076923077,39.21826078431373,39.22420133333333
2026-09-02 11:50:00,38.73051,39.23426321428571,39.26324692307692,39.21313166666667,39.21607028571429
2026-09-02 11:51:00,39.46572,39.21428607142857,39.26014769230769,39.228311078431375,39.215420571428574
2026-09-02 11:52:00,38.9791,39.143665,39.234952692307694,39.21802107843138,39.21022371428572
2026-09-02 11:53:00,39.12152,39.08416785714286,39.236298846153844,39.20968421568627,39.20766104761905
2026-09-02 11:54:00,38.5045,39.04589071428571,39.192356153846156,39.21093431372549,39.20368714285714
2026-09-02 11:55:00,38.618030000000005,38.98285428571428,39.171795384615386,39.19953230769231,39.194840523809525
2026-09-02 11:56:00,39.00511,38.921057142857144,39.18646884615384,39.20215442307693,39.18789976190476
2026-09-02 11:57:00,39.41669,38.9255475,39.191031153846154,39.20884019230769,39.189083571428576
2026-09-02 11:58:00,,38.94187730769231,39.184430400000004,39.20884019230769,39.187826875
2026-09-02 11:59:00,38.61225,38.924210384615385,39.16242346153847,39.20445576923077,39.18234519047619
2026-09-02 12:00:00,39.736615,38.98644269230769,39.19653173076923,39.20298586538461,39.183431619047624
2026-09-02 12:01:00,39.19548,38.992826538461536,39.196492777777785,39.20284424528302,39.18041028571429
2026-09-02 12:02:00,39.31483,39.031201153846155,39.190503148148146,39.209962075471694,39.17594457142857
2026-09-02 12:03:00,39.457485,39.089064615384615,39.189653148148146,39.23111311320755,39.18011480952381
2026-09-02 12:04:00,39.67322,39.130790000000005,39.20692339285714,39.237143679245285,39.19134347619048
2026-09-02 12:05:00,39.154615,39.16108321428572,39.197673214285714,39.22844839622642,39.186498571428565
2026-09-02 12:06:00,38.954184999999995,39.124545000000005,39.16941553571428,39.223926981132074,39.179244714285716
2026-09-02 12:07:00,38.79566,39.11144214285714,39.12755357142857,39.22222301886793,39.16905128571429
2026-09-02 12:08:00,38.440340000000006,39.06278642857143,39.07347714285714,39.19824622641509,39.16499133333333
2026-09-02 12:09:00,39.10688,39.10581357142858,39.07585214285715,39.186447169811316,39.16275471428572
2026-09-02 12:10:00,,39.14333538461538,39.06012296296297,39.18794788461538,39.163090625
2026-09-02 12:11:00,38.99996,39.14293923076923,39.027889259259254,39.18659134615385,39.161536999999996
2026-09-02 12:12:00,39.16461,39.12354846153846,39.020881296296295,39.18346134615385,39.158565095238096
2026-09-02 12:13:00,38.80638,39.10089357142857,39.024330185185185,39.17977153846154,39.163575190476195
2026-09-02 12:14:00,39.42093,39.158656428571426,39.045775,39.18432169811321,39.16994195238095
2026-09-02 12:15:00,38.98797,39.10518178571429,39.04801111111111,39.190509999999996,39.16483995238096
2026-09-02 12:16:00,,39.09823576923077,39.045531153846156,39.190509999999996,39.16060466346154
2026-09-02 12:17:00,39.223115,39.09118076923077,39.06119096153846,39.19274933962264,39.163322211538464
2026-09-02 12:18:00,39.35811,39.08353653846154,39.08630057692308,39.19788839622642,39.16539326923077
2026-09-02 12:19:00,39.045315,39.03523615384616,39.084782592592596,39.19219603773585,39.16230360576923
2026-09-02 12:20:00,,39.02528791666666,39.09840846153847,39.18082769230769,39.16230360576923
2026-09-02 12:21:00,39.32605,39.05627666666667,39.09303653846154,39.176592115384615,39.16395524038462
2026-09-02 12:22:00,39.16356,39.086935000000004,39.10013115384616,39.167541923076925,39.161105240384614
2026-09-02 12:23:00,39.40641,39.16744083333333,39.11108846153846,39.17369365384615,39.16081245192308
2026-09-02 12:24:00,39.41968,39.1935075,39.14628769230769,39.16932192307692,39.164486105769235
2026-09-02 12:25:00,38.74303,39.158855384615386,39.15109538461539,39.161445384615384,39.17194216346154
2026-09-02 12:26:00,38.85667,39.14783307692308,39.14538615384616,39.1659275,39.168939571428574
2026-09-02 12:27:00,38.4359,39.09177846153846,39.107663461538465,39.14934730769231,39.15808785714286
2026-09-02 12:28:00,39.21872,39.12349692307692,39.11177666666667,39.14670634615384,39.159422428571425
2026-09-02 12:29:00,39.39131,39.12121846153846,39.14063074074074,39.15132150943396,39.15672357142857
2026-09-02 12:30:00,38.92737,39.11655692307692,39.110658703703706,39.15278509433962,39.154559858490565
2026-09-02 12:31:00,39.24972,39.12606857142857,39.112667592592594,39.15458018518519,39.15115608490566
2026-09-02 12:32:00,39.36444,39.136163214285716,39.114505,39.15250407407407,39.14090891509434
2026-09-02 12:33:00,39.10538,39.11811107142857,39.10146407407407,39.14555861111111,39.13021061320755
2026-09-02 12:34:00,38.65833,39.090469285714285,39.063875555555555,39.136699909090915,39.12664339622642
2026-09-02 12:35:00,38.23284,39.033294,39.02973574074075,39.11523118181818,39.11849009433962
2026-09-02 12:36:00,38.92155,39.00632733333334,39.02852703703704,39.100252090909095,39.1185529245283
2026-09-02 12:37:00,38.71667,38.976534666666666,39.02560148148148,39.077504363636365,39.116358490566036
2026-09-02 12:38:00,,38.94582928571428,39.048111538461534,39.06126407407408,39.120709999999995
2026-09-02 12:39:00,39.36579,38.94198,39.05806961538462,39.06729018518518,39.1266959047619
2026-09-02 12:40:00,39.31805,38.98305285714286,39.06769851851852,39.06391074074074,39.126956190476186
2026-09-02 12:41:00,39.52007,39.030438571428576,39.086961851851854,39.05742555555556,39.12814485714286
2026-09-02 12:42:00,39.124075000000005,39.079593928571434,39.08546055555556,39.05317092592592,39.13180271428571
2026-09-02 12:43:00,38.60771,39.03595035714285,39.07810240740741,39.051216296296296,39.13468042857143
2026-09-02 12:44:00,39.63921,39.0536575,39.08618685185185,39.06598092592593,39.14264852380953
2026-09-02 12:45:00,39.60325,39.101934642857145,39.108975,39.078493055555555,39.14683528571428
2026-09-02 12:46:00,38.977419999999995,39.08248464285714,39.10427660714286,39.07599175925925,39.14485090476191
2026-09-02 12:47:00,,39.060795769230765,39.099875185185184,39.08089801886792,39.15112264423077
2026-09-02 12:48:00,39.08404,39.05915423076923,39.08972444444444,39.088044811320756,39.15190072115385
2026-09-02 12:49:00,39.8576,39.15140576923076,39.11980907407407,39.102295833333336,39.15862166666667
2026-09-02 12:50:00,39.27221,39.231357307692306,39.12525196428572,39.11232731481482,39.16128942857142
2026-09-02 12:51:00,39.65016,39.28740423076923,39.13682732142856,39.11574287037037,39.170418857142856
2026-09-02 12:52:00,39.89734,39.378225,39.16303375,39.132747314814814,39.174166
2026-09-02 12:53:00,,39.378225,39.15401981481481,39.13295915094339,39.170583942307694
2026-09-02 12:54:00,39.481305,39.387110769230766,39.15630222222222,39.151389433962265,39.18058932692308
2026-09-02 12:55:00,,39.39286583333333,39.17219730769231,39.161646346153844,39.18058932692308
2026-09-02 12:56:00,38.658265,39.321048749999996,39.16456634615384,39.15497625,39.17856533653846
2026-09-02 12:57:00,38.948499999999996,39.3064175,39.18428173076923,39.14597259615385,39.17740639423077
2026-09-02 12:58:00,39.24527,39.3595475,39.18530288461539,39.14784613207547,39.17805271428571
2026-09-02 12:59:00,40.088955,39.397026249999996,39.21213538461538,39.17570849056604,39.189945238095234
2026-09-02 13:00:00,39.19949,39.363379583333334,39.22260153846153,39.165574056603774,39.18410180952381
2026-09-02 13:01:00,39.38829,39.39761875,39.22793115384616,39.16921198113207,39.186028113207556
2026-09-02 13:02:00,,39.39761875,39.2224708,39.166411634615386,39.188394238095235
2026-09-02 13:03:00,,39.426125909090906,39.227349583333336,39.16070431372549,39.19658572115385
2026-09-02 13:04:00,,39.3829785,39.252089565217396,39.150453999999996,39.19506131067962
2026-09-02 13:05:00,38.733825,39.32914,39.27387152173913,39.142038199999995,39.18650169902913
2026-09-02 13:06:00,38.464,39.21052400000001,39.25397804347826,39.1322345,39.179416067961164
2026-09-02 13:07:00,,39.134211111111114,39.278401136363634,39.13910336734694,39.18229299019608
2026-09-02 13:08:00,38.90799,39.111588999999995,39.26229630434782,39.14864724489796,39.17441926470588
2026-09-02 13:09:00,38.45036,39.0084945,39.222495,39.13524887755102,39.16185191176471
2026-09-02 13:10:00,,39.0084945,39.21815159090909,39.13524887755102,39.162381039603964
2026-09-02 13:11:00,38.92017,39.034684999999996,39.19088340909091,39.13362051020408,39.16089262376238
2026-09-02 13:12:00,38.48763,38.988598,39.161954090909084,39.11980459183673,39.152578366336634
2026-09-02 13:13:00,,38.96007888888889,39.18834666666666,39.12633427083333,39.15412165
2026-09-02 13:14:00,38.74904,38.81119944444444,39.14595761904762,39.1123365625,39.15011094059406
2026-09-02 13:15:00,38.09278,38.68823166666667,39.07403047619048,39.09368677083333,39.144495
2026-09-02 13:16:00,,38.600724375,39.078861,39.09368677083333,39.144495
2026-09-02 13:17:00,39.05922,38.65166833333333,39.07792571428571,39.090272291666665,39.14404737623762
2026-09-02 13:18:00,,38.65166833333333,39.07762,39.08457361702128,39.14463045
2026-09-02 13:19:00,39.317155,38.718216999999996,39.050597749999994,39.09035744680851,39.144331900000005
2026-09-02 13:20:00,38.92134,38.7369685,39.03305425,39.08683625,39.135711799999996
2026-09-02 13:21:00,39.48717,38.8392855,39.02490475,39.090192916666666,39.1351205
2026-09-02 13:22:00,39.376509999999996,38.88812409090909,38.99886325,39.094629375000004,39.132543899999995
2026-09-02 13:23:00,39.00161,38.896634999999996,38.99899404761905,39.08619604166667,39.1316948
2026-09-02 13:24:00,38.653,38.91505681818182,38.95955095238095,39.07022354166667,39.1217547
2026-09-02 13:25:00,39.532395,38.966501666666666,38.985589318181816,39.086668645833335,39.12555255
2026-09-02 13:26:00,39.224995,38.99190375,39.01134977272728,39.09434208333334,39.1315665
2026-09-02 13:27:00,,39.037746818181816,39.01434261904762,39.1083514893617,39.129884646464646
2026-09-02 13:28:00,38.41531,38.98587708333333,38.97482071428571,39.09125765957447,39.120382222222226
2026-09-02 13:29:00,39.58733,39.05573458333333,38.95093380952381,39.09542829787234,39.1250517
2026-09-02 13:30:00,39.35411,39.16084541666667,38.95829666666667,39.10450787234042,39.1300948
2026-09-02 13:31:00,39.00655,39.14897653846154,38.94011857142858,39.09933404255319,39.12887158415842
2026-09-02 13:32:00,39.58011,39.189045,38.9692090909091,39.10392276595745,39.129896930693064
2026-09-02 13:33:00,39.197585000000004,39.189655,38.97913847826087,39.105884574468085,39.12709643564356
2026-09-02 13:34:00,39.19294,39.18078250000001,38.988046875,39.11725925531915,39.12774196078431
2026-09-02 13:35:00,,39.20073961538462,38.999100000000006,39.13648576086956,39.124911485148516
2026-09-02 13:36:00,39.035039999999995,39.16596038461538,39.023927826086954,39.13895293478261,39.11787821782178
2026-09-02 13:37:00,38.63097,39.10861115384615,39.00755458333333,39.13708989130435,39.10464232673267
2026-09-02 13:38:00,39.21651,39.125141923076924,39.02040958333333,39.138779680851066,39.097335693069304
2026-09-02 13:39:00,38.92858,39.146340384615385,39.040335416666665,39.12947734042553,39.09622876237624
2026-09-02 13:40:00,39.25804,39.12523615384615,39.0490436,39.12820053191489,39.09382777227722
2026-09-02 13:41:00,39.12317,39.117403461538466,39.057163599999996,39.11975585106383,39.08643074257426
2026-09-02 13:42:00,39.8584,39.17033178571428,39.1119944,39.135379787234044,39.091426534653465
2026-09-02 13:43:00,39.51472,39.24886107142857,39.12748384615385,39.15467787234043,39.099361782178214
2026-09-02 13:44:00,38.52681,39.17310964285714,39.11893653846154,39.13100978723404,39.09624188118812
2026-09-02 13:45:00,38.611255,39.120048571428576,39.13887788461538,39.1099035106383,39.0931098019802
2026-09-02 13:46:00,38.39606,39.07644214285715,39.11136611111111,39.09753414893617,39.086016435643565
2026-09-02 13:47:00,39.01561,39.03612071428572,39.10975092592593,39.09582739583333,39.087993168316835
2026-09-02 13:48:00,,39.02370038461539,39.10975092592593,39.09607819148936,39.0918205
2026-09-02 13:49:00,39.29509,39.031558076923076,39.108933703703705,39.08410989361702,39.09383306930693
2026-09-02 13:50:00,39.29616,39.05045821428571,39.12281592592593,39.0846194680851,39.09943356435644
2026-09-02 13:51:00,,39.051644230769234,39.10880230769231,39.07232510869565,39.095770699999996
2026-09-02 13:52:00,39.40147,39.11091346153846,39.10976230769231,39.06154532608696,39.0999944
2026-09-02 13:53:00,38.70613,39.07165346153846,39.09839769230769,39.05398329787234,39.0958405
2026-09-02 13:54:00,38.7184,39.05548576923077,39.10091307692308,39.03775127659574,39.097979499999994
2026-09-02 13:55:00,,39.03860625,39.0836538,39.03775127659574,39.10282747474748
2026-09-02 13:56:00,38.54838,38.990707083333334,39.0565892,39.03541329787234,39.098214040404045
2026-09-02 13:57:00,39.572645,38.96689416666667,39.0764375,39.0486929787234,39.099789343434345
2026-09-02 13:58:00,39.58374,38.97264583333334,39.12137711538462,39.05589446808511,39.10462885
2026-09-02 13:59:00,,39.01317636363637,39.102739,39.03343663043478,39.109602373737374
2026-09-02 14:00:00,39.000035,39.04852,39.088576,39.02910065217391,39.10216217171717
2026-09-02 14:01:00,38.58926,39.066083636363636,39.0718844,39.01173043478261,39.09603873737374
2026-09-02 14:02:00,38.11018,38.98377181818182,39.0130872,38.992548510638294,39.083870555555556
2026-09-02 14:03:00,38.957980000000006,38.9816225,39.003503,38.99182833333334,39.07882505050505
2026-09-02 14:04:00,,38.95312545454545,38.995609791666666,38.99182833333334,39.072759795918365
2026-09-02 14:05:00,39.46241,38.968239090909094,39.0142818,39.0070071875,39.07590056122449
2026-09-02 14:06:00,39.189615,38.98668708333334,39.0204648,39.022124166666664,39.078302908163266
2026-09-02 14:07:00,38.79822,38.93641625,39.027154800000005,39.01755469387756,39.07832903061224
2026-09-02 14:08:00,38.76647,38.941444583333336,39.0091532,39.014666530612246,39.0816568877551
2026-09-02 14:09:00,38.80137,38.948358750000004,39.0040648,39.021829999999994,39.07853943877551
2026-09-02 14:10:00,39.27545,38.97351961538462,39.004761200000004,39.0269024,39.080528434343435
2026-09-02 14:11:00,38.73275,38.987701923076926,38.9891444,39.023154,39.077829343434345
2026-09-02 14:12:00,39.152115,38.955353461538465,38.960893,39.0364437,39.07770313131313
2026-09-02 14:13:00,39.77245,38.96986961538461,38.9712022,39.05087519607843,39.087461414141416
2026-09-02 14:14:00,39.028765,38.97407642857143,38.9912804,39.05636,39.083500151515146
2026-09-02 14:15:00,39.3506,38.99911678571429,39.0208542,39.0810231372549,39.08716308080808
2026-09-02 14:16:00,,39.030644230769234,39.04688729166667,39.0810231372549,39.08716308080808
2026-09-02 14:17:00,38.65662,39.072678076923076,39.031929375,39.07312901960784,39.08144090909091
2026-09-02 14:18:00,,39.08223625,39.031929375,39.07312901960784,39.07861775510204
2026-09-02 14:19:00,39.05007,39.07976192307693,39.021720208333335,39.06789205882353,39.07866627551021
2026-09-02 14:20:00,38.6856,39.0200073076923,38.99628020833333,39.06326970588235,39.074695909090906
2026-09-02 14:21:00,38.49876,38.966864615384615,38.9763794,39.04388911764706,39.066339444444445
2026-09-02 14:22:00,38.621155,38.95324423076923,38.9451668,39.029078235294115,39.06086060606061
2026-09-02 14:23:00,39.04832,38.974925,38.9588544,39.02999411764706,39.057243535353535
2026-09-02 14:24:00,38.39979,38.944034230769226,38.946110000000004,39.025029215686274,39.04694161616161
2026-09-02 14:25:00,38.62632,38.89410115384615,38.933810384615384,39.00726303921569,39.04576272727273
2026-09-02 14:26:00,39.13544,38.925077307692305,38.956389615384616,39.005507058823525,39.048578585858586
2026-09-02 14:27:00,,38.9061575,38.9317394,39.005507058823525,39.05483040816326
2026-09-02 14:28:00,38.970349999999996,38.83931583333334,38.9072038,39.01639019607843,39.052296020408164
2026-09-02 14:29:00,38.44304,38.79050541666667,38.889351346153845,38.993953137254906,39.04261979591837
2026-09-02 14:30:00,,38.73958772727273,38.884924,38.98675,39.04380793814433
2026-09-02 14:31:00,38.4273,38.71356375,38.8784456,38.975165,39.0353293814433
2026-09-02 14:32:00,38.25783,38.68033125,38.8843516,38.9487194,39.02392103092783
2026-09-02 14:33:00,38.91517,38.69839576923077,38.8826392,38.9430711,39.02196010309278
2026-09-02 14:34:00,38.35663,38.64505423076923,38.862408076923074,38.926344900000004,39.01884979381443
2026-09-02 14:35:00,38.394,38.62262346153846,38.82131538461538,38.91590676470588,39.0205112371134
2026-09-02 14:36:00,38.61612,38.63165115384616,38.799257884615386,38.90769264705882,39.0173624742268
2026-09-02 14:37:00,38.206205,38.599731923076924,38.77648807692307,38.89936392156863,39.01209994845361
2026-09-02 14:38:00,38.78883,38.57977115384615,38.777348076923076,38.89097803921568,39.00982168367347
2026-09-02 14:39:00,,38.59476958333334,38.7763872,38.890226,39.0061519072165
2026-09-02 14:40:00,38.20394,38.55957125,38.7335268,38.869144,38.9946662371134
2026-09-02 14:41:00,38.61575,38.51626375,38.7288468,38.8589956,38.985343350515464
2026-09-02 14:42:00,38.7751,38.53617423076923,38.7137662,38.837329600000004,38.98174567010309
2026-09-02 14:43:00,39.290405,38.56079384615385,38.6944844,38.8328433,38.9887837628866
2026-09-02 14:44:00,39.51478,38.64323538461538,38.713924999999996,38.852602700000006,38.987500979381444
2026-09-02 14:45:00,39.51686,38.70563714285714,38.7205754,38.8707148,38.98661036082475
2026-09-02 14:46:00,40.18122,38.83091714285714,38.77675403846154,38.906418,38.99902067010309
2026-09-02 14:47:00,39.5819,38.92549357142857,38.81234173076923,38.9177438,39.00496841836735
2026-09-02 14:48:00,,38.926287692307696,38.81234173076923,38.9177438,39.00415324742268
2026-09-02 14:49:00,39.27771,38.99714,38.82109711538462,38.917396200000006,38.998175
2026-09-02 14:50:00,39.41067,39.07534538461538,38.84898442307693,38.9196864,38.99960242268041
2026-09-02 14:51:00,38.71217,39.08273384615384,38.857192500000004,38.91561745098039,38.98993242268042
2026-09-02 14:52:00,38.99355,39.14329884615385,38.871515384615385,38.90761901960784,38.98061500000001
2026-09-02 14:53:00,,39.172837916666666,38.864443200000004,38.911648799999995,38.98061500000001
2026-09-02 14:54:00,38.50941,39.121805,38.868828,38.907469,38.970595463917526
2026-09-02 14:55:00,38.94356,39.17869884615384,38.8815176,38.90817666666667,38.970319591836734
2026-09-02 14:56:00,39.76123,39.266812692307695,38.9065492,38.93195803921569,38.981574336734695
2026-09-02 14:57:00,39.52311,39.324351923076925,38.930263076923076,38.930986764705885,38.987437704081636
2026-09-02 14:58:00,39.13453,39.31236153846154,38.936577692307694,38.9221787254902,38.98630770408163
2026-09-02 14:59:00,,39.29549333333333,38.956319199999996,38.9221787254902,38.974940206185565
2026-09-02 15:00:00,38.81543,39.23704083333333,38.95090038461538,38.91855901960785,38.97098082474227
2026-09-02 15:01:00,,39.15120636363636,38.9718444,38.925145,38.966633854166666
2026-09-02 15:02:00,38.59193,39.06120909090909,38.985208400000005,38.93478,38.96277092783505
2026-09-02 15:03:00,38.28268,38.99633166666667,38.9599088,38.921274,38.9558312244898
2026-09-02 15:04:00,39.0549,38.97776416666667,38.9878396,38.92389411764706,38.95683191919192
2026-09-02 15:05:00,39.1345,38.95475,39.0174596,38.91746450980392,38.96087914141414
2026-09-02 15:06:00,38.94768,38.97437583333333,39.030722,38.91272068627451,38.965764797979794
2026-09-02 15:07:00,39.32849,39.0022875,39.0756134,38.9231181372549,38.969392049999996
2026-09-02 15:08:00,39.48808,39.03965615384615,39.103583400000005,38.93726735294118,38.97519295
2026-09-02 15:09:00,39.354,39.104624615384616,39.11321480769231,38.94810323529412,38.98422935
2026-09-02 15:10:00,39.5505,39.15131230769231,39.16500557692307,38.95349637254902,38.98983599009901
2026-09-02 15:11:00,38.99506,39.09237615384615,39.17959442307692,38.958639705882355,38.99057747524753
2026-09-02 15:12:00,39.30962,39.075953846153844,39.200152884615385,38.961728039215686,38.99871599009901
2026-09-02 15:13:00,39.38515,39.09523230769231,39.20379692307692,38.954133921568626,39.00250455882353
2026-09-02 15:14:00,38.87753,39.079682142857145,39.179287307692306,38.95116852941177,39.00376426470588
2026-09-02 15:15:00,39.55523,39.132525,39.18076307692308,38.95518088235294,39.01810200980392
2026-09-02 15:16:00,39.54019,39.15970266666667,39.156108076923076,38.96643105769231,39.023170825242715
2026-09-02 15:17:00,39.39708,39.213379333333336,39.14899961538462,38.98067067307692,39.02645101941748
2026-09-02 15:18:00,38.81892,39.24912866666667,39.13677444444444,38.97761877358491,39.024455528846154
2026-09-02 15:19:00,38.821275,39.233553666666666,39.11986944444445,38.973301886792456,39.019687451923076
2026-09-02 15:20:00,,39.240628928571425,39.10868480769231,38.97883461538461,39.0206422815534
2026-09-02 15:21:00,38.76383,39.22749678571429,39.11067173076923,38.98393211538462,39.01361956310679
2026-09-02 15:22:00,38.712320000000005,39.18348464285714,39.09985519230769,38.98568528846154,39.00717111650486
2026-09-02 15:23:00,,39.16005423076923,39.09985519230769,38.984457156862746,39.007225637254905
2026-09-02 15:24:00,38.705785,39.11019153846154,39.10740807692308,38.99045705882353,39.0077431372549
2026-09-02 15:25:00,38.74921,39.04855384615385,39.09993307692308,38.992866666666664,39.00006485294118
2026-09-02 15:26:00,,39.05301166666667,39.0734812,38.9900152,38.99783782178218
2026-09-02 15:27:00,38.94138,39.022325,39.050212,38.989061568627456,38.99728431372549
2026-09-02 15:28:00,38.4866,38.94744583333333,39.0242948,38.9795762745098,38.99798323529412
2026-09-02 15:29:00,38.90747,38.949940833333336,39.01980153846154,38.98868274509804,38.99131794117647
2026-09-02 15:30:00,39.13055,38.91455083333333,39.03192153846154,38.99141096153846,38.98912617647059
2026-09-02 15:31:00,38.80247,38.853074166666666,39.02342333333334,38.99862576923077,38.98712539215686
2026-09-02 15:32:00,39.118015,38.82981875,39.042907962962964,39.01516778846154,38.98259504901961
2026-09-02 15:33:00,39.25419,38.866091250000004,39.07888981481482,39.02168740384616,38.98315
2026-09-02 15:34:00,39.58856,38.93003166666667,39.098655,39.045378365384614,38.98702862745098
2026-09-02 15:35:00,39.11288,38.94409692307693,39.09785425925926,39.05920298076923,38.98825048543689
2026-09-02 15:36:00,39.262235,38.982435769230776,39.10950444444444,39.07162826923077,38.99045626213592
2026-09-02 15:37:00,38.87813,38.995190384615384,39.09282444444444,39.08454990384615,38.992855873786404
2026-09-02 15:38:00,39.2345,39.01228392857143,39.083432592592594,39.09312048076923,38.99303053398059
2026-09-02 15:39:00,38.81923,39.020387142857146,39.0636262962963,39.087952735849065,38.99196888349515
2026-09-02 15:40:00,39.02645,39.04019,39.04421703703704,39.10347179245283,38.98972043689321
2026-09-02 15:41:00,39.671049999999994,39.082247333333335,39.06925370370371,39.12338311320755,38.99503966019417
2026-09-02 15:42:00,38.77286,39.07101266666667,39.0493737037037,39.1233408490566,38.9845004368932
2026-09-02 15:43:00,38.91871,39.09982,39.032098148148144,39.11632773584906,38.978713932038836
2026-09-02 15:44:00,,39.11355928571429,39.038043076923074,39.1086651923077,38.9831443627451
2026-09-02 15:45:00,39.5113,39.14075571428571,39.03635346153846,39.10855826923077,38.99196833333333
2026-09-02 15:46:00,39.09949,39.16197142857143,39.01940346153846,39.08775576923077,38.998864705882355
2026-09-02 15:47:00,39.41434,39.1831375,39.02006730769231,39.08453346153846,39.00277382352942
2026-09-02 15:48:00,,39.17767192307693,39.0281132,39.08453346153846,39.00277382352942
2026-09-02 15:49:00,39.13533,39.142808076923075,39.0406754,39.08179538461538,39.00120754901961
2026-09-02 15:50:00,39.76842,39.19323423076923,39.068665576923074,39.08867519230769,39.00583754901961
2026-09-02 15:51:00,,39.187484166666664,39.080859000000004,39.09605764705882,39.00583754901961
2026-09-02 15:52:00,39.76282,39.261208333333336,39.122879,39.11114137254902,39.00938019607843
2026-09-02 15:53:00,39.109055,39.25075458333333,39.12234730769231,39.11110125,39.01333044117647
2026-09-02 15:54:00,39.1569,39.27889375,39.13969788461538,39.12355298076923,39.01762946078431
2026-09-02 15:55:00,39.31622,39.30304125,39.16150596153846,39.130719519230766,39.020528398058254
2026-09-02 15:56:00,38.46331,39.20239625,39.135646851851845,39.105759519230766,39.01970247572816
2026-09-02 15:57:00,38.371805,39.168974999999996,39.11455148148148,39.08361903846154,39.00804383495145
2026-09-02 15:58:00,38.41119,39.12668166666666,39.11175851851852,39.06970865384615,38.996659854368936
2026-09-02 15:59:00,,39.12668166666666,39.11961576923077,39.06970865384615,38.996659854368936
2026-09-02 16:00:00,39.0207,39.08579833333334,39.115390769230764,39.07365615384615,38.9968604854369
2026-09-02 16:01:00,39.04711,39.08143333333333,39.1248,39.07315528301887,39.001305631067964
2026-09-02 16:02:00,38.77456,39.02811833333333,39.111590192307695,39.076601132075474,39.0077559223301
2026-09-02 16:03:00,38.46291,38.98464076923077,39.08115634615385,39.080001698113215,39.00294941747573
2026-09-02 16:04:00,38.80948,38.959575384615384,39.051191730769226,39.075371132075475,39.001089134615384
2026-09-02 16:05:00,38.869119999999995,38.89039846153846,39.041816346153844,39.07036396226415,38.99538442307692
2026-09-02 16:06:00,38.77716,38.882310000000004,39.023159615384614,39.06714660377359,38.991418509615386
2026-09-02 16:07:00,39.17194,38.84010428571428,39.034459999999996,39.06419283018868,38.99501197115385
2026-09-02 16:08:00,39.67292,38.88038035714286,39.05132230769231,39.067680377358485,39.00372783653847
2026-09-02 16:09:00,39.31164,38.89143321428571,39.070261153846154,39.06688113207547,39.00863427884615
2026-09-02 16:10:00,38.6719,38.84541035714285,39.05662461538462,39.0503037735849,39.00283091346154
2026-09-02 16:11:00,38.13872,38.82222535714286,38.99768884615385,39.03414641509434,38.99711908653846
2026-09-02 16:12:00,38.011505,38.79648964285714,38.96840596153846,39.00965367924528,38.98615168269231
2026-09-02 16:13:00,38.76954,38.82208607142858,38.96266865384616,38.99803839622642,38.97650831730769
2026-09-02 16:14:00,39.32118,38.855359,38.97594685185185,39.0064091509434,38.97932
2026-09-02 16:15:00,39.26303,38.87151433333334,38.966751666666674,39.00089594339623,38.97847798076923
2026-09-02 16:16:00,,38.85897178571429,38.96164634615385,38.99052490384615,38.97847798076923
2026-09-02 16:17:00,38.40438,38.83253035714286,38.92280173076923,38.97143451923077,38.97605259615385
2026-09-02 16:18:00,38.85004,38.8601825,38.920106851851855,38.97203298076923,38.97485247619048
2026-09-02 16:19:00,38.90382,38.86692107142857,38.91153240740741,38.97362038461539,38.97345961904762
2026-09-02 16:20:00,39.21507,38.89163178571429,38.89103796296296,38.97817603773585,38.97850219047619
2026-09-02 16:21:00,38.9777,38.90595607142857,38.89413303571428,38.982211320754715,38.98306352380952
2026-09-02 16:22:00,39.62321,38.93818964285714,38.889146964285715,38.999397924528296,38.99260690476191
2026-09-02 16:23:00,39.54096,38.92876392857143,38.90457214285714,39.009426851851856,38.99729871428571
2026-09-02 16:24:00,38.75244,38.88882107142857,38.89012714285714,39.01029083333333,39.00065728571428
2026-09-02 16:25:00,39.591155,38.954482142857145,38.899946250000006,39.02588240740741,39.00984619047619
2026-09-02 16:26:00,38.61482,38.98848928571429,38.905357321428575,39.01840854545455,39.00488790476191
2026-09-02 16:27:00,37.767415,38.97105428571429,38.883771964285714,38.997063727272725,38.99321363207547
2026-09-02 16:28:00,38.55334,38.95561142857143,38.88884875,38.99827718181818,38.9892795754717
2026-09-02 16:29:00,39.03621,38.93525642857143,38.89393017241379,39.00061790909091,38.99487551886792
2026-09-02 16:30:00,39.562145,38.95662178571428,38.91260068965517,39.00846509090909,39.00017710280373
2026-09-02 16:31:00,38.97348,38.95774566666667,38.910061724137925,39.01157436363636,39.005281588785046
2026-09-02 16:32:00,39.10149,39.004219666666664,38.92133517241379,39.01127390909091,39.013166261682244
2026-09-02 16:33:00,39.87918,39.072829,38.97017206896552,39.02263736363636,39.02217570093458
2026-09-02 16:34:00,39.366135,39.10365,38.98936706896552,39.01859327272728,39.031610327102804
2026-09-02 16:35:00,38.84404,39.07891466666667,38.98850224137931,39.01370527272728,39.03581630841122
2026-09-02 16:36:00,39.0168,39.081521333333335,38.99676568965517,39.00924281818182,39.039560981308405
2026-09-02 16:37:00,39.09581,39.04636133333334,38.99414051724138,39.01320063636363,39.04787504672897
2026-09-02 16:38:00,39.34563,39.03333933333333,38.98285465517241,39.01522118181818,39.05307878504673
2026-09-02 16:39:00,39.26173,39.067292,38.981133620689654,39.02326663636363,39.055010740740734
2026-09-02 16:40:00,39.54198,39.06401366666667,39.01113637931035,39.03263990909091,39.067400000000006
2026-09-02 16:41:00,,39.09609892857143,39.042294107142865,39.02081750000001,39.071621028037384
2026-09-02 16:42:00,38.97418,39.182296428571426,39.076675357142854,39.02454564814815,39.07348158878504
2026-09-02 16:43:00,39.42657,39.24467,39.10014071428571,39.03395046296296,39.074754158878505
2026-09-02 16:44:00,39.11109,39.250018571428576,39.0926375,39.035353,39.07098135514018
2026-09-02 16:45:00,38.68743,39.18753892857143,39.07208035714285,39.02037354545454,39.063229672897194
2026-09-02 16:46:00,38.25218,39.136017499999994,39.04380793103448,39.0049679090909,39.045201261682244
2026-09-02 16:47:00,38.79696,39.114265357142855,39.05734517241379,38.993742818181815,39.03786537383178
2026-09-02 16:48:00,38.34896,39.00496392857143,39.04006655172414,38.98222883928572,39.03148662037037
2026-09-02 16:49:00,38.54336,38.946194285714284,39.02763689655172,38.97165794642857,39.024687083333326
2026-09-02 16:50:00,38.38211,38.91319928571429,38.99891413793103,38.94690241071429,39.01516337962963
2026-09-02 16:51:00,38.2678,38.859699285714285,38.97443482758621,38.93498833333334,39.01104884259259
2026-09-02 16:52:00,38.78697,38.83763928571428,38.94559896551724,38.91786815789474,39.00913606481481
2026-09-02 16:53:00,38.28605,38.761955,38.902326206896554,38.90342947368421,39.002502247706424
2026-09-02 16:54:00,39.04767,38.746665,38.91250655172414,38.90151315789474,39.00744041284404
2026-09-02 16:55:00,39.30979,38.73008,38.90280431034483,38.901400350877196,39.010800321100916
2026-09-02 16:56:00,39.41282,38.775596,38.93032155172414,38.918058421052635,39.007603899082575
2026-09-02 16:57:00,38.85504,38.76765333333333,38.96782586206896,38.92653622807017,39.00147481651376
2026-09-02 16:58:00,38.537675,38.708393666666666,38.96728568965517,38.928755263157896,38.99599908256881
2026-09-02 16:59:00,38.73932,38.683609000000004,38.95704810344827,38.92548913793104,38.99366563636364
2026-09-02 17:00:00,38.67121,38.68252766666667,38.926326206896555,38.91946344827586,38.99235454545455
2026-09-02 17:01:00,,38.71326678571428,38.924642142857145,38.91722403508772,38.99235454545455
2026-09-02 17:02:00,,38.70682884615384,38.91809222222223,38.919771607142856,38.996028165137616
2026-09-02 17:03:00,39.165769999999995,38.769660384615385,38.89166962962963,38.93232267857143,39.00412990825688
2026-09-02 17:04:00,39.90839,38.874662692307695,38.911753148148144,38.95194607142857,39.01196009174313
2026-09-02 17:05:00,39.81013,38.98451038461539,38.947534259259264,38.96874982142857,39.01815853211009
2026-09-02 17:06:00,39.45316,39.075691923076924,38.96369574074074,38.980821250000005,39.022795963302755
2026-09-02 17:07:00,38.05843,39.01965038461538,38.92527425925926,38.96093714285714,39.01114403669725
2026-09-02 17:08:00,,39.08078375,38.90910673076923,38.947992,39.00672796296297
2026-09-02 17:09:00,38.03048,38.996017916666666,38.86175096153846,38.92469818181819,38.994473148148145
2026-09-02 17:10:00,,38.967493181818185,38.834541800000004,38.92937962962963,38.98927663551401
2026-09-02 17:11:00,39.29364,38.956658636363635,38.852199423076925,38.95076703703703,38.99206710280374
2026-09-02 17:12:00,39.345765,39.00127,38.86649115384615,38.975475555555555,38.992404906542056
2026-09-02 17:13:00,38.62872,39.00954681818182,38.83580461538462,38.97286777777777,38.98533546728972
2026-09-02 17:14:00,,39.0365695,38.8247932,38.9662958490566,38.986352499999995
2026-09-02 17:15:00,38.701715,39.03962,38.8253646,38.955705,38.97830047169811
2026-09-02 17:16:00,38.75544,39.013785454545456,38.845495,38.95199638888889,38.97089716981132
2026-09-02 17:17:00,,39.013785454545456,38.84751729166667,38.9623287735849,38.96683828571429
2026-09-02 17:18:00,,38.998587,38.86919369565218,38.96448817307692,38.96826057692308
2026-09-02 17:19:00,38.91589,38.899336999999996,38.88539065217392,38.96472028846154,38.96917033653846
2026-09-02 17:20:00,38.45742,38.764066,38.888665,38.95015009615385,38.96429652380952
2026-09-02 17:21:00,38.6931,38.68806,38.90715630434782,38.94467701923077,38.963622904761905
2026-09-02 17:22:00,38.45218,38.727435,38.8926002173913,38.92215721153846,38.96114538095238
2026-09-02 17:23:00,38.17894,38.677571818181825,38.88794326086956,38.895964519230766,38.95376608490566
2026-09-02 17:24:00,38.468,38.71734636363636,38.862740217391305,38.89049451923077,38.95152283018868
2026-09-02 17:25:00,38.80364,38.724537500000004,38.84073369565217,38.87535,38.95203632075472
2026-09-02 17:26:00,38.36572,38.64721083333333,38.79520760869565,38.870559615384614,38.94655672897196
2026-09-02 17:27:00,38.00706,38.53565208333333,38.75833891304348,38.87516817307692,38.937824766355135
2026-09-02 17:28:00,38.25785,38.504746250000004,38.74617260869565,38.86948567307692,38.93568691588785
2026-09-02 17:29:00,38.94417,38.53854807692308,38.75507913043478,38.86771567307692,38.93602990654206
2026-09-02 17:30:00,38.683445,38.53714269230769,38.75561108695652,38.850817596153846,38.93185135514019
2026-09-02 17:31:00,38.85221,38.54458653846154,38.75963604166667,38.84848548076923,38.932316214953275
2026-09-02 17:32:00,38.56566,38.54609178571429,38.751877,38.83818105769231,38.927154018691596
2026-09-02 17:33:00,38.68756,38.555523,38.7327486,38.81526528846154,38.92185841121495
2026-09-02 17:34:00,39.33496,38.58346100000001,38.7098114,38.81466576923077,38.919488317757015
2026-09-02 17:35:00,,38.592463928571426,38.663964791666665,38.81408980392157,38.917663867924524
2026-09-02 17:36:00,,38.58472269230769,38.62965195652174,38.8100356,38.914382238095236
2026-09-02 17:37:00,38.95294666666667,38.623243205128205,38.66854398550724,38.80717833333333,38.91509477777778
2026-09-02 17:38:00,38.09322,38.61664935897436,38.644572152777776,38.78213013333333,38.90422544444445
2026-09-02 17:39:00,38.37498,38.609493974358976,38.65892631944444,38.76439513333333,38.89999449206349
2026-09-02 17:40:00,38.44707,38.58206551282051,38.650452066666666,38.742496933333335,38.89447658730159
2026-09-02 17:41:00,39.53951,38.67235705128205,38.66028686666667,38.75812464052287,38.893223825396824
2026-09-02 17:42:00,,38.727798472222226,38.631725277777775,38.75380353333333,38.8943811698718
2026-09-02 17:43:00,39.128209999999996,38.800328472222226,38.65253736111111,38.74783633333333,38.896395592948714
2026-09-02 17:44:00,38.43499,38.75789680555555,38.64383546666667,38.73431433333334,38.89200125396825
2026-09-02 17:45:00,39.0511,38.788534722222224,38.657810866666665,38.74158773333333,38.8876183968254
2026-09-02 17:46:00,38.88214,38.79102888888889,38.66287886666667,38.75418693333333,38.8855483968254
2026-09-02 17:47:00,38.37401,38.775058055555554,38.651768525641025,38.745727933333335,38.87564049206349
2026-09-02 17:48:00,38.02434,38.719789722222224,38.62853043209876,38.739235533333336,38.867609355345905
2026-09-02 17:49:00,,38.66386515151515,38.61747814102564,38.74323299319728,38.865059634920634
2026-09-02 17:50:00,38.50688,38.65078305555556,38.61938044871795,38.74577931972789,38.85304496825397
2026-09-02 17:51:00,39.380295000000004,38.706899358974354,38.64581102564103,38.768483299319726,38.85801902515723
2026-09-02 17:52:00,,38.68639541666666,38.65355626666667,38.76809815972222,38.84940187301587
2026-09-02 17:53:00,,38.740320454545454,38.67333194444445,38.7783545035461,38.84690520833333
2026-09-02 17:54:00,38.498310000000004,38.751532272727275,38.67459486111111,38.766665992907804,38.840572612179486
2026-09-02 17:55:00,38.71814,38.776175,38.67103236111111,38.75407769503546,38.83482184294872
2026-09-02 17:56:00,38.82685,38.71138772727273,38.690246111111115,38.74161024822695,38.83831741987179
2026-09-02 17:57:00,38.299,38.677022083333334,38.70241027777778,38.729779609929075,38.83761737179487
2026-09-02 17:58:00,38.72791,38.643663749999995,38.72199611111111,38.733827163120566,38.840662756410254
2026-09-02 17:59:00,39.29378,38.71522958333333,38.73656319444444,38.74562418439716,38.84497815873016
2026-09-02 18:00:00,,38.68469590909091,38.73887268115942,38.74724188405797,38.84328852564102
2026-09-02 18:01:00,38.24363,38.62664954545455,38.71241268115942,38.736526737588655,38.835562756410255
2026-09-02 18:02:00,38.78514,38.664025,38.721955289855075,38.73753951388889,38.835664487179486
2026-09-02 18:03:00,39.48141,38.79648590909091,38.75647050724638,38.74411534722222,38.845457756410255
2026-09-02 18:04:00,,38.79648590909091,38.73017553030303,38.71934354609929,38.84580705501618
2026-09-02 18:05:00,39.01262,38.84246227272727,38.742455724637686,38.70237524822695,38.847200258899676
2026-09-02 18:06:00,39.309084999999996,38.83598863636364,38.76606527777778,38.699309822695035,38.85236457928803
2026-09-02 18:07:00,38.88385,38.83997708333333,38.76318625,38.71687195035461,38.84956758899676
2026-09-02 18:08:00,38.32481,38.800348846153845,38.77283583333333,38.70870399305556,38.836479142394815
2026-09-02 18:09:00,39.00435,38.839275,38.79905958333333,38.72899295138889,38.83349574433657
2026-09-02 18:10:00,,38.849369583333335,38.814363478260866,38.72899295138889,38.83508001633987
2026-09-02 18:11:00,38.4909,38.82137375,38.768771739130436,38.712269201388885,38.83853276143791
2026-09-02 18:12:00,38.846329999999995,38.866984583333334,38.77200333333334,38.70186430555555,38.84671732026143
2026-09-02 18:13:00,38.973,38.88740875,38.765536250000004,38.709036805555556,38.848712026143794
2026-09-02 18:14:00,,38.85046590909091,38.779907826086955,38.709036805555556,38.84403412541254
2026-09-02 18:15:00,38.853305,38.8507025,38.771308043478264,38.71219493055556,38.839977442244226
2026-09-02 18:16:00,38.60212,38.88057666666666,38.75913326086957,38.70900076388889,38.83764550653595
2026-09-02 18:17:00,38.21054,38.83269333333333,38.752025869565216,38.69882809523809,38.83574511437909
2026-09-02 18:18:00,38.10857,38.71829,38.755688043478266,38.68702293333333,38.82847580065359
2026-09-02 18:19:00,,38.71829,38.755688043478266,38.68235217687075,38.82772981848185
2026-09-02 18:20:00,39.06647,38.7227775,38.780018043478265,38.694781768707486,38.82625853135314
2026-09-02 18:21:00,38.766555,38.677566666666664,38.753333695652174,38.69628085034014,38.82416798679868
2026-09-02 18:22:00,38.80884,38.67131583333333,38.75564645833333,38.703559625850346,38.81610491749175
2026-09-02 18:23:00,38.84934,38.71502666666667,38.759394199999996,38.71724125850341,38.80925719471947
2026-09-02 18:24:00,38.59241,38.68069833333333,38.7631582,38.71978023809524,38.807672739273926
2026-09-02 18:25:00,38.86242,38.694676923076926,38.7689294,38.72097982993198,38.800457541254126
2026-09-02 18:26:00,,38.71165833333333,38.76651604166666,38.72838107638889,38.80231391666667
2026-09-02 18:27:00,38.85547,38.71242,38.789702291666664,38.74605628472222,38.813194466666666
2026-09-02 18:28:00,39.46202,38.75317166666667,38.82029020833333,38.77114315972222,38.822281266666664
2026-09-02 18:29:00,38.7542,38.75325076923077,38.79780770833333,38.76718545138889,38.81946116666667
2026-09-02 18:30:00,,38.74491291666667,38.79780770833333,38.768967163120564,38.81195930976431
2026-09-02 18:31:00,39.38228,38.80992625,38.84525145833333,38.780245248226954,38.816088602693604
2026-09-02 18:32:00,39.23863,38.89560041666666,38.864146875,38.794563758865245,38.81747385521886
2026-09-02 18:33:00,38.547195,38.9321525,38.825221250000006,38.79157726950355,38.80401946127946
2026-09-02 18:34:00,39.09497,38.944676923076926,38.8360112,38.78647109929078,38.80128042087542
2026-09-02 18:35:00,38.79655,38.923913846153845,38.8273684,38.78668107638889,38.80080072390572
2026-09-02 18:36:00,38.96839,38.939439615384615,38.8137406,38.79038942176871,38.80031173400673
2026-09-02 18:37:00,39.34274,38.980508846153846,38.8320962,38.7983443877551,38.802805976430975
2026-09-02 18:38:00,39.41511,39.02402961538461,38.8757082,38.82532173469388,38.8035077946128
2026-09-02 18:39:00,39.61349,39.10257423076923,38.9000738,38.85059744897959,38.807060925925924
2026-09-02 18:40:00,,39.122587083333336,38.9000738,38.85900427083333,38.79956175170068
2026-09-02 18:41:00,38.33121,39.06171192307692,38.893686200000005,38.83383135416667,38.79483092592593
2026-09-02 18:42:00,,39.07889875,38.895659375,38.83383135416667,38.79300083333333
2026-09-02 18:43:00,38.71069,39.01628791666667,38.884729791666665,38.82513302083333,38.78569593537415
2026-09-02 18:44:00,38.975875,39.03476083333333,38.888375599999996,38.836401458333334,38.78431619047619
2026-09-02 18:45:00,,39.03476083333333,38.889836875,38.83183340425532,38.78531501718213
2026-09-02 18:46:00,38.39719,38.952670000000005,38.881298125,38.821515319148936,38.78680996563574
2026-09-02 18:47:00,38.922495,38.926325416666664,38.91096291666667,38.83318521276596,38.788104140893466
2026-09-02 18:48:00,39.248975,38.98480708333334,38.95847979166667,38.85924127659574,38.797382646048106
2026-09-02 18:49:00,38.63992,38.94688625,38.9457374,38.854672083333334,38.79837810996563
2026-09-02 18:50:00,38.18699,38.896089583333335,38.9105582,38.848007708333334,38.79636656357388
2026-09-02 18:51:00,38.27936,38.838670416666666,38.8910704,38.8250715625,38.79648573883161
2026-09-02 18:52:00,38.831675000000004,38.79608166666667,38.891983800000006,38.82520632653061,38.79694661512028
2026-09-02 18:53:00,,38.73980636363637,38.893760625,38.82520632653061,38.802268454861114
2026-09-02 18:54:00,38.56327,38.64433181818182,38.892546458333335,38.826532040816325,38.79722262152778
2026-09-02 18:55:00,38.93378,38.6684525,38.895519791666665,38.830932857142855,38.793305850694445
2026-09-02 18:56:00,38.60364,38.691155,38.8838446,38.82637755102041,38.784876892361105
2026-09-02 18:57:00,38.5856,38.68303538461539,38.8730498,38.832226530612246,38.78207022569445
2026-09-02 18:58:00,,38.680730833333335,38.848509375,38.83439979166666,38.78464280701754
2026-09-02 18:59:00,38.59385,38.64889541666667,38.841828125,38.81981791666667,38.78311154385965
2026-09-02 19:00:00,38.43239,38.63224115384615,38.8254506,38.8119112244898,38.780597649122804
2026-09-02 19:01:00,38.89783,38.67075192307692,38.8060726,38.82526224489796,38.781818819444446
2026-09-02 19:02:00,,38.649773333333336,38.788049375,38.826098124999994,38.781818819444446
2026-09-02 19:03:00,38.65734,38.60047041666667,38.79263875,38.80893,38.77652267361111
2026-09-02 19:04:00,39.00329,38.63075125,38.78881875,38.81289653061225,38.76709454861111
2026-09-02 19:05:00,38.04762,38.619137083333335,38.75761333333333,38.79320265306123,38.74873506944444
2026-09-02 19:06:00,38.18699,38.61143958333333,38.725055,38.77030275510204,38.735545798611106
2026-09-02 19:07:00,38.60102333333333,38.59221861111111,38.694150138888894,38.764530782312924,38.7411978125
2026-09-02 19:08:00,38.959720000000004,38.620487948717944,38.675175555555555,38.7774881292517,38.74345061855671
2026-09-02 19:09:00,39.36286,38.68199487179487,38.66473263888889,38.784804659863944,38.75718649484536
2026-09-02 19:10:00,39.06725,38.69226179487179,38.68083333333333,38.79045356666667,38.76035040816326
2026-09-02 19:11:00,38.44517,38.68007179487179,38.68539173333333,38.78953896666667,38.751692551020405
2026-09-02 19:12:00,38.64708,38.68480102564103,38.68391820512821,38.78555396666667,38.7445631122449
2026-09-02 19:13:00,38.586295,38.67776488095238,38.67913378205128,38.77781986666667,38.74413020408163
2026-09-02 19:14:00,38.62304,38.67984988095238,38.66556320512821,38.774784967320265,38.74290707070707
2026-09-02 19:15:00,38.62435,38.693561309523815,38.66403679012346,38.77029565359477,38.74212560606061
2026-09-02 19:16:00,38.25279,38.647487023809525,38.65868864197531,38.763446045751635,38.737048333333334
2026-09-02 19:17:00,38.40804,38.631523888888886,38.63963475308642,38.76731859477124,38.73375825
2026-09-02 19:18:00,38.27,38.60570122222223,38.60337641975308,38.77048388888889,38.72916658415841
2026-09-02 19:19:00,38.69439,38.58510788888889,38.6053938271605,38.76902054487179,38.72697351485149
2026-09-02 19:20:00,39.169865,38.65992422222222,38.64179660493827,38.77100891025641,38.73402742574257
2026-09-02 19:21:00,38.56927,38.68540955555555,38.652534012345676,38.76721496794872,38.73280138613861
2026-09-02 19:22:00,38.73551,38.69437533333334,38.64897234567901,38.76580477564102,38.735606633663366
2026-09-02 19:23:00,38.18496,38.642724666666666,38.632400476190476,38.753028237179485,38.73566623762376
2026-09-02 19:24:00,38.50226,38.58535133333333,38.63022154761905,38.75129458333333,38.736005445544556
2026-09-02 19:25:00,38.4045,38.54116799999999,38.61131869047619,38.74248842948718,38.732053564356434
2026-09-02 19:26:00,38.59827,38.55137466666667,38.61112690476191,38.73976732704403,38.73435603960396
2026-09-02 19:27:00,38.49759,38.54140866666667,38.607983690476196,38.733014874213836,38.73921277227723
2026-09-02 19:28:00,38.58209,38.541128333333326,38.6070908045977,38.71641242138365,38.74242306930693
2026-09-02 19:29:00,38.55908,38.536864333333334,38.605891839080456,38.71273091194969,38.7386102970297
2026-09-02 19:30:00,38.76871,38.54648833333333,38.61748908045977,38.713767561728396,38.739454504950494
2026-09-02 19:31:00,38.73923,38.57891766666667,38.61202011494253,38.70185922839506,38.73833589108911
2026-09-02 19:32:00,38.42315,38.579925,38.60572444444445,38.686757746913585,38.7369249009901
2026-09-02 19:33:00,38.29976,38.581908999999996,38.593805111111116,38.682175617283946,38.733085297029696
2026-09-02 19:34:00,39.46652,38.63338433333333,38.60924611111111,38.68905617283951,38.73438787128713
2026-09-02 19:35:00,38.628429999999994,38.59728866666667,38.62860644444444,38.68594283950618,38.733349068627454
2026-09-02 19:36:00,38.58065,38.598047333333334,38.641728444444446,38.678762469135805,38.731866553398056
2026-09-02 19:37:00,38.28115,38.56775666666667,38.631066000000004,38.65910339506173,38.72534425566343
2026-09-02 19:38:00,38.34782,38.578614,38.610669333333334,38.63933876543209,38.72781610032362
2026-09-02 19:39:00,,38.58406785714286,38.58473172413793,38.62095855345912,38.731275277777776
2026-09-02 19:40:00,38.825435,38.614134642857145,38.57639327586207,38.62474515432099,38.73498473856209
2026-09-02 19:41:00,,38.615355,38.58107982142857,38.63028355345912,38.72701914191419
2026-09-02 19:42:00,37.9113,38.57025576923077,38.554801964285716,38.61696904320988,38.71902189542484
2026-09-02 19:43:00,,38.56926958333333,38.55363555555555,38.61520072327044,38.71497052805281
2026-09-02 19:44:00,,38.570195909090906,38.550966153846154,38.60826467948718,38.717770333333334
2026-09-02 19:45:00,38.739305,38.567522727272724,38.5553875,38.61073713836478,38.71465238333333
2026-09-02 19:46:00,39.18538,38.608081818181816,38.59125634615385,38.62560864779874,38.71768478333333
2026-09-02 19:47:00,39.4478,38.70123181818182,38.63124711538462,38.63552006289308,38.728422683333335
2026-09-02 19:48:00,38.86313,38.752447272727274,38.654059807692306,38.628239968553466,38.73681058333334
2026-09-02 19:49:00,39.16288,38.72484363636364,38.67207865384616,38.63810713836478,38.74102909240924
2026-09-02 19:50:00,38.825505,38.74275954545454,38.658834038461535,38.65015459119497,38.744183795379534
2026-09-02 19:51:00,38.82294,38.76478590909091,38.66859057692307,38.660410817610064,38.738665429042904
2026-09-02 19:52:00,39.43091,38.86930954545455,38.69533673076923,38.67171713836478,38.74545214052287
2026-09-02 19:53:00,39.18529,38.945443181818185,38.73381096153846,38.681227746913585,38.74972241100323
2026-09-02 19:54:00,37.921625000000006,38.860125000000004,38.711478846153845,38.669345432098766,38.74412352750809
2026-09-02 19:55:00,38.698225,38.84952416666667,38.72277596153846,38.66498330246914,38.743930177993526
2026-09-02 19:56:00,39.46452,38.89683153846154,38.756093269230774,38.68092552469137,38.750121148867315
2026-09-02 19:57:00,39.22536,38.997913076923076,38.78408442307692,38.69277293209876,38.75911493527508
2026-09-02 19:58:00,38.77158,38.981746428571434,38.7913725,38.694205787878786,38.759538915857604
2026-09-02 19:59:00,38.30928,38.93691533333333,38.781764807692305,38.68903178787879,38.74998066343042
2026-09-02 20:00:00,,38.95103035714286,38.782287000000004,38.693784413580254,38.74998066343042
2026-09-02 20:01:00,38.26969,38.88562392857143,38.7635054,38.68215219135803,38.750233673139164
2026-09-02 20:02:00,,38.842379615384615,38.77768687499999,38.68215219135803,38.74989145424837
2026-09-02 20:03:00,38.14852333333334,38.78740987179487,38.77138534722222,38.67272966049383,38.7368239379085
2026-09-02 20:04:00,38.89272,38.76662833333334,38.74747701388889,38.67068206790123,38.738337491909384
2026-09-02 20:05:00,,38.761721944444446,38.75265297101449,38.68243795597485,38.735648447712414
2026-09-02 20:06:00,38.92028,38.76983361111111,38.767419492753625,38.6962736163522,38.73183663398692
2026-09-02 20:07:00,38.531145,38.69485319444444,38.77828884057971,38.694955157232705,38.72837874183006
2026-09-02 20:08:00,38.74914,38.65850736111111,38.79573753623188,38.690981949685536,38.732538839869285
2026-09-02 20:09:00,38.21208,38.68271194444444,38.77141847222222,38.66926911949685,38.724771486928105
2026-09-02 20:10:00,38.49319,38.665625694444444,38.757574930555556,38.65843779874214,38.72252312297735
2026-09-02 20:11:00,38.865535,38.61571027777778,38.76189333333333,38.66636921383648,38.726160355987055
2026-09-02 20:12:00,39.55433,38.643124444444446,38.82761453333333,38.683487138364775,38.73303414239482
2026-09-02 20:13:00,,38.63144666666667,38.82761453333333,38.685356217948716,38.73068153594771
2026-09-02 20:14:00,38.9977,38.6940303030303,38.83415628205128,38.692561217948715,38.73327394822007
2026-09-02 20:15:00,39.13336,38.73064111111111,38.84931224358974,38.70234987179487,38.73599292880259
2026-09-02 20:16:00,38.69778,38.76631527777778,38.830558397435894,38.71090737179487,38.73692166666667
2026-09-02 20:17:00,38.24405,38.72614102564103,38.78426032051282,38.70775371794872,38.737247006472494
2026-09-02 20:18:00,38.56779,38.75839230769231,38.77290108974359,38.713480448717945,38.74170545307443
2026-09-02 20:19:00,38.40695,38.72102538461539,38.74382685897436,38.70795275641026,38.73848665064102
2026-09-02 20:20:00,38.4983,38.70511642857143,38.73124205128205,38.695038044871794,38.7330234775641
2026-09-02 20:21:00,38.4132,38.66889642857143,38.715482820512825,38.69203669871795,38.72962583333334
2026-09-02 20:22:00,38.638315,38.67655142857143,38.6849983974359,38.690167564102566,38.7279861698718
2026-09-02 20:23:00,39.02777,38.69645357142857,38.67893993589743,38.70637544871795,38.72970184294872
2026-09-02 20:24:00,,38.73371307692308,38.709232533333335,38.7103777124183,38.73103477346278
2026-09-02 20:25:00,38.548075,38.737935,38.70322653333333,38.71319290849674,38.7279828802589
2026-09-02 20:26:00,38.71776,38.72656769230769,38.67335613333333,38.7155358496732,38.727884583333335
2026-09-02 20:27:00,38.75174,38.66483,38.654411333333336,38.72051918300654,38.72688717948718
2026-09-02 20:28:00,38.92628,38.683505000000004,38.66059933333333,38.72726800653595,38.721735833333334
2026-09-02 20:29:00,38.89524,38.67618642857143,38.684037733333334,38.73385937908497,38.72309198717949
2026-09-02 20:30:00,38.718,38.646517857142854,38.68534397435897,38.732865065359476,38.72304349206349
2026-09-02 20:31:00,39.07762,38.67364928571429,38.71641820512821,38.73950016339869,38.72014196825397
2026-09-02 20:32:00,39.06319,38.73215928571428,38.72926160493827,38.75204996732026,38.718471111111114
2026-09-02 20:33:00,38.19951,38.70585357142857,38.73115000000001,38.75008428104575,38.71515982539683
2026-09-02 20:34:00,,38.72884615384615,38.724935769230775,38.73575556666667,38.711507804487184
2026-09-02 20:35:00,38.80371,38.75233923076923,38.72785333333333,38.739261166666665,38.71157665064102
2026-09-02 20:36:00,38.70968,38.775145384615385,38.72005333333333,38.74184176666667,38.70908905448718
2026-09-02 20:37:00,38.46494,38.76180884615385,38.717601296296294,38.74551756666666,38.700648669871796
2026-09-02 20:38:00,,38.73964541666667,38.71638826923077,38.753633843537415,38.69371215210356
2026-09-02 20:39:00,39.2114,38.77593423076923,38.75482365384616,38.762789166666664,38.68980836569579
2026-09-02 20:40:00,39.71826,38.865948461538466,38.80194173076923,38.780645666666665,38.69969732371795
2026-09-02 20:41:00,,38.8782975,38.799398000000004,38.780645666666665,38.70327487055016
2026-09-02 20:42:00,39.16809,38.91299333333333,38.78394840000001,38.805781466666666,38.707744246794874
2026-09-02 20:43:00,38.65936,38.89075,38.77915653846154,38.80291045751634,38.707250689102565
2026-09-02 20:44:00,,38.89034181818182,38.770414800000005,38.80291045751634,38.70464268608414
2026-09-02 20:45:00,39.14962,38.929579999999994,38.7710652,38.8109558496732,38.70892131410256
2026-09-02 20:46:00,39.15855,38.93693727272727,38.78949600000001,38.81042977124183,38.716242083333334
2026-09-02 20:47:00,39.42198,38.96955454545454,38.8366132,38.809923496732026,38.721044823717946
2026-09-02 20:48:00,38.75377,39.01994181818182,38.8440524,38.80777918300654,38.71628323717949
2026-09-02 20:49:00,39.32238,39.045145,38.880669600000004,38.81090663398693,38.7228453525641
2026-09-02 20:50:00,38.838229999999996,39.04802166666666,38.8942668,38.811156143790846,38.72910727564103
2026-09-02 20:51:00,,39.07878,38.91431125,38.810920466666666,38.733473754045306
2026-09-02 20:52:00,38.26953,39.06101545454545,38.89894520833333,38.78769286666667,38.728016035598706
2026-09-02 20:53:00,39.348665,39.08498625,38.91231583333333,38.79096036666667,38.733983814102565
2026-09-02 20:54:00,39.17693,39.08211375,38.9229004,38.81606646666667,38.73988439102564
2026-09-02 20:55:00,38.75669,39.00198291666667,38.931245,38.81723576666667,38.738181602564104
2026-09-02 20:56:00,38.82224,38.98815653846154,38.9354242,38.804390166666664,38.740283525641026
2026-09-02 20:57:00,,38.973162083333335,38.94307770833333,38.79579894557823,38.741785307443365
2026-09-02 20:58:00,39.26632,39.02374208333334,38.95724604166667,38.80589568027211,38.74682891025641
2026-09-02 20:59:00,39.13916,39.032620384615385,38.967409374999995,38.82283200680272,38.75207227564103
2026-09-02 21:00:00,39.310355,39.044984615384614,38.992090833333336,38.832582466666665,38.76051424679487
2026-09-02 21:01:00,39.45997,39.06817076923077,39.00802208333334,38.85638806666667,38.76591943910256
2026-09-02 21:02:00,38.73368,39.01522461538461,38.9942925,38.8539820261438,38.7656123968254
2026-09-02 21:03:00,,39.037012499999996,39.028848260869566,38.8680912,38.766653477564105
2026-09-02 21:04:00,38.46912,38.9659075,39.005526249999996,38.859619200000004,38.7615172275641
2026-09-02 21:05:00,38.94529,38.974829166666666,39.01142541666666,38.86129901960784,38.770148669871794
2026-09-02 21:06:00,39.745580000000004,39.034117692307696,39.05458791666666,38.87748137254902,38.78513511217949
2026-09-02 21:07:00,38.89709,39.08239153846154,39.07259416666667,38.88465676470588,38.78798190705128
2026-09-02 21:08:00,38.481655,39.01569846153846,39.048956600000004,38.87941196078431,38.783385128205126
2026-09-02 21:09:00,,39.0022625,39.042188125,38.8927586,38.77775915857605
2026-09-02 21:10:00,39.28253,39.046082500000004,39.02403270833333,38.9085454,38.779849255663436
2026-09-02 21:11:00,38.68965,39.03503333333333,39.0106574,38.9050277,38.78222284789644
2026-09-02 21:12:00,,39.03503333333333,39.00409770833333,38.891776632653055,38.78354777777778
2026-09-02 21:13:00,39.528175000000005,39.05685458333333,39.04029833333333,38.9045046,38.79278189542483
2026-09-02 21:14:00,39.02489,39.04733208333333,39.039682,38.9050484,38.79672160130719
2026-09-02 21:15:00,38.90918,39.01390083333334,39.03006439999999,38.900564800000005,38.799514052287584
2026-09-02 21:16:00,38.4827,38.93246166666667,39.0030304,38.8962632,38.801768071895424
2026-09-02 21:17:00,38.78442,38.936690000000006,38.977528,38.907070600000004,38.80545807189543
2026-09-02 21:18:00,38.21106,38.88087230769231,38.9558196,38.899936,38.80488022875817
2026-09-02 21:19:00,38.2051,38.86056307692308,38.9111284,38.895899,38.800083267973854
2026-09-02 21:20:00,39.216525,38.881427307692306,38.9262602,38.9102635,38.80054071895425
2026-09-02 21:21:00,,38.80941458333333,38.9262602,38.920407653061226,38.80283052805281
2026-09-02 21:22:00,38.69867,38.79287958333333,38.9434258,38.92163938775511,38.80246577557755
2026-09-02 21:23:00,38.32187,38.77956416666667,38.902354,38.907233265306125,38.803821320132016
2026-09-02 21:24:00,38.221135000000004,38.736608076923076,38.8641222,38.8935113,38.801037904290425
2026-09-02 21:25:00,38.050985,38.64187384615384,38.835893999999996,38.8835695,38.79753775577558
2026-09-02 21:26:00,38.87294,38.655973076923075,38.837922000000006,38.886673099999996,38.80025726072607
2026-09-02 21:27:00,38.98185,38.67925,38.843457692307695,38.891275300000004,38.80505191419142
2026-09-02 21:28:00,38.80612,38.62767464285714,38.82575769230769,38.8888721,38.807270033003306
2026-09-02 21:29:00,39.03852,38.62864821428571,38.821886923076924,38.8917377,38.81201696369637
2026-09-02 21:30:00,38.19582,38.57769392857143,38.77902019230769,38.8812941,38.80634478547855
2026-09-02 21:31:00,38.77731,38.598737500000006,38.752764038461535,38.8752879,38.80672181518152
2026-09-02 21:32:00,39.35964,38.63982464285714,38.77683942307693,38.8812169,38.81599399339934
2026-09-02 21:33:00,38.70634,38.675201785714286,38.77422833333333,38.8913535,38.8200195379538
2026-09-02 21:34:00,39.04794,38.73540464285714,38.79566611111112,38.89442382352941,38.81587518151815
2026-09-02 21:35:00,39.83448,38.77954428571429,38.82859907407407,38.914635,38.82781627062706
2026-09-02 21:36:00,39.53156,38.82967866666667,38.82067240740741,38.930750294117644,38.83723122112211
2026-09-02 21:37:00,38.18375,38.795350666666664,38.79425240740741,38.925236764705886,38.836266864686465
2026-09-02 21:38:00,38.60018,38.813904666666666,38.79864222222222,38.918985673076925,38.838765478547856
2026-09-02 21:39:00,39.33619,38.888241666666666,38.817840357142856,38.92138548076923,38.84364218954248
2026-09-02 21:40:00,39.38171,38.97695666666666,38.821382500000006,38.91491336538461,38.84909586601307
2026-09-02 21:41:00,39.90676,39.045878,38.86485071428571,38.93362745283019,38.85936444983819
2026-09-02 21:42:00,,39.05045142857143,38.86485071428571,38.929118557692306,38.8686591993464
2026-09-02 21:43:00,39.4485,39.096335714285715,38.86200517857143,38.94429432692308,38.874288721682845
2026-09-02 21:44:00,38.4211,39.052234285714285,38.84044124999999,38.93442273584906,38.86993113782051
2026-09-02 21:45:00,38.4591,39.071039999999996,38.824366964285716,38.92139405660377,38.86723685897436
2026-09-02 21:46:00,38.87241,39.07783285714286,38.838285178571425,38.91599518867924,38.86422753205128
2026-09-02 21:47:00,38.75308,39.034507142857144,38.83716589285715,38.90337443396227,38.857547532051285
2026-09-02 21:48:00,39.09893,39.06254928571428,38.86887553571428,38.90988688679246,38.859814839743585
2026-09-02 21:49:00,38.74761,39.04109714285715,38.88825089285715,38.89904216981132,38.85582185897436
2026-09-02 21:50:00,,38.9800676923077,38.8760925925926,38.90021163461539,38.856116197411005
2026-09-02 21:51:00,38.827079999999995,38.92587692307693,38.874342142857145,38.89883179245283,38.856156391585756
2026-09-02 21:52:00,38.77287,38.971193846153845,38.87699214285714,38.9083287735849,38.849767653721685
2026-09-02 21:53:00,38.78304,38.98526,38.8934625,38.897656603773584,38.84586231391585
2026-09-02 21:54:00,39.014415,38.96050807692307,38.92179392857143,38.89459028301887,38.85647192556634
2026-09-02 21:55:00,38.55036,38.89655807692307,38.93962875,38.890697264150944,38.85503634304207
2026-09-02 21:56:00,,38.81237458333333,38.9420987037037,38.892013750000004,38.849061013071896
2026-09-02 21:57:00,38.779725,38.80986307692308,38.93461259259259,38.88989509433962,38.84469204248366
2026-09-02 21:58:00,38.86589,38.76504692307692,38.936826296296296,38.882339811320755,38.8456166503268
2026-09-02 21:59:00,39.69089,38.86272307692308,38.96098814814815,38.892749811320755,38.85916184640523
2026-09-02 22:00:00,39.59549,38.95013769230769,39.01282777777778,38.89812971698113,38.86631066343042
2026-09-02 22:01:00,39.29193,38.98240846153846,39.031887777777776,38.8949591509434,38.87623532362459
2026-09-02 22:02:00,39.54894,39.04362846153846,39.03889888888889,38.91034141509434,38.88270363782051
2026-09-02 22:03:00,,39.03902,39.05168961538462,38.91034141509434,38.889831601941744
2026-09-02 22:04:00,38.91991,39.053378333333335,39.046765384615384,38.91884688679245,38.890095582524275
2026-09-02 22:05:00,39.30283,39.07256692307693,39.02631730769231,38.9255929245283,38.89406418269231
2026-09-02 22:06:00,38.86598,39.07555923076923,39.00071807692307,38.90899669811321,38.8935420673077
2026-09-02 22:07:00,38.85625,39.08197307692308,39.026583461538465,38.90822613207547,38.89666807692308
2026-09-02 22:08:00,,39.10688416666667,39.0436396,38.91642942307692,38.89810038834951
2026-09-02 22:09:00,38.54451,39.06772541666667,39.0119724,38.9094120754717,38.90132786407767
2026-09-02 22:10:00,38.717965,39.0816925,38.9854226,38.89875990566038,38.90351014563107
2026-09-02 22:11:00,38.3045,39.02190846153846,38.921332199999995,38.89149292452831,38.898063203883495
2026-09-02 22:12:00,,39.04209041666667,38.921332199999995,38.89149292452831,38.89162921568628
2026-09-02 22:13:00,39.00671,39.05382541666666,38.903660599999995,38.88165396226415,38.89274650485437
2026-09-02 22:14:00,38.55334,38.95902958333334,38.9089502,38.872756792452826,38.88843233009708
2026-09-02 22:15:00,38.21067,38.84362791666667,38.899013,38.85957735849057,38.879474174757284
2026-09-02 22:16:00,38.922934999999995,38.81287833333334,38.901034,38.867883679245274,38.881660145631066
2026-09-02 22:17:00,,38.74596363636363,38.90719875,38.869488749999995,38.88791122549019
2026-09-02 22:18:00,39.45775,38.805279166666665,38.922149583333336,38.89346355769231,38.896636323529414
2026-09-02 22:19:00,39.50398,38.85395166666667,38.953665,38.91844201923077,38.90739151960784
2026-09-02 22:20:00,39.65913,38.88364333333333,38.9818836,38.926953653846155,38.91877220588235
2026-09-02 22:21:00,39.18184,38.909965,38.996074,38.931762830188674,38.92630789215686
2026-09-02 22:22:00,38.40148,38.87206749999999,38.981218399999996,38.92615547169812,38.92398598039215
2026-09-02 22:23:00,37.77228,38.78746846153846,38.940788,38.915785849056604,38.91167725490196
2026-09-02 22:24:00,38.22113,38.762593076923075,38.9090566,38.91578575471698,38.90497291262136
2026-09-02 22:25:00,39.22033,38.80123653846154,38.9358554,38.93784886792453,38.911499660194174
2026-09-02 22:26:00,,38.842631250000004,38.9358554,38.93909711538461,38.91339906862745
2026-09-02 22:27:00,38.218075,38.79458846153846,38.9133894,38.92440913461538,38.90816705882353
2026-09-02 22:28:00,,38.77691166666667,38.915368541666666,38.92672852941176,38.907987722772276
2026-09-02 22:29:00,38.94297,38.80938083333333,38.884205208333334,38.924855,38.9084602970297
2026-09-02 22:30:00,38.34997,38.82098916666666,38.83230854166667,38.927877549019605,38.90481643564357
2026-09-02 22:31:00,38.48935,38.78485708333333,38.79886770833333,38.922231274509805,38.89899198019802
2026-09-02 22:32:00,38.21404,38.740948076923075,38.743246875000004,38.899768529411766,38.890584554455444
2026-09-02 22:33:00,38.27989,38.65034346153846,38.7247126,38.891406764705884,38.8913803960396
2026-09-02 22:34:00,,38.57920708333334,38.716579375,38.888276100000006,38.8913803960396
2026-09-02 22:35:00,38.478875,38.4808525,38.68224791666666,38.861164,38.888164207920795
2026-09-02 22:36:00,39.393429999999995,38.498485,38.704225,38.8584014,38.89493400990099
2026-09-02 22:37:00,39.85908,38.619951666666665,38.74600958333333,38.891908,38.908737376237625
2026-09-02 22:38:00,39.35133,38.75153916666667,38.770222399999994,38.906931,38.91307651960784
2026-09-02 22:39:00,39.21671,38.83450416666667,38.7971104,38.9045414,38.91312857843137
2026-09-02 22:40:00,39.239015,38.83606125,38.817952399999996,38.9016875,38.90843009803922
2026-09-02 22:41:00,,38.83606125,38.83934625,38.881175816326525,38.90843009803922
2026-09-02 22:42:00,38.86058,38.88960333333333,38.8401956,38.8807639,38.905415294117645
2026-09-02 22:43:00,38.910105,38.89118038461539,38.8363314,38.869996,38.90787357843137
2026-09-02 22:44:00,38.99868,38.89546576923077,38.854144999999995,38.8815476,38.90875519417476
2026-09-02 22:45:00,39.02931,38.94772269230769,38.8868906,38.8929518,38.90758713592233
2026-09-02 22:46:00,38.771635,38.96943692307693,38.8808386,38.8909363,38.90383067961165
2026-09-02 22:47:00,38.87998,39.02066307692308,38.88080557692307,38.8934743,38.89856854368932
2026-09-02 22:48:00,39.09135,39.083083076923074,38.86671326923077,38.8933227,38.901846019417476
2026-09-02 22:49:00,38.97732,39.07552857142857,38.84645711538462,38.8979169,38.8984959223301
2026-09-02 22:50:00,38.7642,39.095908928571426,38.81203673076923,38.895295000000004,38.897777184466015
2026-09-02 22:51:00,38.80256,39.05370392857143,38.797449038461544,38.894814215686274,38.896861634615384
2026-09-02 22:52:00,38.16399,38.93262607142857,38.78831480769231,38.88287539215686,38.895846826923076
2026-09-02 22:53:00,37.98879,38.83530178571429,38.796642115384614,38.8673018627451,38.88277110576923
2026-09-02 22:54:00,38.85946,38.80978392857143,38.82119326923077,38.864263529411765,38.87971850961539
2026-09-02 22:55:00,38.54772,38.76040571428571,38.795323653846154,38.86421176470588,38.87770918269231
2026-09-02 22:56:00,39.42592,38.80477333333333,38.818679074074076,38.87501384615385,38.883513798076926
2026-09-02 22:57:00,,38.80078714285714,38.841779230769234,38.876882254901965,38.883513798076926
2026-09-02 22:58:00,38.27403,38.75535321428571,38.82075148148148,38.865277156862746,38.87397254807692
2026-09-02 22:59:00,38.1048,38.69150464285714,38.78970814814815,38.834177352941175,38.86402677884616
2026-09-02 23:00:00,38.51407,38.65470178571429,38.79578592592593,38.812973039215684,38.85637019230769
2026-09-02 23:01:00,38.13528,38.609247857142854,38.78267222222222,38.79029362745098,38.84363278846154
2026-09-02 23:02:00,39.01267,38.61872571428571,38.81225111111111,38.779778529411765,38.84631538461538
2026-09-02 23:03:00,,38.58237,38.832726538461536,38.779778529411765,38.84631538461538
2026-09-02 23:04:00,38.626475,38.55538192307692,38.82508759259259,38.774024901960786,38.84782841346154
2026-09-02 23:05:00,38.55516,38.53930192307692,38.82791296296296,38.759364705882355,38.844077163461534
2026-09-02 23:06:00,38.49453,38.51560730769231,38.794620370370374,38.75208137254902,38.83204783653846
2026-09-02 23:07:00,38.93282,38.57474807692308,38.76031444444444,38.753582745098036,38.83239139423077
2026-09-02 23:08:00,38.7941,38.636695,38.739676296296295,38.75436192307692,38.83539567307692
2026-09-02 23:09:00,39.08452,38.65400730769231,38.73478037037037,38.76474673076923,38.83776828571428
2026-09-02 23:10:00,39.48359,38.72599730769231,38.7438387037037,38.77947028846154,38.83968314285714
2026-09-02 23:11:00,39.32035,38.71787653846154,38.76442839285714,38.799005865384615,38.84568980952381
2026-09-02 23:12:00,39.32925,38.761546071428576,38.78116660714285,38.809010471698116,38.85025169811321
2026-09-02 23:13:00,38.84561,38.80237321428571,38.778863214285714,38.8059708490566,38.84381240566038
2026-09-02 23:14:00,39.152285,38.87719357142857,38.784349107142866,38.81727169811321,38.84501424528302
2026-09-02 23:15:00,39.67703,38.96026214285714,38.807481964285714,38.844938867924526,38.85225811320755
2026-09-02 23:16:00,39.11639,39.030341428571425,38.81979464285714,38.84858896226415,38.85823632075471
2026-09-02 23:17:00,38.3142,38.980450714285716,38.79958821428572,38.83869287037037,38.85380028301887
2026-09-02 23:18:00,37.98141,38.913848,38.7599475,38.81135324074074,38.85163377358491
2026-09-02 23:19:00,,38.934374642857144,38.75189666666666,38.798284811320755,38.857791238095245
2026-09-02 23:20:00,37.97293,38.892786785714286,38.722590370370376,38.766469716981135,38.845947476190474
2026-09-02 23:21:00,38.42182,38.88759321428571,38.70848888888889,38.75212971698113,38.8419462735849
2026-09-02 23:22:00,38.613805,38.864806428571434,38.7251487037037,38.756135849056605,38.84114566037736
2026-09-02 23:23:00,38.83187,38.86750428571428,38.75637388888889,38.77612811320755,38.845956981132076
2026-09-02 23:24:00,38.139250000000004,38.799985,38.72969944444444,38.77458320754717,38.84518448113208
2026-09-02 23:25:00,38.849,38.75465714285714,38.74085796296296,38.76757698113207,38.8527129245283
2026-09-02 23:26:00,39.73014,38.78392785714285,38.75212537037037,38.785402222222224,38.860799716981134
2026-09-02 23:27:00,39.84438,38.820722857142854,38.79113446428572,38.81551898148149,38.86893679245283
2026-09-02 23:28:00,39.027015,38.83368035714285,38.81802678571428,38.81936436363636,38.87102070754717
2026-09-02 23:29:00,38.53022,38.78924714285714,38.83322035714286,38.811859818181816,38.86622542452831
2026-09-02 23:30:00,39.08879,38.74723,38.853746071428574,38.82529290909091,38.87464966981132
2026-09-02 23:31:00,38.85247,38.728378571428564,38.87936,38.83189509090909,38.875358726415094
2026-09-02 23:32:00,38.44787,38.73792642857143,38.85918857142857,38.83614654545455,38.86675712264151
2026-09-02 23:33:00,38.8924,38.802997142857144,38.86033379310344,38.847283090909094,38.868512405660375
2026-09-02 23:34:00,38.743555,38.79903433333334,38.864371034482765,38.84543080357143,38.865640849056604
2026-09-02 23:35:00,38.67468,38.84581766666667,38.8684924137931,38.84892732142857,38.85469933962264
2026-09-02 23:36:00,38.6168,38.85881633333334,38.87270862068966,38.83505892857143,38.84606952830188
2026-09-02 23:37:00,38.31766,38.83907333333333,38.851496206896556,38.80753357142857,38.847332830188684
2026-09-02 23:38:00,38.21583,38.798004,38.83155586206896,38.787256785714284,38.843706886792454
2026-09-02 23:39:00,38.58032,38.82740866666666,38.814169655172414,38.77589267857143,38.836576037735846
2026-09-02 23:40:00,,38.82586642857143,38.790261785714286,38.767472272727275,38.831384285714286
2026-09-02 23:41:00,38.42128,38.73237642857142,38.75815214285715,38.76129026785714,38.81723685714286
2026-09-02 23:42:00,38.718410000000006,38.65195,38.73633642857143,38.75875151785714,38.81630452830189
2026-09-02 23:43:00,38.733059999999995,38.63095321428572,38.73231678571428,38.75559,38.80955509433963
2026-09-02 23:44:00,39.34875,38.689419642857146,38.73933339285714,38.761841249999996,38.81830650943397
2026-09-02 23:45:00,39.67523,38.73130821428571,38.73926910714285,38.77337553571429,38.829779433962266
2026-09-02 23:46:00,38.96545,38.73937821428571,38.73387839285714,38.77683651785714,38.830657169811325
2026-09-02 23:47:00,38.61795,38.75152678571429,38.74472660714285,38.77215741071428,38.82938235849057
2026-09-02 23:48:00,38.35363,38.71304321428572,38.75802017857143,38.75898383928571,38.8223512264151
2026-09-02 23:49:00,38.832809999999995,38.71941857142857,38.76059913793104,38.756403303571425,38.823155
2026-09-02 23:50:00,38.580396666666665,38.71268404761905,38.78154626436781,38.75312110119047,38.82088623052959
2026-09-02 23:51:00,,38.720059743589744,38.79439363095238,38.75222221212121,38.82082779874214
2026-09-02 23:52:00,38.11415,38.704405128205124,38.77654880952381,38.75131603030303,38.8146134591195
2026-09-02 23:53:00,38.75345,38.74576051282051,38.77374809523809,38.76521893939394,38.8143343081761
2026-09-02 23:54:00,38.65779,38.751719743589746,38.792267380952374,38.76155221212122,38.810969921383645
2026-09-02 23:55:00,38.31788,38.720731190476194,38.77329880952381,38.757373303030306,38.80877671383648
2026-09-02 23:56:00,,38.74376589743589,38.73786024691358,38.744992808641975,38.80877671383648
2026-09-02 23:57:00,37.75263,38.66947512820513,38.660388024691365,38.72694984848485,38.799087138364776
2026-09-02 23:58:00,38.23822,38.63141051282051,38.63117339506172,38.72629875757575,38.79316572327044
2026-09-02 23:59:00,38.32825,38.55291051282051,38.62369302469136,38.73036148484848,38.78031062893082
2026-09-03 00:00:00,38.62695,38.47227358974359,38.606587839506176,38.73241384848485,38.771173459119495
2026-09-03 00:01:00,,38.431175555555555,38.59713083333334,38.74347188271605,38.76621387301587
2026-09-03 00:02:00,38.06477,38.38507722222222,38.58239621794872,38.725918179012346,38.75207892063492
2026-09-03 00:03:00,38.67832,38.41213472222222,38.57416237179487,38.72505275757576,38.751383081761006
2026-09-03 00:04:00,,38.37389151515151,38.567386666666664,38.72687827160494,38.74977806349206
2026-09-03 00:05:00,38.759135,38.39014045454545,38.57076486666667,38.73065558641975,38.74460001587301
2026-09-03 00:06:00,38.04409,38.361302916666666,38.547856466666666,38.72231410493828,38.736772492063494
2026-09-03 00:07:00,38.445935,38.388951666666664,38.55298746666667,38.71329771604938,38.73286473015873
2026-09-03 00:08:00,38.57258,38.37387916666667,38.56725746666667,38.70919549382716,38.7313526100629
2026-09-03 00:09:00,38.72749,38.3796875,38.57314426666667,38.7025838271605,38.733078836477986
2026-09-03 00:10:00,,38.38530636363637,38.57314426666667,38.68784786163522,38.733222777777776
2026-09-03 00:11:00,38.54797,38.39886166666667,38.57821186666666,38.673274654088054,38.735541539682536
2026-09-03 00:12:00,38.476929999999996,38.45922,38.56855266666666,38.65719314465408,38.733101808176094
2026-09-03 00:13:00,38.98691,38.521610833333334,38.57870666666667,38.65985918238994,38.73291501572327
2026-09-03 00:14:00,38.604415,38.54462458333333,38.548933266666666,38.64952201257862,38.733396855345916
2026-09-03 00:15:00,,38.53714045454546,38.50200423611111,38.629762243589745,38.73837520634921
2026-09-03 00:16:00,38.89243,38.566747916666664,38.498961736111106,38.62545532051282,38.738084682539686
2026-09-03 00:17:00,,38.612382272727274,38.493788333333335,38.631558366013074,38.738084682539686
2026-09-03 00:18:00,39.54498,38.69116954545455,38.54558615942029,38.66221660130719,38.738915444444444
2026-09-03 00:19:00,39.14005,38.72857625,38.558944420289855,38.67140570512821,38.73544944444445
2026-09-03 00:20:00,,38.725798181818185,38.55796931818182,38.68510130718954,38.72656790064103
2026-09-03 00:21:00,38.496865,38.76695954545455,38.55531260869565,38.686572777777776,38.719981602564104
2026-09-03 00:22:00,,38.799062,38.575365454545455,38.68802813333333,38.72307385113269
2026-09-03 00:23:00,38.48115,38.789919,38.562988181818184,38.68101373333334,38.729956084142394
2026-09-03 00:24:00,39.16468,38.83363799999999,38.586028636363636,38.70152233333334,38.73911676375404
2026-09-03 00:25:00,,38.83363799999999,38.598797619047616,38.69851258503402,38.7343989869281
2026-09-03 00:26:00,38.64069,38.84291,38.60070181818182,38.67627891156463,38.73348919093851
2026-09-03 00:27:00,,38.88357444444444,38.64108619047619,38.65194347222222,38.73854227124183
2026-09-03 00:28:00,39.53061,38.94398555555556,38.702628571428576,38.66243503472222,38.74623224919094
2026-09-03 00:29:00,39.39136,39.031423888888895,38.753252857142854,38.68037545138889,38.75058555016181
2026-09-03 00:30:00,38.955600000000004,39.0238415,38.76890285714286,38.67760065972222,38.75646545307443
2026-09-03 00:31:00,,39.03844277777778,38.76890285714286,38.67388003546099,38.75908423202615
2026-09-03 00:32:00,38.31118,38.9657165,38.780636666666666,38.67097173758865,38.76003658496732
2026-09-03 00:33:00,,38.90135388888889,38.785752499999994,38.66615807971015,38.764790511551155
2026-09-03 00:34:00,39.18198,38.906012777777775,38.80462047619047,38.67568905797101,38.768880604575166
2026-09-03 00:35:00,39.936364999999995,39.00904799999999,38.86067904761905,38.70311699275362,38.783169722222226
2026-09-03 00:36:00,38.87937,39.0472985,38.90045428571428,38.708825036231886,38.77812991830065
2026-09-03 00:37:00,38.46912,38.99473681818182,38.901558333333334,38.71211764492754,38.764502859477126
2026-09-03 00:38:00,38.68024,39.01283590909091,38.906685,38.72221351449275,38.75792354575164
2026-09-03 00:39:00,38.6973,38.97034681818182,38.90524738095238,38.72475655797101,38.75283129084968
2026-09-03 00:40:00,,38.97034681818182,38.90524738095238,38.72475655797101,38.748017590759076
2026-09-03 00:41:00,38.354415,38.94432181818182,38.896030476190475,38.7233029710145,38.74415874183007
2026-09-03 00:42:00,38.83344,38.93508166666667,38.91300714285714,38.725803623188405,38.7438926633987
2026-09-03 00:43:00,38.50763,38.84983333333333,38.89018428571429,38.72090297101449,38.739946830065364
2026-09-03 00:44:00,38.53819,38.778735833333336,38.887030714285714,38.703282101449275,38.73543222222222
2026-09-03 00:45:00,37.95504,38.69535583333333,38.8446675,38.665886666666665,38.724900163398694
2026-09-03 00:46:00,,38.69535583333333,38.842393095238094,38.6592297037037,38.72443744224422
2026-09-03 00:47:00,39.018375000000006,38.75428875,38.85039227272727,38.668128037037036,38.72580768976898
2026-09-03 00:48:00,39.00647,38.773687307692306,38.825914545454545,38.6826355925926,38.72496729372938
2026-09-03 00:49:00,39.46942,38.79579807692308,38.84088590909091,38.696782481481485,38.7298395709571
2026-09-03 00:50:00,38.711825,38.701602692307695,38.83527456521739,38.69970311111111,38.729321006600664
2026-09-03 00:51:00,39.2622,38.73105115384615,38.86855,38.71193130434783,38.73387189768977
2026-09-03 00:52:00,39.48179,38.80894884615385,38.894101666666664,38.741662608695655,38.74691942244224
2026-09-03 00:53:00,39.43784,38.86722576923077,38.93396375,38.75654065217391,38.761266452145215
2026-09-03 00:54:00,39.74707,38.947977307692305,38.95823,38.78022065217391,38.770054669966996
2026-09-03 00:55:00,,38.947977307692305,38.95823,38.79049488888889,38.77227801666667
2026-09-03 00:56:00,38.73562,38.97730076923077,38.962185416666664,38.78930195652173,38.76537501666667
2026-09-03 00:57:00,39.08891,38.99695230769231,38.967254399999995,38.81835152173913,38.76857833333333
2026-09-03 00:58:00,,39.03772916666667,38.94378125,38.83124333333333,38.77352381666667
2026-09-03 00:59:00,38.971295,39.07382125,38.92627854166667,38.84553322222222,38.782188766666664
2026-09-03 01:00:00,,39.17552863636364,38.92500369565217,38.850501022727265,38.784897037037034
2026-09-03 01:01:00,38.920715,39.154294166666666,38.924825,38.85206133333333,38.79283072390572
2026-09-03 01:02:00,39.14507,39.16485208333333,38.95957041666667,38.876068,38.7941680976431
2026-09-03 01:03:00,38.620565,39.13269333333333,38.9460102,38.87478455555556,38.79243206666666
2026-09-03 01:04:00,,39.102081818181816,38.936178125,38.87478455555556,38.7941084006734
2026-09-03 01:05:00,39.567674999999994,39.17988636363636,38.92081604166666,38.892752111111115,38.804335824915825
2026-09-03 01:06:00,39.00292,39.15631545454546,38.925963958333334,38.91405944444445,38.80947107744108
2026-09-03 01:07:00,,39.123768,38.94582673913043,38.92469863636364,38.808212414965986
2026-09-03 01:08:00,38.929055,39.0728895,38.95664478260869,38.9328003409091,38.80958950680272
2026-09-03 01:09:00,37.99178,38.897360500000005,38.92597,38.91607965909091,38.798439098639456
2026-09-03 01:10:00,37.9072,38.80734590909091,38.88352125,38.89366011111111,38.782353486394555
2026-09-03 01:11:00,38.168260000000004,38.755767727272726,38.87576479166667,38.88522211111111,38.77059746598639
2026-09-03 01:12:00,38.61445,38.712635,38.86664020833333,38.88827811111111,38.76330358843538
2026-09-03 01:13:00,39.07796,38.743078749999995,38.89040395833333,38.89030144444444,38.76567450680272
2026-09-03 01:14:00,39.33949,38.773761666666665,38.92379145833333,38.906636444444445,38.76758476190476
2026-09-03 01:15:00,39.7244,38.84688769230769,38.99751479166667,38.92441391304347,38.7680681292517
2026-09-03 01:16:00,39.802405,38.91471,39.0297104,38.94419597826087,38.77506828231292
2026-09-03 01:17:00,39.11661,38.91252076923077,39.0336398,38.94786436170213,38.78325613945578
2026-09-03 01:18:00,38.80079,38.92638423076923,39.0254126,38.93203053191489,38.79161715986395
2026-09-03 01:19:00,38.5982,38.9029425,38.9905638,38.920501808510636,38.789663451178455
2026-09-03 01:20:00,38.43797,38.822249285714285,38.979609599999996,38.9104490625,38.79436082491582
2026-09-03 01:21:00,38.71169,38.80144714285715,38.9575892,38.91492458333334,38.79728880471381
2026-09-03 01:22:00,38.25908,38.765289333333335,38.9086808,38.901540000000004,38.793705723905724
2026-09-03 01:23:00,,38.753591785714285,38.8866325,38.910298125000004,38.793316292517005
2026-09-03 01:24:00,38.17661,38.766793928571424,38.821196666666665,38.88971333333333,38.793697517006805
2026-09-03 01:25:00,,38.83291653846153,38.821196666666665,38.88971333333333,38.79312738831615
2026-09-03 01:26:00,38.06203,38.824745,38.79313041666666,38.877657916666664,38.77593037800687
2026-09-03 01:27:00,37.92677,38.77184653846154,38.74470791666667,38.858252040816325,38.75616120274914
2026-09-03 01:28:00,,38.74633708333334,38.74470791666667,38.84424458333333,38.75333980902778
2026-09-03 01:29:00,38.58664,38.68359958333333,38.728680625,38.827479583333336,38.75392751736111
2026-09-03 01:30:00,39.024895,38.6253075,38.7405292,38.82892322916667,38.75326194444444
2026-09-03 01:31:00,,38.51829863636363,38.73302145833333,38.82892322916667,38.752217649122805
2026-09-03 01:32:00,39.18653,38.524655,38.734748958333334,38.847159687499996,38.759993017543856
2026-09-03 01:33:00,38.69694,38.51521409090909,38.73793125,38.84409397959183,38.75793554385965
2026-09-03 01:34:00,38.6427,38.51925954545454,38.734122,38.833088265306124,38.7568739122807
2026-09-03 01:35:00,38.11658,38.490042272727266,38.6760782,38.79594979591837,38.7509991754386
2026-09-03 01:36:00,38.37947,38.45984045454546,38.6511402,38.78574775510204,38.748500964912274
2026-09-03 01:37:00,,38.4799165,38.6511402,38.792344166666666,38.75308437943262
2026-09-03 01:38:00,38.37034,38.469955,38.6287916,38.78588791666667,38.754728102836886
2026-09-03 01:39:00,38.67103,38.51490227272727,38.6559616,38.785340624999996,38.75569310283688
2026-09-03 01:40:00,38.55686,38.518398749999996,38.681948,38.78067775510204,38.753600122807015
2026-09-03 01:41:00,38.901030000000006,38.58831541666667,38.711258799999996,38.79183316326531,38.75865012280702
2026-09-03 01:42:00,39.24619,38.698267083333334,38.736528400000005,38.80025663265306,38.76420570175439
2026-09-03 01:43:00,38.61649,38.69197653846154,38.7180696,38.80247826530612,38.76297864912281
2026-09-03 01:44:00,38.85325,38.712485,38.69862,38.808908061224486,38.75776285964913
2026-09-03 01:45:00,39.7544,38.768600769230765,38.69982,38.84562969387755,38.758596228070175
2026-09-03 01:46:00,39.6002,38.828000714285714,38.6917318,38.8607211,38.76527780701754
2026-09-03 01:47:00,38.24804,38.76096571428571,38.656988999999996,38.8453144,38.76138401754386
2026-09-03 01:48:00,38.09034,38.71763714285714,38.628571,38.826991799999995,38.75861254385965
2026-09-03 01:49:00,38.35636,38.697184285714286,38.6188974,38.8047306,38.753597280701754
2026-09-03 01:50:00,38.58791,38.730850714285715,38.624895,38.80225229999999,38.753676368421054
2026-09-03 01:51:00,38.603045,38.74682035714285,38.6205492,38.7890692,38.75210729166667
2026-09-03 01:52:00,38.78815,38.74957566666667,38.641712000000005,38.7751964,38.759128125
2026-09-03 01:53:00,39.06451,38.795853666666666,38.65797346153846,38.7677298,38.762368333333335
2026-09-03 01:54:00,,38.80476964285714,38.677228,38.74774326530612,38.76346915789474
2026-09-03 01:55:00,39.02849,38.8384575,38.690738076923076,38.7533582,38.770949263157895
2026-09-03 01:56:00,37.97584,38.7723725,38.687423076923075,38.7381626,38.762666875
2026-09-03 01:57:00,,38.735925,38.7178492,38.731004489795914,38.77329884210526
2026-09-03 01:58:00,38.273635,38.70955153846153,38.70076403846154,38.721857099999994,38.77367163157894
2026-09-03 01:59:00,37.99765,38.64373615384615,38.678110576923075,38.702384200000004,38.77019163157895
2026-09-03 02:00:00,39.02316,38.58748692307692,38.67804384615385,38.708673921568625,38.77436226315789
2026-09-03 02:01:00,39.54763,38.583443076923075,38.71025074074074,38.720966372549015,38.782417135416665
2026-09-03 02:02:00,39.14423,38.65238076923077,38.70868407407407,38.720949901960786,38.79366151041666
2026-09-03 02:03:00,38.94404,38.71805,38.717835925925925,38.7272925490196,38.79642942708333
2026-09-03 02:04:00,39.05317,38.771650769230774,38.73303851851852,38.733559423076926,38.7990762371134
2026-09-03 02:05:00,38.33307,38.75204769230769,38.74105666666667,38.70981701923077,38.79468381443299
2026-09-03 02:06:00,38.55568,38.748404230769225,38.74758296296296,38.70121625,38.799957938144324
2026-09-03 02:07:00,38.48043,38.72473346153846,38.73804178571429,38.69705047169811,38.800313556701035
2026-09-03 02:08:00,38.68025,38.695175,38.74911000000001,38.69235603773585,38.80142355670103
2026-09-03 02:09:00,38.58829,38.68754035714286,38.746155,38.70361094339623,38.79998850515464
2026-09-03 02:10:00,,38.66131346153846,38.75316592592593,38.71892653846154,38.79998850515464
2026-09-03 02:11:00,38.98363,38.73883576923077,38.75622518518518,38.73460673076923,38.804479845360824
2026-09-03 02:12:00,38.99937,38.757445357142856,38.74708370370371,38.74200903846154,38.80986582474227
2026-09-03 02:13:00,38.47585,38.77188928571428,38.741874814814814,38.73043,38.804597164948454
2026-09-03 02:14:00,38.74113,38.824995,38.737722222222224,38.718923076923076,38.80600659793814
2026-09-03 02:15:00,38.17137,38.764152857142854,38.67909148148148,38.689057115384614,38.799530714285716
2026-09-03 02:16:00,,38.70388538461538,38.64366423076923,38.66722676470588,38.79857298969072
2026-09-03 02:17:00,38.84114,38.680570769230776,38.66647576923077,38.66182539215686,38.79900734693877
2026-09-03 02:18:00,38.64118,38.65727384615384,38.687661923076924,38.65869578431372,38.78978489795919
2026-09-03 02:19:00,38.51691,38.61602307692308,38.69383692307692,38.6571018627451,38.78342632653061
2026-09-03 02:20:00,39.19592,38.682396153846156,38.71722192307693,38.67196362745098,38.78759292929293
2026-09-03 02:21:00,38.90469,38.70924307692308,38.728823653846156,38.67574794117647,38.791712373737376
2026-09-03 02:22:00,38.7084,38.72677923076923,38.725756346153844,38.684558137254896,38.79087925
2026-09-03 02:23:00,38.995014999999995,38.750991923076924,38.72308346153846,38.690528461538456,38.7960179
2026-09-03 02:24:00,39.42431,38.81530115384616,38.74905481481482,38.71452269230769,38.7986142
2026-09-03 02:25:00,38.82125,38.81572607142857,38.741379259259254,38.71653641509433,38.798838316831684
2026-09-03 02:26:00,38.08084,38.75124107142857,38.745268148148156,38.71689132075472,38.79329524752475
2026-09-03 02:27:00,37.95795,38.676853928571425,38.717149642857144,38.71747962264151,38.7851055882353
2026-09-03 02:28:00,38.11372,38.6509875,38.71143839285714,38.70629888888889,38.77121450980392
2026-09-03 02:29:00,38.77645,38.653510357142856,38.739252678571425,38.709813888888895,38.76518598039216
2026-09-03 02:30:00,38.42873,38.67189321428572,38.71802303571429,38.698773796296294,38.76002058823529
2026-09-03 02:31:00,38.7682,38.67831366666667,38.690186250000004,38.70003609090909,38.760099999999994
2026-09-03 02:32:00,38.86213,38.679713,38.680111249999996,38.694137909090905,38.765449029126216
2026-09-03 02:33:00,38.15692,38.647428999999995,38.65199982142857,38.68431936363636,38.75959778846154
2026-09-03 02:34:00,38.681475,38.6584,38.638725,38.685024363636366,38.754785240384614
2026-09-03 02:35:00,38.7863,38.631091999999995,38.65491178571428,38.69720109090909,38.74372692307692
2026-09-03 02:36:00,,38.61154928571428,38.65858703703704,38.703085,38.74241
2026-09-03 02:37:00,,38.60409923076923,38.66543923076923,38.703085,38.74508931372549
2026-09-03 02:38:00,38.27117,38.548418846153844,38.64970538461539,38.70124851851851,38.74107882352941
2026-09-03 02:39:00,38.3118,38.462841153846156,38.63907115384615,38.69459611111111,38.73729941176471
2026-09-03 02:40:00,39.11476,38.48541884615385,38.65668925925926,38.7049275925926,38.7409640776699
2026-09-03 02:41:00,,38.51913375,38.64411461538462,38.701227547169815,38.7447537745098
2026-09-03 02:42:00,39.09752,38.61409791666667,38.647889615384614,38.698422452830194,38.74734279411764
2026-09-03 02:43:00,39.10335,38.696567083333335,38.67202423076923,38.70760849056603,38.753183186274505
2026-09-03 02:44:00,,38.689305,38.66926,38.70480769230769,38.755311831683166
2026-09-03 02:45:00,38.30204,38.67778772727272,38.6744868,38.67687769230769,38.75874747524752
2026-09-03 02:46:00,38.868195,38.68687818181818,38.68193711538461,38.66280067307692,38.75982049019608
2026-09-03 02:47:00,38.22139,38.628629090909094,38.658100576923076,38.662288173076924,38.75200691176471
2026-09-03 02:48:00,38.14808,38.62782545454545,38.63913519230769,38.663398557692304,38.74359132352941
2026-09-03 02:49:00,,38.6224605,38.6440242,38.66941892156863,38.736404900990095
2026-09-03 02:50:00,39.65995,38.7098255,38.6625854,38.69043931372549,38.74579227722772
2026-09-03 02:51:00,39.83643,38.81224409090909,38.699855,38.714623333333336,38.75147772277228
2026-09-03 02:52:00,39.362395,38.85809,38.7260148,38.72588303921569,38.75029559405941
2026-09-03 02:53:00,38.76477,38.89922333333333,38.716805,38.72000578431373,38.74363153465347
2026-09-03 02:54:00,38.53408,38.917746666666666,38.6811958,38.71643028846154,38.73162173267327
2026-09-03 02:55:00,,38.89983636363637,38.67536020833333,38.71031147058824,38.73162173267327
2026-09-03 02:56:00,38.86988,38.89734,38.708236875000004,38.72784166666666,38.73295103960396
2026-09-03 02:57:00,38.87612,38.878890000000006,38.74649395833333,38.73069317307692,38.73084420792079
2026-09-03 02:58:00,39.09468,38.878167499999996,38.78736729166666,38.7464825,38.73441122549019
2026-09-03 02:59:00,38.59112,38.85608692307692,38.779645208333335,38.75789538461539,38.73068401960784
2026-09-03 03:00:00,38.99305,38.90924153846154,38.80315854166667,38.75731634615385,38.733231262135924
2026-09-03 03:01:00,39.23831,38.93771192307692,38.822746458333334,38.751367884615384,38.73631470873786
2026-09-03 03:02:00,,38.997405416666666,38.82103413043478,38.74366470588235,38.732307303921566
2026-09-03 03:03:00,39.04139,39.07184791666667,38.859489347826084,38.745573529411764,38.73643303921569
2026-09-03 03:04:00,38.721445,39.04489384615385,38.86122717391304,38.739069117647055,38.736287524271845
2026-09-03 03:05:00,38.948975000000004,38.99020346153846,38.8683,38.75114568627451,38.730280728155336
2026-09-03 03:06:00,38.92973,38.9204573076923,38.870859583333335,38.75848,38.729570145631065
2026-09-03 03:07:00,38.58857,38.86093230769231,38.859567999999996,38.76060039215686,38.728214375
2026-09-03 03:08:00,38.81944,38.86513769230769,38.8814988,38.76332960784313,38.72716038461538
2026-09-03 03:09:00,38.904915,38.893663461538466,38.9052234,38.76953794117647,38.73594052884616
2026-09-03 03:10:00,,38.893663461538466,38.896492708333334,38.76953794117647,38.74398655339806
2026-09-03 03:11:00,38.16653,38.839559615384616,38.8672942,38.75351637254902,38.743969757281555
2026-09-03 03:12:00,39.02817,38.85125576923077,38.864520199999994,38.754081078431376,38.74798645631068
2026-09-03 03:13:00,,38.830970416666666,38.85456895833333,38.7596457,38.74475142156863
2026-09-03 03:14:00,38.86615,38.853889583333334,38.855032200000004,38.7621461,38.74011083333333
2026-09-03 03:15:00,39.648095,38.908476666666665,38.9088744,38.7916806,38.73936274509804
2026-09-03 03:16:00,39.97047,38.96949,38.952965400000004,38.81479411764706,38.74101044117647
2026-09-03 03:17:00,38.75277,38.95281923076924,38.974220599999995,38.81306137254902,38.73744338235294
2026-09-03 03:18:00,38.816125,38.93549115384615,39.0009424,38.816491666666664,38.73759372549019
2026-09-03 03:19:00,38.31145,38.90395307692308,38.974423461538464,38.812463039215686,38.73478245098039
2026-09-03 03:20:00,38.71894,38.88625807692308,38.93823076923077,38.803110490196076,38.73753705882353
2026-09-03 03:21:00,39.11507,38.900515,38.91048615384615,38.807235588235294,38.741491764705884
2026-09-03 03:22:00,39.039199999999994,38.935178846153846,38.89805557692308,38.8137218627451,38.74914
2026-09-03 03:23:00,38.6281,38.92046038461538,38.89279903846154,38.80652745098039,38.74796485436893
2026-09-03 03:24:00,38.93393,38.92269230769231,38.908177884615384,38.796912156862746,38.755317475728155
2026-09-03 03:25:00,39.01961,38.929615,38.912305,38.80080156862745,38.75785875
2026-09-03 03:26:00,39.16763,39.00112214285714,38.92333277777778,38.822111176470585,38.76848951923077
2026-09-03 03:27:00,38.52695,38.96532071428572,38.910400555555555,38.83326803921569,38.77426048076923
2026-09-03 03:28:00,,38.96532071428572,38.90331288461538,38.847659,38.77426048076923
2026-09-03 03:29:00,38.75672,38.95750428571428,38.90968211538461,38.8472644,38.77589586538461
2026-09-03 03:30:00,38.538345,38.87823642857143,38.89219346153846,38.8494567,38.7712175
2026-09-03 03:31:00,38.18048,38.75038,38.85150769230769,38.837702300000004,38.765591428571426
2026-09-03 03:32:00,39.19241,38.78178285714286,38.8641337037037,38.8443079,38.76564742857143
2026-09-03 03:33:00,39.42310500000001,38.825138571428575,38.8782712962963,38.869631600000005,38.772563285714284
2026-09-03 03:34:00,38.50384,38.838880714285715,38.87021185185185,38.8660789,38.77124080952381
2026-09-03 03:35:00,38.995720000000006,38.858650714285716,38.87194314814815,38.8702673,38.77961357142857
2026-09-03 03:36:00,,38.83892615384615,38.86972057692308,38.8702673,38.783461105769234
2026-09-03 03:37:00,39.37447,38.86471615384615,38.8999475,38.88015362745098,38.78908976190477
2026-09-03 03:38:00,39.07375,38.89899692307693,38.90972865384616,38.89589049019608,38.7957889047619
2026-09-03 03:39:00,38.61105,38.87416,38.89842615384616,38.9017581372549,38.795217666666666
2026-09-03 03:40:00,38.29587,38.81848769230769,38.876109259259266,38.88570147058824,38.79273204761905
2026-09-03 03:41:00,39.019315,38.80707884615385,38.907693888888886,38.88827096153846,38.79385857142857
2026-09-03 03:42:00,39.38605,38.87316346153846,38.92094870370371,38.893819615384615,38.79519057142857
2026-09-03 03:43:00,38.88081,38.87370964285714,38.91951517857143,38.889540000000004,38.7977079047619
2026-09-03 03:44:00,39.205659999999995,38.90577678571429,38.93164053571429,38.89550452830189,38.80106419047619
2026-09-03 03:45:00,39.41001,38.96803857142857,38.923137499999996,38.9164096226415,38.797784285714286
2026-09-03 03:46:00,38.81987,39.013709285714285,38.88204464285714,38.91549783018868,38.79035257142857
2026-09-03 03:47:00,39.02543,39.001782142857145,38.8917825,38.930668396226416,38.797756285714286
2026-09-03 03:48:00,38.49943,38.935805357142854,38.88047196428572,38.93729764150943,38.80165238095238
2026-09-03 03:49:00,38.57206,38.94067821428571,38.88977946428571,38.93053398148148,38.80370666666666
2026-09-03 03:50:00,38.41075,38.898894642857144,38.87877267857142,38.90740064814814,38.80201942857143
2026-09-03 03:51:00,37.81232,38.82645633333333,38.83224589285714,38.86991712962963,38.79448871428571
2026-09-03 03:52:00,37.78865,38.720735000000005,38.787583392857144,38.840773703703704,38.78496966666667
2026-09-03 03:53:00,38.41713,38.676960333333334,38.78004875,38.83433592592593,38.77880414285714
2026-09-03 03:54:00,38.92132,38.697645,38.779598392857146,38.84150703703703,38.780148632075466
2026-09-03 03:55:00,39.0653,38.74894033333333,38.781230178571434,38.845576,38.78049589622642
2026-09-03 03:56:00,38.64638,38.724078,38.76261410714285,38.84151236363636,38.78682174528302
2026-09-03 03:57:00,,38.67679428571429,38.77134240740741,38.84087148148148,38.78682174528302
2026-09-03 03:58:00,38.54877,38.653077142857136,38.76339339285715,38.83076203703704,38.78941735849057
2026-09-03 03:59:00,38.508505,38.60328035714286,38.75452857142857,38.82923212962963,38.794236745283015
2026-09-03 04:00:00,,38.541224230769224,38.76253537037037,38.82614122641509,38.79205652380952
2026-09-03 04:01:00,38.837050000000005,38.54254576923077,38.786852777777774,38.818570283018865,38.7852890952381
2026-09-03 04:02:00,,38.502305416666665,38.77125442307692,38.818570283018865,38.78183774038462
2026-09-03 04:03:00,38.82455,38.52939875,38.74823307692308,38.814478962264154,38.78068879807692
2026-09-03 04:04:00,38.656405,38.536427499999995,38.75410096153846,38.813251792452824,38.77687375
2026-09-03 04:05:00,39.50745,38.62781916666667,38.773782884615386,38.82378905660377,38.78816586538461
2026-09-03 04:06:00,38.974824999999996,38.72469458333333,38.78122888888888,38.824639905660376,38.79219610576923
2026-09-03 04:07:00,38.770435,38.80651,38.758857222222225,38.82807132075472,38.794984615384614
2026-09-03 04:08:00,,38.841908181818184,38.74674596153846,38.828237307692305,38.79609854368932
2026-09-03 04:09:00,,38.833967,38.7521738,38.82673382352941,38.79813588235294
2026-09-03 04:10:00,38.839659999999995,38.811403,38.773925399999996,38.82698240384615,38.79853902912621
2026-09-03 04:11:00,38.62873,38.80963799999999,38.758302,38.835870865384614,38.79509339805825
2026-09-03 04:12:00,38.47374,38.779101818181815,38.7218096,38.825208749999994,38.789990194174756
2026-09-03 04:13:00,,38.802135,38.71518458333333,38.825208749999994,38.79307
2026-09-03 04:14:00,38.23337,38.774621499999995,38.6746725,38.81303990384616,38.788091960784314
2026-09-03 04:15:00,38.30663,38.73207681818182,38.62869833333333,38.7872425,38.78941803921569
2026-09-03 04:16:00,38.81036,38.72965045454546,38.62830208333333,38.764932692307696,38.789621359223304
2026-09-03 04:17:00,38.7451,38.73093791666667,38.61662166666667,38.76478519230769,38.78868893203884
2026-09-03 04:18:00,38.20129,38.678999583333336,38.60419916666667,38.752961442307694,38.78441815533981
2026-09-03 04:19:00,,38.681053636363636,38.60559652173913,38.76161852941176,38.78704078431373
2026-09-03 04:20:00,38.61125,38.59958090909091,38.614313913043475,38.759506960784314,38.7813087254902
2026-09-03 04:21:00,38.478575,38.55446727272727,38.643281521739134,38.74702666666666,38.777131127450986
2026-09-03 04:22:00,38.93233,38.569185,38.69300673913044,38.744931176470594,38.77932651960784
2026-09-03 04:23:00,38.70567,38.58055875,38.70555195652174,38.746452156862745,38.77648980392157
2026-09-03 04:24:00,38.1768,38.549500384615385,38.67318152173913,38.73160647058824,38.76425931372549
2026-09-03 04:25:00,38.15579,38.496895,38.63363760869565,38.714668823529415,38.75773519607843
2026-09-03 04:26:00,39.06326,38.530320384615386,38.65176282608696,38.712622352941175,38.76736676470588
2026-09-03 04:27:00,38.74482,38.551172692307695,38.65564020833333,38.71689431372549,38.775081176470586
2026-09-03 04:28:00,38.80381,38.56921821428572,38.666266875,38.718565769230764,38.78184676470588
2026-09-03 04:29:00,38.43215,38.583416785714284,38.66308541666667,38.71232403846154,38.7784712745098
2026-09-03 04:30:00,38.00038,38.56154178571428,38.636577200000005,38.70197855769231,38.77427176470588
2026-09-03 04:31:00,,38.54240192307692,38.62822416666666,38.71220401960784,38.77433188118812
2026-09-03 04:32:00,38.522014999999996,38.525241538461536,38.6239758,38.699059019607844,38.770964405940596
2026-09-03 04:33:00,38.72893,38.56582923076923,38.620151,38.68544774509804,38.776627871287126
2026-09-03 04:34:00,38.62233,38.569865,38.618787999999995,38.687771078431375,38.776042277227724
2026-09-03 04:35:00,38.46286,38.55926571428571,38.5770044,38.677322843137254,38.7728399009901
2026-09-03 04:36:00,39.3424,38.6209675,38.5917074,38.69011278846154,38.77842382352941
2026-09-03 04:37:00,39.68269,38.67456464285714,38.6281976,38.696040096153844,38.78720310679612
2026-09-03 04:38:00,,38.67217192307692,38.6281976,38.68863401960784,38.79226225490196
2026-09-03 04:39:00,39.19108,38.750193461538466,38.64984692307692,38.700007156862746,38.80088264705882
2026-09-03 04:40:00,38.52509,38.778601153846154,38.637748076923074,38.704501666666665,38.79510156862745
2026-09-03 04:41:00,,38.75487958333333,38.6381088,38.6982054,38.79510156862745
2026-09-03 04:42:00,38.9744,38.774011249999994,38.658135200000004,38.6899724,38.79389450980392
2026-09-03 04:43:00,38.57158,38.75465875,38.65480615384616,38.6837878,38.788681078431374
2026-09-03 04:44:00,38.227535,38.7376075,38.65458173076923,38.6642253,38.78323305825243
2026-09-03 04:45:00,39.083,38.82782583333333,38.68444211538461,38.6576851,38.79081519417476
2026-09-03 04:46:00,39.36864,38.86942692307692,38.705914423076926,38.668660499999994,38.79567388349515
2026-09-03 04:47:00,39.35479,38.93348653846154,38.72936403846153,38.6752477,38.80667776699029
2026-09-03 04:48:00,38.39029,38.907437307692305,38.73663326923077,38.6730649,38.80902932038835
2026-09-03 04:49:00,38.49909,38.89795730769231,38.727835370370364,38.6716055,38.806049134615385
2026-09-03 04:50:00,39.2363,38.95745269230769,38.75098537037037,38.6881165,38.80197557692308
2026-09-03 04:51:00,38.64293,38.90364730769231,38.757072592592586,38.704728700000004,38.79049961538462
2026-09-03 04:52:00,38.13213,38.78437346153846,38.72743555555556,38.7115983,38.778670144230766
2026-09-03 04:53:00,38.3904,38.7562325,38.715758888888885,38.7110637,38.77507043269231
2026-09-03 04:54:00,38.29417,38.6921675,38.72010592592592,38.698520699999996,38.77276360576923
2026-09-03 04:55:00,38.577795,38.695932142857146,38.73573574074074,38.688770600000005,38.77090676190476
2026-09-03 04:56:00,,38.695932142857146,38.723138653846156,38.689635714285714,38.76995509615385
2026-09-03 04:57:00,38.64145,38.67215,38.719162884615386,38.688672,38.76769865384615
2026-09-03 04:58:00,38.084450000000004,38.63735500000001,38.69149519230769,38.6793856,38.75798490384615
2026-09-03 04:59:00,,38.66887961538462,38.701869,38.682872959183676,38.75960495145631
2026-09-03 05:00:00,38.77268,38.64500884615385,38.732761,38.6846691,38.757465436893206
2026-09-03 05:01:00,38.05756,38.544156538461536,38.70679173076923,38.6690793,38.7460018446602
2026-09-03 05:02:00,37.954454999999996,38.43643846153846,38.6849625,38.655067058823526,38.73839081730769
2026-09-03 05:03:00,38.88726,38.474666923076924,38.691052115384615,38.65629666666666,38.73690879807692
2026-09-03 05:04:00,38.92265,38.50724846153846,38.70260288461539,38.66151715686274,38.73884346153846
2026-09-03 05:05:00,38.47369,38.44858615384615,38.703019423076924,38.64124735294117,38.73427341346154
2026-09-03 05:06:00,38.91272,38.46933923076923,38.686493269230766,38.64002960784314,38.73410985576923
2026-09-03 05:07:00,39.1753,38.54958307692308,38.66697826923077,38.6479681372549,38.73975149038462
2026-09-03 05:08:00,38.22722,38.53703076923077,38.65069092592593,38.63987682692307,38.73405706730769
2026-09-03 05:09:00,37.64687,38.48723846153847,38.593497962962964,38.6211408490566,38.721960480769226
2026-09-03 05:10:00,37.89784,38.43493423076923,38.57026648148148,38.60337066037736,38.714111714285714
2026-09-03 05:11:00,38.43514,38.43494892857143,38.56544053571429,38.599718018867925,38.71666990476191
2026-09-03 05:12:00,38.94744,38.456805357142855,38.56447767857143,38.608655754716985,38.71590104761905
2026-09-03 05:13:00,39.419124999999994,38.55213928571429,38.594747142857145,38.62366444444445,38.72253523584906
2026-09-03 05:14:00,38.99955,38.581966666666666,38.62231910714286,38.63785296296296,38.723793726415096
2026-09-03 05:15:00,39.408825,38.62437633333333,38.63395571428571,38.658263981481475,38.72153646226415
2026-09-03 05:16:00,38.67002,38.665207,38.609005,38.65566509259259,38.70926806603774
2026-09-03 05:17:00,38.63023,38.71025866666666,38.583127857142856,38.65353787037037,38.70811202830188
2026-09-03 05:18:00,38.62959,38.69308066666667,38.591674285714284,38.66146935185185,38.706352264150944
2026-09-03 05:19:00,,38.67668285714286,38.59510333333333,38.66146935185185,38.71011323809524
2026-09-03 05:20:00,,38.6922976923077,38.57044192307692,38.66241688679246,38.710028365384616
2026-09-03 05:21:00,38.83064,38.685983846153846,38.57766153846154,38.66905962264151,38.707293461538455
2026-09-03 05:22:00,38.49613,38.633739999999996,38.59166153846154,38.66082943396226,38.702071634615386
2026-09-03 05:23:00,38.69918,38.67004461538461,38.60353769230769,38.66070698113207,38.702755096153844
2026-09-03 05:24:00,37.74066,38.67725923076923,38.582248846153846,38.6524779245283,38.69128134615384
2026-09-03 05:25:00,38.21231,38.70144923076923,38.568191730769236,38.65354433962264,38.68351884615385
2026-09-03 05:26:00,,38.723641666666666,38.568191730769236,38.645665192307696,38.67881873786408
2026-09-03 05:27:00,39.3563,38.757713333333335,38.59568596153846,38.657424423076925,38.68687067961165
2026-09-03 05:28:00,39.21317,38.74055041666667,38.639098269230765,38.665296730769235,38.691931249999996
2026-09-03 05:29:00,38.5591,38.703846250000005,38.63613537037037,38.66773807692307,38.69003105769231
2026-09-03 05:30:00,38.47562,38.62607916666666,38.625133148148144,38.67687730769231,38.68942793269231
2026-09-03 05:31:00,38.94031,38.648603333333334,38.65782759259259,38.681847735849054,38.696733990384615
2026-09-03 05:32:00,38.31303,38.62217,38.67110814814814,38.67790462264151,38.68827841346154
2026-09-03 05:33:00,38.45729,38.60781166666667,38.65518333333333,38.67277933962264,38.67899173076923
2026-09-03 05:34:00,39.23523,38.65607461538462,38.66676037037037,38.68434349056604,38.686024326923075
2026-09-03 05:35:00,38.654815,38.65598464285715,38.673468703703705,38.68796528301887,38.68274639423077
2026-09-03 05:36:00,,38.64254961538462,38.664266730769235,38.675380000000004,38.68274639423077
2026-09-03 05:37:00,39.42861,38.714278846153846,38.674009423076924,38.670493846153846,38.68326697115385
2026-09-03 05:38:00,38.83191,38.72448884615385,38.69726673076923,38.67353943396227,38.68094158653847
2026-09-03 05:39:00,39.11143,38.82993269230769,38.75359596153846,38.672036603773584,38.6857529326923
2026-09-03 05:40:00,39.00038,38.89055346153846,38.79600134615385,38.68100433962264,38.692527067307694
2026-09-03 05:41:00,39.063045,38.90287428571428,38.82015153846154,38.68807916666666,38.69294754807692
2026-09-03 05:42:00,,38.86799538461538,38.815059999999995,38.68267688679245,38.68621839805825
2026-09-03 05:43:00,38.52227,38.81484923076923,38.7791858,38.68174650943396,38.68273742718446
2026-09-03 05:44:00,,38.83616166666666,38.770003958333334,38.690481346153845,38.67761073529412
2026-09-03 05:45:00,39.13589,38.89118416666667,38.758631666666666,38.691498461538465,38.67492328431372
2026-09-03 05:46:00,39.06491,38.9015675,38.77508541666666,38.6856575,38.6773256372549
2026-09-03 05:47:00,38.59706,38.92523666666667,38.77370333333333,38.67108576923077,38.673125931372546
2026-09-03 05:48:00,38.905915,38.962622083333336,38.785216874999996,38.681001634615384,38.67711107843137
2026-09-03 05:49:00,38.79492,38.925929583333335,38.785605000000004,38.686690673076924,38.67929598039216
2026-09-03 05:50:00,38.62148,38.92315166666667,38.7792925,38.67486721153846,38.681361960784315
2026-09-03 05:51:00,38.13161,38.862263846153844,38.75240673076923,38.66503413461538,38.68449225490196
2026-09-03 05:52:00,38.14764,38.76372769230769,38.739003269230764,38.66533240384615,38.68801176470588
2026-09-03 05:53:00,37.96363,38.696936923076926,38.71071288461538,38.657125288461536,38.68356568627451
2026-09-03 05:54:00,,38.662395833333335,38.749514999999995,38.66424205882353,38.681211683168314
2026-09-03 05:55:00,38.841165000000004,38.649127916666664,38.7746692,38.66940617647058,38.67899252475247
2026-09-03 05:56:00,38.60089,38.610615,38.76798538461538,38.66808855769231,38.67854212871287
2026-09-03 05:57:00,,38.610615,38.7444528,38.668610882352944,38.67854212871287
2026-09-03 05:58:00,39.54929,38.6962,38.7578976,38.69733323529412,38.68844826732673
2026-09-03 05:59:00,38.88906,38.711035384615386,38.771096,38.701020288461535,38.69221613861386
2026-09-03 06:00:00,38.93897,38.69588769230769,38.78963,38.704218173076924,38.694635294117646
2026-09-03 06:01:00,38.42363,38.64655846153846,38.7689628,38.71125798076923,38.690582156862746
2026-09-03 06:02:00,,38.65068333333333,38.78796,38.72609725490196,38.690582156862746
2026-09-03 06:03:00,38.54139,38.62030625,38.791464166666664,38.719315490196074,38.68780607843138
2026-09-03 06:04:00,38.85697,38.62547708333333,38.77570333333333,38.718027647058825,38.68977240196078
2026-09-03 06:05:00,39.3635,38.68731208333333,38.805231875,38.735474901960785,38.68836112745098
2026-09-03 06:06:00,38.605345,38.72679,38.7972364,38.72944794117647,38.6847387745098
2026-09-03 06:07:00,39.13515,38.8090825,38.785498,38.72866068627451,38.68831441176471
2026-09-03 06:08:00,,38.88594181818182,38.783564166666665,38.7386895,38.68831441176471
2026-09-03 06:09:00,38.52217,38.8556275,38.75901166666667,38.7561955,38.686701359223306
2026-09-03 06:10:00,38.57861,38.83374791666667,38.74143791666666,38.769810899999996,38.68416689320389
2026-09-03 06:11:00,38.20217,38.80052125,38.705568125,38.765151499999995,38.68002553398058
2026-09-03 06:12:00,38.51942,38.77889807692308,38.6981222,38.7565911,38.68046902912621
2026-09-03 06:13:00,37.982515,38.65837692307692,38.676531999999995,38.7278589,38.673757932692304
2026-09-03 06:14:00,38.7985,38.65141076923077,38.681223076923075,38.72383790000001,38.679191875
2026-09-03 06:15:00,38.94958,38.652226923076924,38.67405730769231,38.714653000000006,38.68537408653846
2026-09-03 06:16:00,38.37717,38.648653076923075,38.64760576923077,38.708796,38.68120879807692
2026-09-03 06:17:00,38.71698,38.65353357142857,38.65221807692308,38.710531,38.68093841346154
2026-09-03 06:18:00,38.63139,38.65996214285714,38.64165942307692,38.710567,38.685073990384616
2026-09-03 06:19:00,,38.64480769230769,38.635529,38.710567,38.685073990384616
2026-09-03 06:20:00,38.82655,38.60350384615385,38.6437318,38.71284117647059,38.68714418269231
2026-09-03 06:21:00,38.736064999999996,38.61355923076923,38.66791,38.71098676470588,38.68962004807692
2026-09-03 06:22:00,,38.57009333333333,38.68958791666667,38.7152839,38.6872636407767
2026-09-03 06:23:00,38.34222,38.55256461538461,38.7053625,38.7081447,38.683735
2026-09-03 06:24:00,38.50967,38.55160307692308,38.6975348,38.7235249,38.68696674757282
2026-09-03 06:25:00,,38.5493525,38.69155020833333,38.733957857142855,38.6921743627451
2026-09-03 06:26:00,39.066,38.621338333333334,38.710929791666665,38.7405987,38.6922012254902
2026-09-03 06:27:00,38.51744,38.62117333333333,38.7031902,38.7238215,38.689972009803924
2026-09-03 06:28:00,38.84242,38.692832083333336,38.6749154,38.7164065,38.690350539215686
2026-09-03 06:29:00,39.16991,38.72378291666667,38.6861494,38.7286227,38.697583480392154
2026-09-03 06:30:00,39.568979999999996,38.77539958333333,38.7113498,38.750489900000005,38.71296191176471
2026-09-03 06:31:00,,38.81160227272728,38.723338125,38.74661602040817,38.71296191176471
2026-09-03 06:32:00,,38.8210645,38.723338125,38.755649062500005,38.714852475247525
2026-09-03 06:33:00,38.78643,38.8365685,38.733548125,38.762506145833335,38.71542178217822
2026-09-03 06:34:00,39.18886,38.868595,38.747376875,38.76154010416666,38.72103099009901
2026-09-03 06:35:00,38.60945,38.84885863636364,38.715958125,38.760595,38.72248237623763
2026-09-03 06:36:00,38.40538,38.81879636363636,38.70762625,38.753345714285715,38.71320495049505
2026-09-03 06:37:00,,38.81879636363636,38.689038260869566,38.73927770833333,38.703510099999995
2026-09-03 06:38:00,38.13483,38.79994272727272,38.66594625,38.724755208333335,38.6978796039604
2026-09-03 06:39:00,38.85233,38.83109363636364,38.67970291666666,38.71935729166666,38.694525643564354
2026-09-03 06:40:00,,38.83109363636364,38.68409826086957,38.71337808510638,38.69622
2026-09-03 06:41:00,39.104575,38.83460045454545,38.723333260869566,38.714261702127665,38.70026311881188
2026-09-03 06:42:00,38.08176,38.794993181818185,38.70430456521739,38.70108458333333,38.6914250990099
2026-09-03 06:43:00,38.33905,38.749232272727276,38.719806086956524,38.6972675,38.68912282178218
2026-09-03 06:44:00,38.57703,38.69533409090909,38.71017695652174,38.69481367346938,38.69258316831684
2026-09-03 06:45:00,38.6272,38.609717727272724,38.696160434782605,38.68443224489796,38.688070297029704
2026-09-03 06:46:00,39.337875,38.6703975,38.7379302173913,38.69000295918368,38.6877656930693
2026-09-03 06:47:00,,38.6703975,38.7388825,38.69193927083334,38.68109545
2026-09-03 06:48:00,38.76934,38.668973333333334,38.74515295454545,38.68909395833334,38.68488595
2026-09-03 06:49:00,37.540115,38.53157791666667,38.69276,38.6629521875,38.6752962
2026-09-03 06:50:00,38.4259,38.51628208333334,38.675340434782605,38.65887760416667,38.6671922
2026-09-03 06:51:00,,38.52636409090909,38.672580227272725,38.67009606382979,38.66743727272727
2026-09-03 06:52:00,38.06292,38.48774375,38.646073260869564,38.6682935106383,38.66673818181818
2026-09-03 06:53:00,38.00797,38.47717208333333,38.63154065217391,38.66923691489362,38.662875252525254
2026-09-03 06:54:00,39.1025,38.49801958333333,38.65731586956522,38.67826322916667,38.6710402020202
2026-09-03 06:55:00,39.07424,38.54234423076923,38.67468770833333,38.68311895833333,38.676054797979795
2026-09-03 06:56:00,38.92852,38.52880153846154,38.668959375,38.689944583333336,38.67857945
2026-09-03 06:57:00,37.76396,38.50435538461539,38.637564375,38.67104693877551,38.66980455
2026-09-03 06:58:00,37.72253,38.45693076923077,38.590902291666666,38.63376612244898,38.66618535
2026-09-03 06:59:00,38.27451,38.433659999999996,38.55359395833334,38.621224285714284,38.66230737623762
2026-09-03 07:00:00,37.97168,38.38323538461538,38.48703979166667,38.60148367346939,38.654376683168316
2026-09-03 07:01:00,37.68577,38.25615038461538,38.454989,38.58642530612245,38.6506955940594
2026-09-03 07:02:00,38.07536,38.24323678571428,38.44038788461539,38.576204000000004,38.65189267326733
2026-09-03 07:03:00,37.73318,38.16922535714286,38.39987826923077,38.5600398,38.64046613861386
2026-09-03 07:04:00,37.58234,38.17224142857143,38.33808903846154,38.5345472,38.62719574257426
2026-09-03 07:05:00,38.6292,38.18676285714286,38.338848653846156,38.5198612,38.62873544554456
2026-09-03 07:06:00,,38.18676285714286,38.3361874,38.51811663265306,38.62589560000001
2026-09-03 07:07:00,,38.19628923076924,38.3361874,38.505261770833336,38.62034606060606
2026-09-03 07:08:00,38.52299,38.23590615384615,38.3517138,38.50562357142857,38.62333363636364
2026-09-03 07:09:00,37.98052,38.1496,38.3168414,38.49456948979592,38.62670383838384
2026-09-03 07:10:00,37.96156,38.06400923076923,38.30317673076923,38.48197663265306,38.627347474747474
2026-09-03 07:11:00,,37.99196666666666,38.2711208,38.4878059375,38.629308775510204
2026-09-03 07:12:00,38.73799,38.07313583333333,38.29737,38.492359479166666,38.627171530612245
2026-09-03 07:13:00,,38.105009090909086,38.295633333333335,38.503207234042556,38.61900706185567
2026-09-03 07:14:00,38.644365,38.13863227272727,38.298438958333335,38.499927765957445,38.61534536082475
2026-09-03 07:15:00,38.47458,38.18435045454546,38.292079791666666,38.48982138297872,38.60571396907217
2026-09-03 07:16:00,38.03153,38.21578318181818,38.23764875,38.48246734042553,38.59913159793815
2026-09-03 07:17:00,38.28545,38.23488227272727,38.2395608,38.47328585106383,38.59557716494845
2026-09-03 07:18:00,39.47501,38.39323045454545,38.2677876,38.49123521276596,38.604292835051545
2026-09-03 07:19:00,39.4299,38.561190454545454,38.343379,38.510790729166665,38.61271739795918
2026-09-03 07:20:00,39.375575,38.629042727272726,38.381366,38.522228750000004,38.62042303030303
2026-09-03 07:21:00,39.012685,38.66101291666667,38.4056475,38.527991666666665,38.62226186868687
2026-09-03 07:22:00,,38.66101291666667,38.41935659999999,38.527991666666665,38.62354892857143
2026-09-03 07:23:00,38.847735,38.688075000000005,38.4529472,38.538523229166664,38.62506479591837
2026-09-03 07:24:00,38.42228,38.72488833333333,38.4257384,38.53670260416667,38.63202010204082
2026-09-03 07:25:00,38.4437,38.76506666666666,38.4005168,38.53480459183674,38.63438122448979
2026-09-03 07:26:00,38.172325,38.71947115384615,38.370269,38.516566326530615,38.62971398989899
2026-09-03 07:27:00,38.75642,38.72088884615385,38.4099674,38.521443469387755,38.6236545959596
2026-09-03 07:28:00,39.54856,38.780008214285715,38.483008600000005,38.535854489795916,38.627042373737375
2026-09-03 07:29:00,,38.79044230769231,38.491696041666664,38.522645,38.627735663265305
2026-09-03 07:30:00,39.073615,38.83652192307692,38.537609999999994,38.51232489583333,38.63383765306122
2026-09-03 07:31:00,38.43363,38.867452692307694,38.56877083333333,38.51071887755102,38.62866744897959
2026-09-03 07:32:00,38.28508,38.86742423076923,38.577509166666665,38.5062061,38.628382244897956
2026-09-03 07:33:00,38.64361,38.80347038461539,38.615443750000004,38.5033497,38.63028346938775
2026-09-03 07:34:00,38.98135,38.768966538461534,38.67373583333333,38.4991995,38.627692857142854
2026-09-03 07:35:00,38.75842,38.721493076923075,38.679120000000005,38.5021789,38.62875005102041
2026-09-03 07:36:00,38.14872,38.65503423076923,38.657904,38.4970457,38.62390126262627
2026-09-03 07:37:00,38.33831,38.63241107142857,38.64561192307693,38.493933235294115,38.612888131313134
2026-09-03 07:38:00,38.99054,38.642611428571435,38.66359461538461,38.5107118627451,38.614490454545454
2026-09-03 07:39:00,,38.659560000000006,38.6909176,38.503879500000004,38.60941964285714
2026-09-03 07:40:00,38.15069,38.63702076923077,38.6984828,38.49695421568627,38.600749336734694
2026-09-03 07:41:00,37.748095,38.60438769230769,38.66192942307693,38.47035656862745,38.58733147959184
2026-09-03 07:42:00,38.05557,38.550476153846155,38.6356825,38.46984303921568,38.581960151515155
2026-09-03 07:43:00,39.114325,38.51707346153846,38.653409999999994,38.48504450980392,38.587940505050504
2026-09-03 07:44:00,38.39445,38.508314642857144,38.64415388888889,38.48146450980392,38.5860056
2026-09-03 07:45:00,38.6895,38.48087785714286,38.65211388888889,38.48268607843137,38.5815417
2026-09-03 07:46:00,38.81856,38.50837285714285,38.681263148148155,38.47250343137255,38.5790782
2026-09-03 07:47:00,38.90629,38.552745,38.70425722222222,38.480845480769226,38.582170500000004
2026-09-03 07:48:00,39.17393,38.590624999999996,38.693106111111106,38.48862605769231,38.58485065
2026-09-03 07:49:00,,38.56056923076923,38.66476788461539,38.507224313725494,38.582728737373735
2026-09-03 07:50:00,38.90928,38.572173846153845,38.646833461538456,38.516702352941174,38.58563580808081
2026-09-03 07:51:00,38.7104,38.61538,38.63520711538462,38.52042730769231,38.59148217171717
2026-09-03 07:52:00,39.30728,38.689916153846156,38.66009870370371,38.54435730769231,38.603195707070704
2026-09-03 07:53:00,39.10309,38.69857384615385,38.66955629629629,38.56541730769231,38.6147054040404
2026-09-03 07:54:00,38.702844999999996,38.69887892857143,38.67994759259259,38.557731634615386,38.6155868
2026-09-03 07:55:00,38.97439,38.757714642857145,38.69960277777778,38.55581144230769,38.61691905
2026-09-03 07:56:00,38.49437,38.81102,38.71153037037037,38.547462403846154,38.61585385
2026-09-03 07:57:00,38.78938,38.863434999999996,38.71275111111112,38.56718201923077,38.61757193069307
2026-09-03 07:58:00,39.00558,38.855667499999996,38.692640740740735,38.59185605769231,38.61218866336634
2026-09-03 07:59:00,,38.89114576923077,38.692640740740735,38.598078529411765,38.60941995
2026-09-03 08:00:00,38.53122,38.878970384615386,38.672552037037036,38.60904990196079,38.605342449999995
2026-09-03 08:01:00,38.49538,38.85411038461538,38.67483907407408,38.62492460784314,38.60605995
2026-09-03 08:02:00,39.404345,38.89242230769231,38.71629333333333,38.6509831372549,38.61396376237624
2026-09-03 08:03:00,38.46829,38.83814230769231,38.7098,38.66539705882353,38.61324
2026-09-03 08:04:00,,38.83814230769231,38.69935576923077,38.6870582,38.6108027
2026-09-03 08:05:00,38.99113,38.844438461538466,38.70830615384615,38.694296800000004,38.607079
2026-09-03 08:06:00,39.6908,38.91985384615385,38.76761692307693,38.71383607843137,38.617933550000004
2026-09-03 08:07:00,39.14782,38.90758769230769,38.79875192307692,38.722181923076924,38.61806025
2026-09-03 08:08:00,38.76171,38.88132769230769,38.78995076923077,38.7267726923077,38.61948252475248
2026-09-03 08:09:00,39.12788,38.91402269230769,38.80246666666667,38.74883730769231,38.62547965346535
2026-09-03 08:10:00,38.90385,38.90859653846154,38.83036148148148,38.76695826923077,38.62869985148515
2026-09-03 08:11:00,39.13007,38.95749653846154,38.88154574074074,38.77380943396226,38.63788698019802
2026-09-03 08:12:00,39.20805,38.98970192307692,38.92423018518519,38.78267849056604,38.644705099009904
2026-09-03 08:13:00,38.70677,38.96671653846154,38.90913555555556,38.78127277777777,38.65187594059406
2026-09-03 08:14:00,,38.96671653846154,38.92893115384615,38.78385594339622,38.6504097
2026-09-03 08:15:00,39.15752,39.014893461538456,38.946931923076924,38.79674160377358,38.652489100000004
2026-09-03 08:16:00,39.037955,39.05663,38.95537019230769,38.81573075471698,38.65909695
2026-09-03 08:17:00,,39.02765375,38.957333399999996,38.82592846153846,38.65851227272727
2026-09-03 08:18:00,38.54012,39.03363958333333,38.931981,38.80794980769231,38.657590353535355
2026-09-03 08:19:00,38.758565,39.01248,38.92531115384615,38.79503951923077,38.6586001
2026-09-03 08:20:00,39.11736,39.02219,38.93331423076923,38.790073846153845,38.6615082
2026-09-03 08:21:00,38.78068,38.95218076923077,38.93601730769231,38.785612211538464,38.66195435
2026-09-03 08:22:00,39.13512,38.951203846153845,38.92939576923077,38.792206698113205,38.66663915841584
2026-09-03 08:23:00,39.52267,39.00973923076923,38.94553346153846,38.804941320754715,38.67832678217822
2026-09-03 08:24:00,39.09218,39.006993076923074,38.96050788461538,38.81758094339623,38.68409420792079
2026-09-03 08:25:00,39.21857,39.031202307692304,38.96989942307692,38.83220113207547,38.68933416666667
2026-09-03 08:26:00,38.84905,39.009585384615384,38.98354096153846,38.84496952830188,38.68720720588235
2026-09-03 08:27:00,38.41578,38.94864153846154,38.969171730769226,38.838542358490564,38.686210539215686
2026-09-03 08:28:00,38.969094999999996,38.968820384615384,38.96776846153846,38.82760905660378,38.68745245098039
2026-09-03 08:29:00,39.35132,38.99614178571428,38.981974074074074,38.837307407407415,38.68923098039216
2026-09-03 08:30:00,38.8285,38.97264035714286,38.992984444444446,38.832768240740734,38.68197137254902
2026-09-03 08:31:00,38.09364,38.905189285714286,38.978105185185186,38.82647212962962,38.67625941747573
2026-09-03 08:32:00,38.321425,38.86627166666666,38.937997037037036,38.82714518518519,38.67284754807692
2026-09-03 08:33:00,38.34944,38.85355966666667,38.93359518518518,38.82169759259259,38.668645721153844
2026-09-03 08:34:00,,38.860345,38.93359518518518,38.818685283018866,38.663595097087374
2026-09-03 08:35:00,39.08451,38.857998571428574,38.937053703703704,38.8248379245283,38.66820733009709
2026-09-03 08:36:00,38.63397,38.847519285714284,38.89791185185185,38.83399358490566,38.67042665048544
2026-09-03 08:37:00,38.74394,38.81957785714286,38.88295333333334,38.84164698113207,38.67113350961539
2026-09-03 08:38:00,,38.76549384615385,38.88761653846154,38.83878365384615,38.676340339805826
2026-09-03 08:39:00,38.34441,38.70797307692308,38.85748307692308,38.8294558490566,38.6714090776699
2026-09-03 08:40:00,39.30913,38.71493923076923,38.87307076923077,38.85131320754717,38.67754100961538
2026-09-03 08:41:00,39.16242,38.739044615384614,38.874314999999996,38.87799858490566,38.67809721153846
2026-09-03 08:42:00,39.24046,38.802481538461535,38.87556153846154,38.900355000000005,38.68923855769231
2026-09-03 08:43:00,39.64429,38.854419615384614,38.91162,38.91035433962264,38.701788942307694
2026-09-03 08:44:00,39.57061,38.87128807692307,38.936027037037036,38.93254603773585,38.71134259615384
2026-09-03 08:45:00,,38.87485375,38.927508076923075,38.937219999999996,38.712159514563105
2026-09-03 08:46:00,38.85152,38.938010416666664,38.9203375,38.93785384615384,38.707437621359226
2026-09-03 08:47:00,,38.994063636363634,38.9203375,38.93847274509804,38.707437621359226
2026-09-03 08:48:00,,39.058526,38.9355462,38.9337636,38.70683073529412
2026-09-03 08:49:00,39.04737,39.057511818181815,38.9470984,38.93599117647059,38.72160774509804
2026-09-03 08:50:00,38.895575,39.040335909090906,38.938227,38.93572245098039,38.72621240196079
2026-09-03 08:51:00,39.08857,39.081663181818186,38.9505426,38.94313754901961,38.7297304368932
2026-09-03 08:52:00,39.50453,39.15080772727273,38.965319,38.94700519607843,38.743726650485435
2026-09-03 08:53:00,39.58715,39.187169583333336,38.9678982,38.95649656862745,38.75905849514563
2026-09-03 08:54:00,39.452615,39.27952,38.9823156,38.97119794117647,38.762457669902915
2026-09-03 08:55:00,39.69978,39.31207416666667,39.001564,38.985421274509804,38.76853087378641
2026-09-03 08:56:00,39.66671,39.35409833333333,39.0342704,39.008408333333335,38.77569776699029
2026-09-03 08:57:00,38.871335,39.32333791666667,39.0524926,39.01001529411764,38.78644898058253
2026-09-03 08:58:00,38.935215,39.264248333333335,39.0511374,39.00863558823529,38.79822262135922
2026-09-03 08:59:00,38.73713,39.19479166666667,39.026569800000004,39.00341432692307,38.802714077669904
2026-09-03 09:00:00,38.53186,39.14379692307693,39.0147042,39.00342663461539,38.80815271844661
2026-09-03 09:01:00,38.60012,39.12445846153847,39.0349634,39.005440865384614,38.81702990291262
2026-09-03 09:02:00,,39.12445846153847,39.06469416666667,38.99761921568628,38.82430117647059
2026-09-03 09:03:00,39.08158,39.12139571428572,39.0952,39.00964450980392,38.837520784313725
2026-09-03 09:04:00,39.1856,39.13126928571428,39.098816,39.01302826923077,38.85323901960785
2026-09-03 09:05:00,39.29946,39.16011821428572,39.107414000000006,39.018957692307694,38.85981019607843
2026-09-03 09:06:00,38.93406,39.14908178571428,39.1194176,39.004405000000006,38.86053106796116
2026-09-03 09:07:00,,39.12173961538461,39.1350625,39.00159294117647,38.86053106796116
2026-09-03 09:08:00,39.069925,39.08195307692308,39.132457,39.00763637254902,38.86584111650485
2026-09-03 09:09:00,38.4184,39.00239807692307,39.1354166,38.993725,38.87009237864078
2026-09-03 09:10:00,38.651675,38.921774615384614,39.1091184,38.98878039215686,38.87679252427185
2026-09-03 09:11:00,39.2327,38.88838923076923,39.111929599999996,38.99079274509804,38.880214711538464
2026-09-03 09:12:00,39.27205,38.91921346153846,39.1131932,38.99204764705882,38.885349903846155
2026-09-03 09:13:00,38.87406,38.914509230769234,39.082384,38.995327843137254,38.88524238095238
2026-09-03 09:14:00,39.11816,38.94381923076923,39.064285999999996,38.99769,38.889754714285715
2026-09-03 09:15:00,39.34914,39.00668692307692,39.07524192307692,39.001375,38.89808385714286
2026-09-03 09:16:00,38.93013,39.03207230769231,39.078265384615385,38.99930144230769,38.90664195238095
2026-09-03 09:17:00,39.14515,39.040149285714286,39.08074259259259,39.00205330188679,38.91482957142858
2026-09-03 09:18:00,38.68835,39.01206142857143,39.06672857142858,39.00485009433962,38.90733757142857
2026-09-03 09:19:00,38.9167,38.99285428571428,39.062061785714285,39.0078337735849,38.90244995238095
2026-09-03 09:20:00,39.97723,39.041266428571426,39.100692321428575,39.024057735849055,38.90818
2026-09-03 09:21:00,,39.04951307692308,39.10114129629629,39.02873807692308,38.90717514423077
2026-09-03 09:22:00,39.55306,39.085480714285715,39.1029387037037,39.03677538461538,38.91332642857142
2026-09-03 09:23:00,39.67805,39.12891821428571,39.10630537037037,39.039763461538456,38.92123419047619
2026-09-03 09:24:00,39.97125,39.23983607142857,39.125514074074076,39.05666865384615,38.935986285714286
2026-09-03 09:25:00,40.19151,39.34982428571429,39.1437262962963,39.07537903846154,38.952632095238094
2026-09-03 09:26:00,,39.35883384615385,39.12361153846154,39.0798168627451,38.96013504807692
2026-09-03 09:27:00,37.982405,39.259630384615384,39.08942192307693,39.07131931372549,38.952692596153845
2026-09-03 09:28:00,,39.29176125,39.0955902,39.0733638,38.94690747572815
2026-09-03 09:29:00,38.14716,39.21084458333333,39.071991399999995,39.0492806,38.939217596153846
2026-09-03 09:30:00,38.31021,39.12426708333333,39.063125400000004,39.0389148,38.931877163461536
2026-09-03 09:31:00,39.124245,39.14044333333333,39.0840904,39.059526899999994,38.93851769230769
2026-09-03 09:32:00,38.908429999999996,39.12071666666666,39.07733423076923,39.071267000000006,38.94451144230769
2026-09-03 09:33:00,38.87043,39.135889999999996,39.06921307692308,39.0816868,38.94669240384615
2026-09-03 09:34:00,39.23331,39.16227416666667,39.07104807692308,39.084659803921575,38.94911509615385
2026-09-03 09:35:00,39.07828,39.087361666666666,39.062541153846155,39.08453764705882,38.95219067307692
2026-09-03 09:36:00,38.9666,39.07807230769231,39.06379269230769,39.091059803921574,38.96005490384615
2026-09-03 09:37:00,38.52423,38.99893153846154,39.04380888888889,39.08675176470588,38.96184259615384
2026-09-03 09:38:00,38.63588,38.91876461538462,39.027733148148144,39.078081153846156,38.95843240384615
2026-09-03 09:39:00,39.55743,38.886932307692305,39.069919444444444,39.10140846153846,38.96413714285714
2026-09-03 09:40:00,39.42465,38.82794307692308,39.09854814814815,39.10363,38.97627009523809
2026-09-03 09:41:00,39.38767,38.86792357142857,39.10428777777778,39.10796173076923,38.991885095238096
2026-09-03 09:42:00,39.46581,38.97388107142857,39.11146407407408,39.112295384615386,39.005315952380954
2026-09-03 09:43:00,39.51711,39.01009633333333,39.13528074074074,39.10984961538462,39.009152
2026-09-03 09:44:00,39.486959999999996,39.09941633333333,39.14894,39.10824096153846,39.01955685714285
2026-09-03 09:45:00,39.874075000000005,39.203674,39.16838203703704,39.12269066037736,39.03083852380952
2026-09-03 09:46:00,39.26204,39.21286033333333,39.180675,39.13043632075472,39.03506214285714
2026-09-03 09:47:00,38.9767,39.21741166666666,39.17443611111111,39.12758935185185,39.035732714285714
2026-09-03 09:48:00,38.41763,39.187225000000005,39.164409444444445,39.114681000000004,39.02852985714286
2026-09-03 09:49:00,38.63458,39.14730966666666,39.15396055555556,39.107175727272725,39.02481334905661
2026-09-03 09:50:00,39.06653,39.146526333333334,39.12023092592593,39.110284,39.026296839622646
2026-09-03 09:51:00,39.23126,39.16417033333334,39.124196250000004,39.11287836363636,39.03121061320755
2026-09-03 09:52:00,,39.209880357142865,39.10831240740741,39.10562555555556,39.02858138095238
2026-09-03 09:53:00,38.90152,39.228854642857144,39.07955203703704,39.0929287037037,39.02666166666666
2026-09-03 09:54:00,38.68165,39.16629892857143,39.03178907407408,39.07865157407408,39.02645980952381
2026-09-03 09:55:00,,39.14642576923077,38.987184423076926,39.06693216981132,39.026960480769226
2026-09-03 09:56:00,38.70767,39.094118076923074,38.97683203703704,39.0488370754717,39.02901144230769
2026-09-03 09:57:00,38.29282,39.003888076923076,38.98832888888889,39.03792169811321,39.02423682692308
2026-09-03 09:58:00,39.333585,38.98977076923077,39.00065946428572,39.04543811320755,39.02739072115384
2026-09-03 09:59:00,39.05315,38.95640076923077,39.03301625,39.05140075471698,39.02763604761905
2026-09-03 10:00:00,38.83252,38.87628115384616,39.05167017857143,39.05707358490566,39.03050557142857
2026-09-03 10:01:00,,38.844134583333336,39.04898222222222,39.06586115384615,39.035651009615385
2026-09-03 10:02:00,,38.832083181818184,39.054388076923075,39.06586115384615,39.03207145631068
2026-09-03 10:03:00,39.188265,38.90214090909091,39.0666125,39.06791278846154,39.03906150485437
2026-09-03 10:04:00,39.14474,38.948519090909095,39.063205961538465,39.06712701923077,39.04007764423077
2026-09-03 10:05:00,38.59528,38.90567818181818,39.04462903846154,39.053585096153846,39.03627139423077
2026-09-03 10:06:00,39.21091,38.90382818181818,39.05402557692308,39.058909134615384,39.03165706730769
2026-09-03 10:07:00,39.33782,38.939994166666665,39.0853175,39.06417160377358,39.03348399038462
2026-09-03 10:08:00,,38.94349181818182,39.103294999999996,39.06406096153846,39.036122572815536
2026-09-03 10:09:00,39.48649,39.016659090909094,39.1004574,39.08460115384615,39.03960422330097
2026-09-03 10:10:00,38.80986,38.99942583333334,39.075865799999995,39.08764317307693,39.03869169902912
2026-09-03 10:11:00,,39.025949090909094,39.062873958333334,39.08479892156863,39.037795833333334
2026-09-03 10:12:00,38.45953,39.041104545454544,39.020945625,39.068867156862744,39.03045740196078
2026-09-03 10:13:00,39.02181,39.012761363636365,39.000308125,39.07176421568627,39.03354602941177
2026-09-03 10:14:00,38.70531,38.981139545454546,38.967739375,39.06366911764706,39.03035927184466
2026-09-03 10:15:00,,38.9960015,38.92833347826087,39.0579597,39.02911259803922
2026-09-03 10:16:00,39.13498,39.008635909090906,38.92280913043478,39.0620567,39.03006382352941
2026-09-03 10:17:00,,39.008635909090906,38.920359545454545,39.06036091836735,39.03006382352941
2026-09-03 10:18:00,38.755725,38.96931409090909,38.9357275,39.06173591836735,39.03217759803922
2026-09-03 10:19:00,39.472415,38.99910272727272,38.97381090909091,39.07307704081632,39.03917612745098
2026-09-03 10:20:00,39.89477,39.11723818181818,39.011458181818185,39.07139418367347,39.04679779411765
2026-09-03 10:21:00,39.47738,39.14146272727273,39.022645454545454,39.0795139,39.05362818627451
2026-09-03 10:22:00,39.179320000000004,39.127053636363634,39.02945739130435,39.072039100000005,39.05406151960784
